{"pitchers":[{"pitcher":{,"PLAYERID":"aberal01","YEARID":"1957","STINT":"1","TEAMID":"DET","LGID":"AL","W":"3","L":"3","G":"28","GS":"0","CG":"0","SHO":"0","SV":"1","IPOUTS":"111","H":"46","ER":"28","HR":"6","BB":"11","SO":"15","BAOPP":"0.31","ERA":"6.81","IBB":"3","WP":"0","HBP":"1","BK":"0","BFP":"167","GF":"13","R":"33","SH":"-1","SF":"-1","GIDP":"-1"}},{"pitcher":{,"PLAYERID":"aberal01","YEARID":"1957","STINT":"2","TEAMID":"KC1","LGID":"AL","W":"0","L":"0","G":"3","GS":"0","CG":"0","SHO":"0","SV":"0","IPOUTS":"9","H":"6","ER":"4","HR":"2","BB":"2","SO":"0","BAOPP":"0.4","ERA":"12.0","IBB":"0","WP":"1","HBP":"0","BK":"0","BFP":"17","GF":"0","R":"4","SH":"-1","SF":"-1","GIDP":"-1"}},{"pitcher":{,"PLAYERID":"abernte02","YEARID":"1957","STINT":"1","TEAMID":"WS1","LGID":"AL","W":"2","L":"10","G":"26","GS":"16","CG":"2","SHO":"0","SV":"0","IPOUTS":"255","H":"100","ER":"64","HR":"9","BB":"65","SO":"50","BAOPP":"0.31","ERA":"6.78","IBB":"1","WP":"1","HBP":"4","BK":"2","BFP":"398","GF":"4","R":"65","SH":"-1","SF":"-1","GIDP":"-1"}},{"pitcher":{,"PLAYERID":"ackerto01","YEARID":"1957","STINT":"1","TEAMID":"CIN","LGID":"NL","W":"10","L":"5","G":"49","GS":"6","CG":"1","SHO":"0","SV":"4","IPOUTS":"326","H":"122","ER":"60","HR":"16","BB":"41","SO":"67","BAOPP":"0.29","ERA":"4.97","IBB":"8","WP":"3","HBP":"8","BK":"0","BFP":"486","GF":"17","R":"63","SH":"-1","SF":"-1","GIDP":"-1"}},{"pitcher":{,"PLAYERID":"aguirha01","YEARID":"1957","STINT":"1","TEAMID":"CLE","LGID":"AL","W":"1","L":"1","G":"10","GS":"1","CG":"0","SHO":"0","SV":"0","IPOUTS":"61","H":"26","ER":"13","HR":"0","BB":"13","SO":"9","BAOPP":"0.31","ERA":"5.75","IBB":"3","WP":"5","HBP":"0","BK":"0","BFP":"100","GF":"4","R":"15","SH":"-1","SF":"-1","GIDP":"-1"}},{"pitcher":{,"PLAYERID":"alexabo01","YEARID":"1957","STINT":"1","TEAMID":"CLE","LGID":"AL","W":"0","L":"1","G":"5","GS":"0","CG":"0","SHO":"0","SV":"0","IPOUTS":"21","H":"10","ER":"7","HR":"0","BB":"5","SO":"1","BAOPP":"0.35","ERA":"9.0","IBB":"2","WP":"1","HBP":"1","BK":"0","BFP":"35","GF":"3","R":"7","SH":"-1","SF":"-1","GIDP":"-1"}},{"pitcher":{,"PLAYERID":"amorvi01","YEARID":"1957","STINT":"1","TEAMID":"CIN","LGID":"NL","W":"1","L":"2","G":"9","GS":"4","CG":"1","SHO":"0","SV":"0","IPOUTS":"82","H":"39","ER":"18","HR":"2","BB":"10","SO":"9","BAOPP":"0.34","ERA":"5.93","IBB":"1","WP":"0","HBP":"2","BK":"0","BFP":"130","GF":"2","R":"19","SH":"-1","SF":"-1","GIDP":"-1"}},{"pitcher":{,"PLAYERID":"anderbo01","YEARID":"1957","STINT":"1","TEAMID":"CHN","LGID":"NL","W":"0","L":"1","G":"8","GS":"0","CG":"0","SHO":"0","SV":"0","IPOUTS":"49","H":"20","ER":"14","HR":"2","BB":"8","SO":"7","BAOPP":"0.31","ERA":"7.71","IBB":"1","WP":"0","HBP":"1","BK":"1","BFP":"76","GF":"2","R":"16","SH":"-1","SF":"-1","GIDP":"-1"}},{"pitcher":{,"PLAYERID":"antonjo02","YEARID":"1957","STINT":"1","TEAMID":"NY1","LGID":"NL","W":"12","L":"18","G":"40","GS":"30","CG":"8","SHO":"3","SV":"0","IPOUTS":"637","H":"228","ER":"89","HR":"19","BB":"67","SO":"114","BAOPP":"0.27","ERA":"3.77","IBB":"7","WP":"3","HBP":"3","BK":"0","BFP":"915","GF":"6","R":"98","SH":"-1","SF":"-1","GIDP":"-1"}},{"pitcher":{,"PLAYERID":"arroylu01","YEARID":"1957","STINT":"1","TEAMID":"PIT","LGID":"NL","W":"3","L":"11","G":"54","GS":"10","CG":"0","SHO":"0","SV":"1","IPOUTS":"392","H":"151","ER":"68","HR":"19","BB":"31","SO":"101","BAOPP":"0.28","ERA":"4.68","IBB":"9","WP":"6","HBP":"7","BK":"0","BFP":"585","GF":"15","R":"76","SH":"-1","SF":"-1","GIDP":"-1"}},{"pitcher":{,"PLAYERID":"barclcu01","YEARID":"1957","STINT":"1","TEAMID":"NY1","LGID":"NL","W":"9","L":"9","G":"37","GS":"28","CG":"5","SHO":"2","SV":"0","IPOUTS":"549","H":"196","ER":"70","HR":"21","BB":"48","SO":"67","BAOPP":"0.27","ERA":"3.44","IBB":"4","WP":"1","HBP":"2","BK":"0","BFP":"779","GF":"2","R":"85","SH":"-1","SF":"-1","GIDP":"-1"}},{"pitcher":{,"PLAYERID":"barnefr02","YEARID":"1957","STINT":"1","TEAMID":"SLN","LGID":"NL","W":"0","L":"1","G":"3","GS":"1","CG":"0","SHO":"0","SV":"0","IPOUTS":"30","H":"13","ER":"5","HR":"0","BB":"9","SO":"5","BAOPP":"0.31","ERA":"4.5","IBB":"1","WP":"3","HBP":"0","BK":"0","BFP":"50","GF":"0","R":"5","SH":"-1","SF":"-1","GIDP":"-1"}},{"pitcher":{,"PLAYERID":"baumafr01","YEARID":"1957","STINT":"1","TEAMID":"BOS","LGID":"AL","W":"1","L":"0","G":"4","GS":"1","CG":"0","SHO":"0","SV":"0","IPOUTS":"36","H":"13","ER":"5","HR":"1","BB":"3","SO":"7","BAOPP":"0.27","ERA":"3.75","IBB":"0","WP":"0","HBP":"1","BK":"0","BFP":"52","GF":"1","R":"5","SH":"-1","SF":"-1","GIDP":"-1"}},{"pitcher":{,"PLAYERID":"beamoch01","YEARID":"1957","STINT":"1","TEAMID":"BAL","LGID":"AL","W":"0","L":"0","G":"4","GS":"1","CG":"0","SHO":"0","SV":"0","IPOUTS":"26","H":"8","ER":"5","HR":"1","BB":"7","SO":"5","BAOPP":"0.22","ERA":"5.19","IBB":"0","WP":"0","HBP":"1","BK":"0","BFP":"43","GF":"1","R":"6","SH":"-1","SF":"-1","GIDP":"-1"}},{"pitcher":{,"PLAYERID":"bessedo01","YEARID":"1957","STINT":"1","TEAMID":"BRO","LGID":"NL","W":"1","L":"3","G":"27","GS":"0","CG":"0","SHO":"0","SV":"0","IPOUTS":"132","H":"58","ER":"28","HR":"5","BB":"19","SO":"24","BAOPP":"0.32","ERA":"5.73","IBB":"3","WP":"1","HBP":"0","BK":"0","BFP":"204","GF":"16","R":"28","SH":"-1","SF":"-1","GIDP":"-1"}},{"pitcher":{,"PLAYERID":"blackjo02","YEARID":"1957","STINT":"1","TEAMID":"WS1","LGID":"AL","W":"0","L":"1","G":"7","GS":"0","CG":"0","SHO":"0","SV":"0","IPOUTS":"38","H":"22","ER":"10","HR":"4","BB":"1","SO":"2","BAOPP":"0.39","ERA":"7.11","IBB":"0","WP":"0","HBP":"0","BK":"0","BFP":"60","GF":"5","R":"11","SH":"-1","SF":"-1","GIDP":"-1"}},{"pitcher":{,"PLAYERID":"blakeed01","YEARID":"1957","STINT":"1","TEAMID":"KC1","LGID":"AL","W":"0","L":"0","G":"2","GS":"0","CG":"0","SHO":"0","SV":"0","IPOUTS":"5","H":"1","ER":"1","HR":"1","BB":"2","SO":"0","BAOPP":"0.16","ERA":"5.4","IBB":"1","WP":"1","HBP":"0","BK":"0","BFP":"8","GF":"1","R":"1","SH":"-1","SF":"-1","GIDP":"-1"}},{"pitcher":{,"PLAYERID":"breweto01","YEARID":"1957","STINT":"1","TEAMID":"BOS","LGID":"AL","W":"16","L":"13","G":"32","GS":"32","CG":"15","SHO":"2","SV":"0","IPOUTS":"715","H":"225","ER":"102","HR":"24","BB":"93","SO":"128","BAOPP":"0.25","ERA":"3.85","IBB":"9","WP":"7","HBP":"7","BK":"0","BFP":"1013","GF":"0","R":"113","SH":"-1","SF":"-1","GIDP":"-1"}},{"pitcher":{,"PLAYERID":"briggjo01","YEARID":"1957","STINT":"1","TEAMID":"CHN","LGID":"NL","W":"0","L":"1","G":"3","GS":"0","CG":"0","SHO":"0","SV":"0","IPOUTS":"13","H":"7","ER":"6","HR":"2","BB":"3","SO":"1","BAOPP":"0.36","ERA":"12.46","IBB":"0","WP":"0","HBP":"0","BK":"0","BFP":"23","GF":"0","R":"6","SH":"-1","SF":"-1","GIDP":"-1"}},{"pitcher":{,"PLAYERID":"brododi01","YEARID":"1957","STINT":"1","TEAMID":"WS1","LGID":"AL","W":"0","L":"1","G":"6","GS":"0","CG":"0","SHO":"0","SV":"0","IPOUTS":"34","H":"12","ER":"14","HR":"2","BB":"10","SO":"4","BAOPP":"0.26","ERA":"11.12","IBB":"0","WP":"1","HBP":"1","BK":"0","BFP":"57","GF":"2","R":"15","SH":"-1","SF":"-1","GIDP":"-1"}},{"pitcher":{,"PLAYERID":"brosnji01","YEARID":"1957","STINT":"1","TEAMID":"CHN","LGID":"NL","W":"5","L":"5","G":"41","GS":"5","CG":"1","SHO":"0","SV":"0","IPOUTS":"296","H":"79","ER":"37","HR":"11","BB":"46","SO":"73","BAOPP":"0.21","ERA":"3.38","IBB":"4","WP":"2","HBP":"1","BK":"0","BFP":"413","GF":"17","R":"38","SH":"-1","SF":"-1","GIDP":"-1"}},{"pitcher":{,"PLAYERID":"brownha01","YEARID":"1957","STINT":"1","TEAMID":"BAL","LGID":"AL","W":"7","L":"8","G":"25","GS":"20","CG":"7","SHO":"2","SV":"1","IPOUTS":"450","H":"132","ER":"65","HR":"17","BB":"37","SO":"62","BAOPP":"0.23","ERA":"3.9","IBB":"3","WP":"3","HBP":"2","BK":"1","BFP":"608","GF":"2","R":"68","SH":"-1","SF":"-1","GIDP":"-1"}},{"pitcher":{,"PLAYERID":"brunege01","YEARID":"1957","STINT":"1","TEAMID":"KC1","LGID":"AL","W":"0","L":"1","G":"4","GS":"2","CG":"0","SHO":"0","SV":"0","IPOUTS":"34","H":"13","ER":"7","HR":"2","BB":"4","SO":"3","BAOPP":"0.27","ERA":"5.56","IBB":"0","WP":"1","HBP":"0","BK":"1","BFP":"51","GF":"1","R":"7","SH":"-1","SF":"-1","GIDP":"-1"}},{"pitcher":{,"PLAYERID":"buhlbo01","YEARID":"1957","STINT":"1","TEAMID":"ML1","LGID":"NL","W":"18","L":"7","G":"34","GS":"31","CG":"14","SHO":"2","SV":"0","IPOUTS":"650","H":"191","ER":"66","HR":"15","BB":"121","SO":"117","BAOPP":"0.24","ERA":"2.74","IBB":"4","WP":"3","HBP":"0","BK":"0","BFP":"926","GF":"0","R":"77","SH":"-1","SF":"-1","GIDP":"-1"}},{"pitcher":{,"PLAYERID":"bunniji01","YEARID":"1957","STINT":"1","TEAMID":"DET","LGID":"AL","W":"20","L":"8","G":"45","GS":"30","CG":"14","SHO":"1","SV":"1","IPOUTS":"802","H":"214","ER":"80","HR":"33","BB":"72","SO":"182","BAOPP":"0.21","ERA":"2.69","IBB":"5","WP":"4","HBP":"11","BK":"1","BFP":"1081","GF":"4","R":"91","SH":"-1","SF":"-1","GIDP":"-1"}},{"pitcher":{,"PLAYERID":"burdele01","YEARID":"1957","STINT":"1","TEAMID":"ML1","LGID":"NL","W":"17","L":"9","G":"37","GS":"33","CG":"14","SHO":"1","SV":"0","IPOUTS":"770","H":"260","ER":"106","HR":"25","BB":"59","SO":"78","BAOPP":"0.26","ERA":"3.72","IBB":"8","WP":"2","HBP":"2","BK":"0","BFP":"1067","GF":"3","R":"117","SH":"-1","SF":"-1","GIDP":"-1"}},{"pitcher":{,"PLAYERID":"burnewa01","YEARID":"1957","STINT":"1","TEAMID":"KC1","LGID":"AL","W":"7","L":"12","G":"38","GS":"9","CG":"1","SHO":"0","SV":"1","IPOUTS":"339","H":"115","ER":"54","HR":"8","BB":"44","SO":"57","BAOPP":"0.26","ERA":"4.3","IBB":"3","WP":"1","HBP":"1","BK":"2","BFP":"486","GF":"13","R":"62","SH":"-1","SF":"-1","GIDP":"-1"}},{"pitcher":{,"PLAYERID":"burnspe01","YEARID":"1957","STINT":"1","TEAMID":"NY1","LGID":"NL","W":"1","L":"4","G":"10","GS":"9","CG":"1","SHO":"1","SV":"0","IPOUTS":"92","H":"47","ER":"30","HR":"5","BB":"13","SO":"18","BAOPP":"0.35","ERA":"8.8","IBB":"0","WP":"0","HBP":"1","BK":"1","BFP":"150","GF":"1","R":"30","SH":"-1","SF":"-1","GIDP":"-1"}},{"pitcher":{,"PLAYERID":"byerlbu01","YEARID":"1957","STINT":"1","TEAMID":"WS1","LGID":"AL","W":"6","L":"6","G":"47","GS":"0","CG":"0","SHO":"0","SV":"6","IPOUTS":"285","H":"94","ER":"33","HR":"6","BB":"22","SO":"39","BAOPP":"0.26","ERA":"3.13","IBB":"5","WP":"2","HBP":"1","BK":"0","BFP":"398","GF":"33","R":"38","SH":"-1","SF":"-1","GIDP":"-1"}},{"pitcher":{,"PLAYERID":"byrdha01","YEARID":"1957","STINT":"1","TEAMID":"DET","LGID":"AL","W":"4","L":"3","G":"37","GS":"1","CG":"0","SHO":"0","SV":"5","IPOUTS":"177","H":"53","ER":"22","HR":"6","BB":"28","SO":"20","BAOPP":"0.24","ERA":"3.36","IBB":"4","WP":"1","HBP":"2","BK":"0","BFP":"252","GF":"18","R":"23","SH":"-1","SF":"-1","GIDP":"-1"}},{"pitcher":{,"PLAYERID":"byrneto01","YEARID":"1957","STINT":"1","TEAMID":"NYA","LGID":"AL","W":"4","L":"6","G":"30","GS":"4","CG":"1","SHO":"0","SV":"2","IPOUTS":"254","H":"70","ER":"41","HR":"8","BB":"60","SO":"57","BAOPP":"0.22","ERA":"4.36","IBB":"2","WP":"3","HBP":"7","BK":"0","BFP":"383","GF":"16","R":"41","SH":"-1","SF":"-1","GIDP":"-1"}},{"pitcher":{,"PLAYERID":"cardwdo01","YEARID":"1957","STINT":"1","TEAMID":"PHI","LGID":"NL","W":"4","L":"8","G":"30","GS":"19","CG":"5","SHO":"1","SV":"1","IPOUTS":"385","H":"122","ER":"70","HR":"17","BB":"42","SO":"92","BAOPP":"0.25","ERA":"4.91","IBB":"1","WP":"1","HBP":"4","BK":"0","BFP":"540","GF":"7","R":"71","SH":"-1","SF":"-1","GIDP":"-1"}},{"pitcher":{,"PLAYERID":"ceccaar01","YEARID":"1957","STINT":"1","TEAMID":"BAL","LGID":"AL","W":"0","L":"5","G":"20","GS":"8","CG":"1","SHO":"0","SV":"0","IPOUTS":"174","H":"62","ER":"29","HR":"3","BB":"31","SO":"30","BAOPP":"0.27","ERA":"4.5","IBB":"3","WP":"2","HBP":"2","BK":"2","BFP":"263","GF":"4","R":"34","SH":"-1","SF":"-1","GIDP":"-1"}},{"pitcher":{,"PLAYERID":"chakabo01","YEARID":"1957","STINT":"1","TEAMID":"WS1","LGID":"AL","W":"0","L":"1","G":"4","GS":"2","CG":"0","SHO":"0","SV":"0","IPOUTS":"55","H":"20","ER":"11","HR":"2","BB":"10","SO":"12","BAOPP":"0.27","ERA":"5.4","IBB":"1","WP":"2","HBP":"0","BK":"0","BFP":"85","GF":"1","R":"13","SH":"-1","SF":"-1","GIDP":"-1"}},{"pitcher":{,"PLAYERID":"chakabo01","YEARID":"1957","STINT":"2","TEAMID":"BOS","LGID":"AL","W":"0","L":"2","G":"18","GS":"0","CG":"0","SHO":"0","SV":"3","IPOUTS":"96","H":"53","ER":"29","HR":"5","BB":"11","SO":"16","BAOPP":"0.37","ERA":"8.16","IBB":"0","WP":"1","HBP":"1","BK":"0","BFP":"155","GF":"12","R":"30","SH":"-1","SF":"-1","GIDP":"-1"}},{"pitcher":{,"PLAYERID":"cheneto01","YEARID":"1957","STINT":"1","TEAMID":"SLN","LGID":"NL","W":"0","L":"1","G":"4","GS":"3","CG":"0","SHO":"0","SV":"0","IPOUTS":"27","H":"6","ER":"5","HR":"0","BB":"15","SO":"10","BAOPP":"0.2","ERA":"5.0","IBB":"0","WP":"0","HBP":"0","BK":"0","BFP":"44","GF":"0","R":"6","SH":"-1","SF":"-1","GIDP":"-1"}},{"pitcher":{,"PLAYERID":"churnch01","YEARID":"1957","STINT":"1","TEAMID":"PIT","LGID":"NL","W":"0","L":"0","G":"5","GS":"0","CG":"0","SHO":"0","SV":"0","IPOUTS":"25","H":"9","ER":"4","HR":"1","BB":"4","SO":"4","BAOPP":"0.33","ERA":"4.32","IBB":"1","WP":"1","HBP":"0","BK":"0","BFP":"34","GF":"3","R":"4","SH":"-1","SF":"-1","GIDP":"-1"}},{"pitcher":{,"PLAYERID":"cicotal01","YEARID":"1957","STINT":"1","TEAMID":"NYA","LGID":"AL","W":"2","L":"2","G":"20","GS":"2","CG":"0","SHO":"0","SV":"2","IPOUTS":"196","H":"57","ER":"22","HR":"5","BB":"30","SO":"36","BAOPP":"0.23","ERA":"3.03","IBB":"1","WP":"3","HBP":"1","BK":"0","BFP":"275","GF":"14","R":"25","SH":"-1","SF":"-1","GIDP":"-1"}},{"pitcher":{,"PLAYERID":"clevete01","YEARID":"1957","STINT":"1","TEAMID":"WS1","LGID":"AL","W":"7","L":"6","G":"52","GS":"9","CG":"2","SHO":"0","SV":"8","IPOUTS":"419","H":"139","ER":"65","HR":"11","BB":"47","SO":"75","BAOPP":"0.26","ERA":"4.19","IBB":"4","WP":"3","HBP":"4","BK":"0","BFP":"599","GF":"24","R":"69","SH":"-1","SF":"-1","GIDP":"-1"}},{"pitcher":{,"PLAYERID":"colemri01","YEARID":"1957","STINT":"1","TEAMID":"KC1","LGID":"AL","W":"0","L":"7","G":"19","GS":"6","CG":"1","SHO":"1","SV":"0","IPOUTS":"123","H":"53","ER":"27","HR":"5","BB":"25","SO":"15","BAOPP":"0.32","ERA":"5.93","IBB":"0","WP":"2","HBP":"0","BK":"0","BFP":"194","GF":"8","R":"32","SH":"-1","SF":"-1","GIDP":"-1"}},{"pitcher":{,"PLAYERID":"colluja01","YEARID":"1957","STINT":"1","TEAMID":"CHN","LGID":"NL","W":"1","L":"1","G":"9","GS":"0","CG":"0","SHO":"0","SV":"1","IPOUTS":"32","H":"8","ER":"8","HR":"0","BB":"9","SO":"7","BAOPP":"0.21","ERA":"6.75","IBB":"1","WP":"0","HBP":"1","BK":"0","BFP":"51","GF":"4","R":"8","SH":"-1","SF":"-1","GIDP":"-1"}},{"pitcher":{,"PLAYERID":"colluja01","YEARID":"1957","STINT":"2","TEAMID":"BRO","LGID":"NL","W":"0","L":"0","G":"3","GS":"0","CG":"0","SHO":"0","SV":"0","IPOUTS":"13","H":"7","ER":"4","HR":"1","BB":"1","SO":"3","BAOPP":"0.36","ERA":"8.31","IBB":"0","WP":"0","HBP":"0","BK":"0","BFP":"21","GF":"2","R":"4","SH":"-1","SF":"-1","GIDP":"-1"}},{"pitcher":{,"PLAYERID":"conlege01","YEARID":"1957","STINT":"1","TEAMID":"ML1","LGID":"NL","W":"9","L":"9","G":"35","GS":"18","CG":"6","SHO":"1","SV":"1","IPOUTS":"444","H":"133","ER":"52","HR":"9","BB":"64","SO":"61","BAOPP":"0.24","ERA":"3.16","IBB":"5","WP":"6","HBP":"2","BK":"0","BFP":"629","GF":"6","R":"63","SH":"-1","SF":"-1","GIDP":"-1"}},{"pitcher":{,"PLAYERID":"constji01","YEARID":"1957","STINT":"1","TEAMID":"NY1","LGID":"NL","W":"1","L":"1","G":"16","GS":"0","CG":"0","SHO":"0","SV":"0","IPOUTS":"85","H":"27","ER":"9","HR":"2","BB":"7","SO":"13","BAOPP":"0.26","ERA":"2.86","IBB":"0","WP":"1","HBP":"4","BK":"0","BFP":"115","GF":"0","R":"10","SH":"-1","SF":"-1","GIDP":"-1"}},{"pitcher":{,"PLAYERID":"consusa01","YEARID":"1957","STINT":"1","TEAMID":"BAL","LGID":"AL","W":"0","L":"0","G":"5","GS":"0","CG":"0","SHO":"0","SV":"0","IPOUTS":"15","H":"4","ER":"1","HR":"0","BB":"0","SO":"0","BAOPP":"0.21","ERA":"1.8","IBB":"0","WP":"0","HBP":"0","BK":"0","BFP":"20","GF":"2","R":"1","SH":"-1","SF":"-1","GIDP":"-1"}},{"pitcher":{,"PLAYERID":"consusa01","YEARID":"1957","STINT":"2","TEAMID":"NY1","LGID":"NL","W":"0","L":"0","G":"4","GS":"0","CG":"0","SHO":"0","SV":"0","IPOUTS":"11","H":"7","ER":"1","HR":"1","BB":"1","SO":"1","BAOPP":"0.38","ERA":"2.45","IBB":"1","WP":"0","HBP":"0","BK":"0","BFP":"20","GF":"2","R":"5","SH":"-1","SF":"-1","GIDP":"-1"}},{"pitcher":{,"PLAYERID":"coxgl01","YEARID":"1957","STINT":"1","TEAMID":"KC1","LGID":"AL","W":"1","L":"0","G":"10","GS":"0","CG":"0","SHO":"0","SV":"0","IPOUTS":"43","H":"18","ER":"8","HR":"1","BB":"9","SO":"8","BAOPP":"0.32","ERA":"5.02","IBB":"1","WP":"2","HBP":"0","BK":"0","BFP":"66","GF":"3","R":"9","SH":"-1","SF":"-1","GIDP":"-1"}},{"pitcher":{,"PLAYERID":"craigro01","YEARID":"1957","STINT":"1","TEAMID":"BRO","LGID":"NL","W":"6","L":"9","G":"32","GS":"13","CG":"1","SHO":"0","SV":"0","IPOUTS":"334","H":"102","ER":"57","HR":"18","BB":"47","SO":"69","BAOPP":"0.24","ERA":"4.61","IBB":"5","WP":"2","HBP":"2","BK":"0","BFP":"465","GF":"8","R":"58","SH":"-1","SF":"-1","GIDP":"-1"}},{"pitcher":{,"PLAYERID":"crimija01","YEARID":"1957","STINT":"1","TEAMID":"DET","LGID":"AL","W":"0","L":"1","G":"4","GS":"0","CG":"0","SHO":"0","SV":"0","IPOUTS":"17","H":"9","ER":"8","HR":"1","BB":"4","SO":"1","BAOPP":"0.37","ERA":"12.71","IBB":"2","WP":"0","HBP":"0","BK":"0","BFP":"29","GF":"2","R":"8","SH":"-1","SF":"-1","GIDP":"-1"}},{"pitcher":{,"PLAYERID":"cronera01","YEARID":"1957","STINT":"2","TEAMID":"NY1","LGID":"NL","W":"4","L":"8","G":"25","GS":"17","CG":"2","SHO":"0","SV":"1","IPOUTS":"362","H":"131","ER":"58","HR":"11","BB":"40","SO":"56","BAOPP":"0.27","ERA":"4.33","IBB":"1","WP":"1","HBP":"3","BK":"0","BFP":"531","GF":"2","R":"68","SH":"-1","SF":"-1","GIDP":"-1"}},{"pitcher":{,"PLAYERID":"cronera01","YEARID":"1957","STINT":"1","TEAMID":"ML1","LGID":"NL","W":"3","L":"1","G":"11","GS":"5","CG":"2","SHO":"0","SV":"0","IPOUTS":"127","H":"54","ER":"21","HR":"8","BB":"15","SO":"15","BAOPP":"0.31","ERA":"4.46","IBB":"2","WP":"0","HBP":"0","BK":"0","BFP":"189","GF":"3","R":"23","SH":"-1","SF":"-1","GIDP":"-1"}},{"pitcher":{,"PLAYERID":"daleybu01","YEARID":"1957","STINT":"1","TEAMID":"CLE","LGID":"AL","W":"2","L":"8","G":"34","GS":"10","CG":"1","SHO":"0","SV":"2","IPOUTS":"262","H":"99","ER":"43","HR":"7","BB":"40","SO":"54","BAOPP":"0.27","ERA":"4.43","IBB":"4","WP":"3","HBP":"10","BK":"0","BFP":"409","GF":"10","R":"59","SH":"-1","SF":"-1","GIDP":"-1"}},{"pitcher":{,"PLAYERID":"daniebe02","YEARID":"1957","STINT":"1","TEAMID":"PIT","LGID":"NL","W":"0","L":"1","G":"1","GS":"1","CG":"0","SHO":"0","SV":"0","IPOUTS":"21","H":"5","ER":"1","HR":"0","BB":"3","SO":"2","BAOPP":"0.2","ERA":"1.29","IBB":"0","WP":"0","HBP":"0","BK":"0","BFP":"28","GF":"0","R":"2","SH":"-1","SF":"-1","GIDP":"-1"}},{"pitcher":{,"PLAYERID":"daniech02","YEARID":"1957","STINT":"1","TEAMID":"DET","LGID":"AL","W":"0","L":"0","G":"1","GS":"0","CG":"0","SHO":"0","SV":"0","IPOUTS":"7","H":"3","ER":"2","HR":"1","BB":"0","SO":"2","BAOPP":"0.33","ERA":"7.71","IBB":"0","WP":"0","HBP":"0","BK":"0","BFP":"9","GF":"0","R":"2","SH":"-1","SF":"-1","GIDP":"-1"}},{"pitcher":{,"PLAYERID":"davisji01","YEARID":"1957","STINT":"1","TEAMID":"SLN","LGID":"NL","W":"0","L":"1","G":"10","GS":"0","CG":"0","SHO":"0","SV":"1","IPOUTS":"41","H":"18","ER":"8","HR":"1","BB":"6","SO":"5","BAOPP":"0.34","ERA":"5.27","IBB":"0","WP":"0","HBP":"0","BK":"0","BFP":"61","GF":"4","R":"8","SH":"-1","SF":"-1","GIDP":"-1"}},{"pitcher":{,"PLAYERID":"davisji01","YEARID":"1957","STINT":"2","TEAMID":"NY1","LGID":"NL","W":"1","L":"0","G":"10","GS":"0","CG":"0","SHO":"0","SV":"0","IPOUTS":"33","H":"13","ER":"8","HR":"2","BB":"5","SO":"6","BAOPP":"0.28","ERA":"6.55","IBB":"1","WP":"0","HBP":"0","BK":"0","BFP":"52","GF":"4","R":"9","SH":"-1","SF":"-1","GIDP":"-1"}},{"pitcher":{,"PLAYERID":"delocik01","YEARID":"1957","STINT":"1","TEAMID":"BOS","LGID":"AL","W":"9","L":"8","G":"49","GS":"2","CG":"0","SHO":"0","SV":"11","IPOUTS":"282","H":"80","ER":"40","HR":"11","BB":"45","SO":"62","BAOPP":"0.23","ERA":"3.83","IBB":"7","WP":"0","HBP":"3","BK":"1","BFP":"402","GF":"33","R":"40","SH":"-1","SF":"-1","GIDP":"-1"}},{"pitcher":{,"PLAYERID":"derriji01","YEARID":"1957","STINT":"1","TEAMID":"CHA","LGID":"AL","W":"0","L":"1","G":"20","GS":"5","CG":"0","SHO":"0","SV":"0","IPOUTS":"111","H":"29","ER":"20","HR":"4","BB":"29","SO":"14","BAOPP":"0.21","ERA":"4.86","IBB":"0","WP":"1","HBP":"1","BK":"0","BFP":"166","GF":"4","R":"21","SH":"-1","SF":"-1","GIDP":"-1"}},{"pitcher":{,"PLAYERID":"dicksmu01","YEARID":"1957","STINT":"1","TEAMID":"SLN","LGID":"NL","W":"5","L":"3","G":"14","GS":"13","CG":"3","SHO":"1","SV":"0","IPOUTS":"222","H":"87","ER":"34","HR":"8","BB":"25","SO":"29","BAOPP":"0.29","ERA":"4.14","IBB":"0","WP":"3","HBP":"1","BK":"0","BFP":"326","GF":"0","R":"41","SH":"-1","SF":"-1","GIDP":"-1"}},{"pitcher":{,"PLAYERID":"ditmaar01","YEARID":"1957","STINT":"1","TEAMID":"NYA","LGID":"AL","W":"8","L":"3","G":"46","GS":"11","CG":"0","SHO":"0","SV":"6","IPOUTS":"382","H":"128","ER":"46","HR":"9","BB":"35","SO":"64","BAOPP":"0.26","ERA":"3.25","IBB":"1","WP":"1","HBP":"2","BK":"0","BFP":"532","GF":"12","R":"55","SH":"-1","SF":"-1","GIDP":"-1"}},{"pitcher":{,"PLAYERID":"donovdi01","YEARID":"1957","STINT":"1","TEAMID":"CHA","LGID":"AL","W":"16","L":"6","G":"28","GS":"28","CG":"16","SHO":"2","SV":"0","IPOUTS":"662","H":"203","ER":"68","HR":"17","BB":"45","SO":"88","BAOPP":"0.24","ERA":"2.77","IBB":"8","WP":"1","HBP":"8","BK":"2","BFP":"893","GF":"0","R":"76","SH":"-1","SF":"-1","GIDP":"-1"}},{"pitcher":{,"PLAYERID":"douglwh01","YEARID":"1957","STINT":"1","TEAMID":"PIT","LGID":"NL","W":"3","L":"3","G":"11","GS":"8","CG":"0","SHO":"0","SV":"0","IPOUTS":"141","H":"48","ER":"17","HR":"5","BB":"30","SO":"28","BAOPP":"0.27","ERA":"3.26","IBB":"2","WP":"0","HBP":"3","BK":"0","BFP":"213","GF":"1","R":"23","SH":"-1","SF":"-1","GIDP":"-1"}},{"pitcher":{,"PLAYERID":"drabomo01","YEARID":"1957","STINT":"1","TEAMID":"CHN","LGID":"NL","W":"13","L":"15","G":"36","GS":"33","CG":"12","SHO":"2","SV":"0","IPOUTS":"719","H":"214","ER":"94","HR":"22","BB":"94","SO":"170","BAOPP":"0.24","ERA":"3.53","IBB":"6","WP":"5","HBP":"10","BK":"1","BFP":"1010","GF":"2","R":"103","SH":"-1","SF":"-1","GIDP":"-1"}},{"pitcher":{,"PLAYERID":"drottdi01","YEARID":"1957","STINT":"1","TEAMID":"CHN","LGID":"NL","W":"15","L":"11","G":"38","GS":"32","CG":"7","SHO":"3","SV":"0","IPOUTS":"687","H":"200","ER":"91","HR":"22","BB":"129","SO":"170","BAOPP":"0.23","ERA":"3.58","IBB":"2","WP":"7","HBP":"7","BK":"2","BFP":"1007","GF":"3","R":"107","SH":"-1","SF":"-1","GIDP":"-1"}},{"pitcher":{,"PLAYERID":"drysddo01","YEARID":"1957","STINT":"1","TEAMID":"BRO","LGID":"NL","W":"17","L":"9","G":"34","GS":"29","CG":"9","SHO":"4","SV":"0","IPOUTS":"663","H":"197","ER":"66","HR":"17","BB":"61","SO":"148","BAOPP":"0.23","ERA":"2.69","IBB":"3","WP":"3","HBP":"7","BK":"1","BFP":"911","GF":"4","R":"76","SH":"-1","SF":"-1","GIDP":"-1"}},{"pitcher":{,"PLAYERID":"durenry01","YEARID":"1957","STINT":"1","TEAMID":"KC1","LGID":"AL","W":"0","L":"3","G":"14","GS":"6","CG":"0","SHO":"0","SV":"1","IPOUTS":"128","H":"37","ER":"25","HR":"4","BB":"30","SO":"37","BAOPP":"0.23","ERA":"5.27","IBB":"1","WP":"5","HBP":"2","BK":"0","BFP":"193","GF":"2","R":"26","SH":"-1","SF":"-1","GIDP":"-1"}},{"pitcher":{,"PLAYERID":"elstodo01","YEARID":"1957","STINT":"1","TEAMID":"BRO","LGID":"NL","W":"0","L":"0","G":"1","GS":"0","CG":"0","SHO":"0","SV":"0","IPOUTS":"3","H":"1","ER":"0","HR":"0","BB":"0","SO":"1","BAOPP":"0.25","ERA":"0.0","IBB":"0","WP":"0","HBP":"0","BK":"0","BFP":"4","GF":"1","R":"0","SH":"-1","SF":"-1","GIDP":"-1"}},{"pitcher":{,"PLAYERID":"elstodo01","YEARID":"1957","STINT":"2","TEAMID":"CHN","LGID":"NL","W":"6","L":"7","G":"39","GS":"14","CG":"2","SHO":"0","SV":"8","IPOUTS":"432","H":"139","ER":"57","HR":"15","BB":"55","SO":"102","BAOPP":"0.25","ERA":"3.56","IBB":"4","WP":"1","HBP":"5","BK":"0","BFP":"607","GF":"11","R":"61","SH":"-1","SF":"-1","GIDP":"-1"}},{"pitcher":{,"PLAYERID":"erskica01","YEARID":"1957","STINT":"1","TEAMID":"BRO","LGID":"NL","W":"5","L":"3","G":"15","GS":"7","CG":"1","SHO":"0","SV":"0","IPOUTS":"198","H":"62","ER":"26","HR":"8","BB":"20","SO":"26","BAOPP":"0.24","ERA":"3.55","IBB":"1","WP":"4","HBP":"0","BK":"0","BFP":"274","GF":"3","R":"27","SH":"-1","SF":"-1","GIDP":"-1"}},{"pitcher":{,"PLAYERID":"facero01","YEARID":"1957","STINT":"1","TEAMID":"PIT","LGID":"NL","W":"4","L":"6","G":"59","GS":"1","CG":"0","SHO":"0","SV":"10","IPOUTS":"281","H":"97","ER":"32","HR":"9","BB":"24","SO":"53","BAOPP":"0.27","ERA":"3.07","IBB":"5","WP":"2","HBP":"1","BK":"0","BFP":"395","GF":"32","R":"41","SH":"-1","SF":"-1","GIDP":"-1"}},{"pitcher":{,"PLAYERID":"farretu01","YEARID":"1957","STINT":"1","TEAMID":"PHI","LGID":"NL","W":"10","L":"2","G":"52","GS":"0","CG":"0","SHO":"0","SV":"10","IPOUTS":"250","H":"74","ER":"22","HR":"2","BB":"36","SO":"54","BAOPP":"0.24","ERA":"2.38","IBB":"9","WP":"2","HBP":"2","BK":"1","BFP":"353","GF":"32","R":"29","SH":"-1","SF":"-1","GIDP":"-1"}},{"pitcher":{,"PLAYERID":"ferrado01","YEARID":"1957","STINT":"1","TEAMID":"BAL","LGID":"AL","W":"1","L":"1","G":"8","GS":"2","CG":"0","SHO":"0","SV":"0","IPOUTS":"57","H":"14","ER":"10","HR":"1","BB":"12","SO":"13","BAOPP":"0.2","ERA":"4.74","IBB":"1","WP":"0","HBP":"0","BK":"0","BFP":"83","GF":"3","R":"13","SH":"-1","SF":"-1","GIDP":"-1"}},{"pitcher":{,"PLAYERID":"fischbi01","YEARID":"1957","STINT":"1","TEAMID":"CHA","LGID":"AL","W":"7","L":"8","G":"33","GS":"11","CG":"3","SHO":"1","SV":"1","IPOUTS":"372","H":"139","ER":"48","HR":"1","BB":"35","SO":"48","BAOPP":"0.29","ERA":"3.48","IBB":"6","WP":"5","HBP":"3","BK":"0","BFP":"525","GF":"7","R":"50","SH":"-1","SF":"-1","GIDP":"-1"}},{"pitcher":{,"PLAYERID":"fordwh01","YEARID":"1957","STINT":"1","TEAMID":"NYA","LGID":"AL","W":"11","L":"5","G":"24","GS":"17","CG":"5","SHO":"0","SV":"0","IPOUTS":"388","H":"114","ER":"37","HR":"10","BB":"53","SO":"84","BAOPP":"0.23","ERA":"2.57","IBB":"3","WP":"2","HBP":"1","BK":"2","BFP":"539","GF":"2","R":"46","SH":"-1","SF":"-1","GIDP":"-1"}},{"pitcher":{,"PLAYERID":"fornimi01","YEARID":"1957","STINT":"2","TEAMID":"BOS","LGID":"AL","W":"8","L":"7","G":"25","GS":"18","CG":"7","SHO":"1","SV":"2","IPOUTS":"376","H":"136","ER":"49","HR":"7","BB":"38","SO":"64","BAOPP":"0.27","ERA":"3.52","IBB":"3","WP":"1","HBP":"3","BK":"0","BFP":"556","GF":"4","R":"61","SH":"-1","SF":"-1","GIDP":"-1"}},{"pitcher":{,"PLAYERID":"fornimi01","YEARID":"1957","STINT":"1","TEAMID":"BAL","LGID":"AL","W":"2","L":"6","G":"15","GS":"4","CG":"1","SHO":"1","SV":"0","IPOUTS":"171","H":"57","ER":"27","HR":"4","BB":"17","SO":"43","BAOPP":"0.25","ERA":"4.26","IBB":"2","WP":"2","HBP":"0","BK":"0","BFP":"240","GF":"4","R":"30","SH":"-1","SF":"-1","GIDP":"-1"}},{"pitcher":{,"PLAYERID":"fowlear01","YEARID":"1957","STINT":"1","TEAMID":"CIN","LGID":"NL","W":"3","L":"0","G":"33","GS":"7","CG":"1","SHO":"0","SV":"0","IPOUTS":"263","H":"111","ER":"63","HR":"11","BB":"24","SO":"45","BAOPP":"0.31","ERA":"6.47","IBB":"2","WP":"2","HBP":"2","BK":"0","BFP":"392","GF":"10","R":"65","SH":"-1","SF":"-1","GIDP":"-1"}},{"pitcher":{,"PLAYERID":"foytapa01","YEARID":"1957","STINT":"1","TEAMID":"DET","LGID":"AL","W":"14","L":"11","G":"38","GS":"27","CG":"8","SHO":"1","SV":"1","IPOUTS":"636","H":"175","ER":"74","HR":"19","BB":"104","SO":"118","BAOPP":"0.22","ERA":"3.14","IBB":"12","WP":"5","HBP":"4","BK":"0","BFP":"904","GF":"8","R":"79","SH":"-1","SF":"-1","GIDP":"-1"}},{"pitcher":{,"PLAYERID":"freemhe01","YEARID":"1957","STINT":"1","TEAMID":"CIN","LGID":"NL","W":"7","L":"2","G":"52","GS":"0","CG":"0","SHO":"0","SV":"8","IPOUTS":"251","H":"90","ER":"42","HR":"14","BB":"14","SO":"36","BAOPP":"0.27","ERA":"4.52","IBB":"4","WP":"2","HBP":"3","BK":"1","BFP":"353","GF":"26","R":"49","SH":"-1","SF":"-1","GIDP":"-1"}},{"pitcher":{,"PLAYERID":"frienbo01","YEARID":"1957","STINT":"1","TEAMID":"PIT","LGID":"NL","W":"14","L":"18","G":"40","GS":"38","CG":"17","SHO":"3","SV":"0","IPOUTS":"831","H":"273","ER":"104","HR":"28","BB":"68","SO":"143","BAOPP":"0.25","ERA":"3.38","IBB":"8","WP":"3","HBP":"1","BK":"1","BFP":"1148","GF":"1","R":"121","SH":"-1","SF":"-1","GIDP":"-1"}},{"pitcher":{,"PLAYERID":"garcimi01","YEARID":"1957","STINT":"1","TEAMID":"CLE","LGID":"AL","W":"12","L":"8","G":"38","GS":"27","CG":"9","SHO":"1","SV":"0","IPOUTS":"634","H":"221","ER":"88","HR":"14","BB":"73","SO":"110","BAOPP":"0.26","ERA":"3.75","IBB":"6","WP":"2","HBP":"6","BK":"1","BFP":"915","GF":"5","R":"98","SH":"-1","SF":"-1","GIDP":"-1"}},{"pitcher":{,"PLAYERID":"garvene01","YEARID":"1957","STINT":"1","TEAMID":"KC1","LGID":"AL","W":"6","L":"13","G":"24","GS":"23","CG":"6","SHO":"1","SV":"0","IPOUTS":"436","H":"120","ER":"62","HR":"13","BB":"55","SO":"61","BAOPP":"0.22","ERA":"3.84","IBB":"5","WP":"1","HBP":"5","BK":"1","BFP":"608","GF":"0","R":"72","SH":"-1","SF":"-1","GIDP":"-1"}},{"pitcher":{,"PLAYERID":"gomezru01","YEARID":"1957","STINT":"1","TEAMID":"NY1","LGID":"NL","W":"15","L":"13","G":"38","GS":"36","CG":"16","SHO":"1","SV":"0","IPOUTS":"715","H":"233","ER":"100","HR":"28","BB":"71","SO":"92","BAOPP":"0.25","ERA":"3.78","IBB":"10","WP":"2","HBP":"5","BK":"0","BFP":"1011","GF":"0","R":"110","SH":"-1","SF":"-1","GIDP":"-1"}},{"pitcher":{,"PLAYERID":"gormato02","YEARID":"1957","STINT":"1","TEAMID":"KC1","LGID":"AL","W":"5","L":"9","G":"38","GS":"12","CG":"3","SHO":"1","SV":"3","IPOUTS":"374","H":"125","ER":"53","HR":"18","BB":"33","SO":"66","BAOPP":"0.26","ERA":"3.83","IBB":"7","WP":"3","HBP":"1","BK":"0","BFP":"523","GF":"12","R":"59","SH":"-1","SF":"-1","GIDP":"-1"}},{"pitcher":{,"PLAYERID":"grayjo01","YEARID":"1957","STINT":"1","TEAMID":"CLE","LGID":"AL","W":"1","L":"3","G":"7","GS":"3","CG":"1","SHO":"1","SV":"0","IPOUTS":"60","H":"21","ER":"13","HR":"1","BB":"13","SO":"3","BAOPP":"0.28","ERA":"5.85","IBB":"1","WP":"2","HBP":"0","BK":"0","BFP":"90","GF":"0","R":"17","SH":"-1","SF":"-1","GIDP":"-1"}},{"pitcher":{,"PLAYERID":"griggha01","YEARID":"1957","STINT":"1","TEAMID":"WS1","LGID":"AL","W":"0","L":"1","G":"2","GS":"2","CG":"0","SHO":"0","SV":"0","IPOUTS":"41","H":"11","ER":"5","HR":"1","BB":"7","SO":"12","BAOPP":"0.22","ERA":"3.29","IBB":"0","WP":"1","HBP":"0","BK":"0","BFP":"55","GF":"0","R":"5","SH":"-1","SF":"-1","GIDP":"-1"}},{"pitcher":{,"PLAYERID":"grimbo01","YEARID":"1957","STINT":"1","TEAMID":"NYA","LGID":"AL","W":"12","L":"8","G":"46","GS":"0","CG":"0","SHO":"0","SV":"19","IPOUTS":"216","H":"60","ER":"21","HR":"5","BB":"36","SO":"52","BAOPP":"0.23","ERA":"2.63","IBB":"5","WP":"1","HBP":"0","BK":"0","BFP":"299","GF":"36","R":"22","SH":"-1","SF":"-1","GIDP":"-1"}},{"pitcher":{,"PLAYERID":"grissma01","YEARID":"1957","STINT":"1","TEAMID":"NY1","LGID":"NL","W":"4","L":"4","G":"55","GS":"0","CG":"0","SHO":"0","SV":"14","IPOUTS":"248","H":"74","ER":"24","HR":"6","BB":"23","SO":"51","BAOPP":"0.24","ERA":"2.61","IBB":"6","WP":"1","HBP":"2","BK":"0","BFP":"338","GF":"38","R":"36","SH":"-1","SF":"-1","GIDP":"-1"}},{"pitcher":{,"PLAYERID":"gromest01","YEARID":"1957","STINT":"1","TEAMID":"DET","LGID":"AL","W":"0","L":"1","G":"15","GS":"1","CG":"0","SHO":"0","SV":"1","IPOUTS":"71","H":"32","ER":"16","HR":"3","BB":"13","SO":"11","BAOPP":"0.33","ERA":"6.08","IBB":"3","WP":"1","HBP":"1","BK":"0","BFP":"113","GF":"6","R":"16","SH":"-1","SF":"-1","GIDP":"-1"}},{"pitcher":{,"PLAYERID":"grossdo01","YEARID":"1957","STINT":"1","TEAMID":"CIN","LGID":"NL","W":"7","L":"9","G":"43","GS":"16","CG":"5","SHO":"0","SV":"1","IPOUTS":"445","H":"152","ER":"71","HR":"21","BB":"33","SO":"73","BAOPP":"0.26","ERA":"4.31","IBB":"3","WP":"2","HBP":"3","BK":"0","BFP":"626","GF":"9","R":"75","SH":"-1","SF":"-1","GIDP":"-1"}},{"pitcher":{,"PLAYERID":"hackewa02","YEARID":"1957","STINT":"2","TEAMID":"PHI","LGID":"NL","W":"4","L":"4","G":"20","GS":"10","CG":"1","SHO":"0","SV":"0","IPOUTS":"222","H":"72","ER":"37","HR":"10","BB":"18","SO":"33","BAOPP":"0.25","ERA":"4.5","IBB":"2","WP":"0","HBP":"1","BK":"0","BFP":"304","GF":"4","R":"40","SH":"-1","SF":"-1","GIDP":"-1"}},{"pitcher":{,"PLAYERID":"hackewa02","YEARID":"1957","STINT":"1","TEAMID":"CIN","LGID":"NL","W":"3","L":"2","G":"15","GS":"6","CG":"0","SHO":"0","SV":"0","IPOUTS":"130","H":"50","ER":"25","HR":"5","BB":"13","SO":"18","BAOPP":"0.29","ERA":"5.19","IBB":"3","WP":"0","HBP":"3","BK":"0","BFP":"191","GF":"2","R":"26","SH":"-1","SF":"-1","GIDP":"-1"}},{"pitcher":{,"PLAYERID":"haddiha01","YEARID":"1957","STINT":"1","TEAMID":"PHI","LGID":"NL","W":"10","L":"13","G":"27","GS":"25","CG":"8","SHO":"1","SV":"0","IPOUTS":"512","H":"176","ER":"77","HR":"18","BB":"39","SO":"136","BAOPP":"0.26","ERA":"4.06","IBB":"4","WP":"6","HBP":"1","BK":"0","BFP":"720","GF":"2","R":"84","SH":"-1","SF":"-1","GIDP":"-1"}},{"pitcher":{,"PLAYERID":"halldi01","YEARID":"1957","STINT":"1","TEAMID":"PIT","LGID":"NL","W":"0","L":"0","G":"8","GS":"0","CG":"0","SHO":"0","SV":"0","IPOUTS":"30","H":"17","ER":"12","HR":"4","BB":"5","SO":"7","BAOPP":"0.36","ERA":"10.8","IBB":"1","WP":"0","HBP":"1","BK":"0","BFP":"53","GF":"0","R":"12","SH":"-1","SF":"-1","GIDP":"-1"}},{"pitcher":{,"PLAYERID":"hamnegr01","YEARID":"1957","STINT":"1","TEAMID":"PHI","LGID":"NL","W":"0","L":"0","G":"1","GS":"0","CG":"0","SHO":"0","SV":"0","IPOUTS":"3","H":"1","ER":"0","HR":"0","BB":"0","SO":"1","BAOPP":"0.25","ERA":"0.0","IBB":"0","WP":"0","HBP":"0","BK":"0","BFP":"4","GF":"1","R":"0","SH":"-1","SF":"-1","GIDP":"-1"}},{"pitcher":{,"PLAYERID":"harribi03","YEARID":"1957","STINT":"1","TEAMID":"BRO","LGID":"NL","W":"0","L":"1","G":"1","GS":"1","CG":"0","SHO":"0","SV":"0","IPOUTS":"21","H":"9","ER":"3","HR":"1","BB":"1","SO":"3","BAOPP":"0.32","ERA":"3.86","IBB":"0","WP":"0","HBP":"0","BK":"0","BFP":"30","GF":"0","R":"3","SH":"-1","SF":"-1","GIDP":"-1"}},{"pitcher":{,"PLAYERID":"harshja01","YEARID":"1957","STINT":"1","TEAMID":"CHA","LGID":"AL","W":"8","L":"8","G":"30","GS":"26","CG":"6","SHO":"0","SV":"1","IPOUTS":"454","H":"142","ER":"69","HR":"16","BB":"82","SO":"83","BAOPP":"0.25","ERA":"4.1","IBB":"2","WP":"5","HBP":"5","BK":"1","BFP":"668","GF":"2","R":"78","SH":"-1","SF":"-1","GIDP":"-1"}},{"pitcher":{,"PLAYERID":"hearnji01","YEARID":"1957","STINT":"1","TEAMID":"PHI","LGID":"NL","W":"5","L":"1","G":"36","GS":"4","CG":"1","SHO":"0","SV":"3","IPOUTS":"222","H":"79","ER":"30","HR":"6","BB":"18","SO":"46","BAOPP":"0.27","ERA":"3.65","IBB":"4","WP":"4","HBP":"2","BK":"0","BFP":"313","GF":"13","R":"35","SH":"-1","SF":"-1","GIDP":"-1"}},{"pitcher":{,"PLAYERID":"heiseji01","YEARID":"1957","STINT":"1","TEAMID":"WS1","LGID":"AL","W":"0","L":"3","G":"8","GS":"2","CG":"0","SHO":"0","SV":"0","IPOUTS":"57","H":"25","ER":"17","HR":"2","BB":"16","SO":"8","BAOPP":"0.32","ERA":"8.05","IBB":"1","WP":"0","HBP":"0","BK":"1","BFP":"96","GF":"4","R":"19","SH":"-1","SF":"-1","GIDP":"-1"}},{"pitcher":{,"PLAYERID":"hernaev01","YEARID":"1957","STINT":"1","TEAMID":"WS1","LGID":"AL","W":"0","L":"0","G":"14","GS":"2","CG":"0","SHO":"0","SV":"0","IPOUTS":"108","H":"38","ER":"17","HR":"2","BB":"20","SO":"15","BAOPP":"0.26","ERA":"4.25","IBB":"1","WP":"0","HBP":"0","BK":"0","BFP":"164","GF":"6","R":"18","SH":"-1","SF":"-1","GIDP":"-1"}},{"pitcher":{,"PLAYERID":"hillda01","YEARID":"1957","STINT":"1","TEAMID":"KC1","LGID":"AL","W":"0","L":"0","G":"2","GS":"0","CG":"0","SHO":"0","SV":"0","IPOUTS":"7","H":"6","ER":"7","HR":"3","BB":"3","SO":"1","BAOPP":"0.46","ERA":"27.0","IBB":"0","WP":"0","HBP":"0","BK":"0","BFP":"16","GF":"0","R":"7","SH":"-1","SF":"-1","GIDP":"-1"}},{"pitcher":{,"PLAYERID":"hillmda01","YEARID":"1957","STINT":"1","TEAMID":"CHN","LGID":"NL","W":"6","L":"11","G":"32","GS":"14","CG":"1","SHO":"0","SV":"1","IPOUTS":"310","H":"115","ER":"50","HR":"13","BB":"37","SO":"53","BAOPP":"0.28","ERA":"4.35","IBB":"2","WP":"2","HBP":"0","BK":"0","BFP":"451","GF":"7","R":"52","SH":"-1","SF":"-1","GIDP":"-1"}},{"pitcher":{,"PLAYERID":"hobbigl01","YEARID":"1957","STINT":"1","TEAMID":"CHN","LGID":"NL","W":"0","L":"0","G":"2","GS":"0","CG":"0","SHO":"0","SV":"0","IPOUTS":"13","H":"6","ER":"5","HR":"0","BB":"5","SO":"3","BAOPP":"0.33","ERA":"10.38","IBB":"0","WP":"1","HBP":"0","BK":"0","BFP":"24","GF":"1","R":"5","SH":"-1","SF":"-1","GIDP":"-1"}},{"pitcher":{,"PLAYERID":"hoeftbi01","YEARID":"1957","STINT":"1","TEAMID":"DET","LGID":"AL","W":"9","L":"11","G":"34","GS":"28","CG":"10","SHO":"1","SV":"1","IPOUTS":"621","H":"188","ER":"80","HR":"15","BB":"69","SO":"111","BAOPP":"0.24","ERA":"3.48","IBB":"2","WP":"1","HBP":"5","BK":"0","BFP":"870","GF":"4","R":"85","SH":"-1","SF":"-1","GIDP":"-1"}},{"pitcher":{,"PLAYERID":"hookja01","YEARID":"1957","STINT":"1","TEAMID":"CIN","LGID":"NL","W":"0","L":"1","G":"3","GS":"2","CG":"0","SHO":"0","SV":"0","IPOUTS":"30","H":"6","ER":"5","HR":"0","BB":"8","SO":"6","BAOPP":"0.17","ERA":"4.5","IBB":"0","WP":"1","HBP":"0","BK":"0","BFP":"45","GF":"0","R":"7","SH":"-1","SF":"-1","GIDP":"-1"}},{"pitcher":{,"PLAYERID":"hostge01","YEARID":"1957","STINT":"1","TEAMID":"KC1","LGID":"AL","W":"0","L":"2","G":"11","GS":"2","CG":"0","SHO":"0","SV":"0","IPOUTS":"71","H":"29","ER":"19","HR":"5","BB":"14","SO":"9","BAOPP":"0.31","ERA":"7.23","IBB":"0","WP":"0","HBP":"0","BK":"0","BFP":"109","GF":"6","R":"19","SH":"-1","SF":"-1","GIDP":"-1"}},{"pitcher":{,"PLAYERID":"houttar01","YEARID":"1957","STINT":"1","TEAMID":"CLE","LGID":"AL","W":"0","L":"0","G":"3","GS":"0","CG":"0","SHO":"0","SV":"0","IPOUTS":"12","H":"6","ER":"3","HR":"1","BB":"3","SO":"3","BAOPP":"0.35","ERA":"6.75","IBB":"0","WP":"0","HBP":"0","BK":"0","BFP":"20","GF":"2","R":"3","SH":"-1","SF":"-1","GIDP":"-1"}},{"pitcher":{,"PLAYERID":"houttar01","YEARID":"1957","STINT":"2","TEAMID":"BAL","LGID":"AL","W":"0","L":"0","G":"5","GS":"1","CG":"0","SHO":"0","SV":"0","IPOUTS":"20","H":"20","ER":"13","HR":"0","BB":"3","SO":"3","BAOPP":"0.51","ERA":"17.55","IBB":"0","WP":"0","HBP":"0","BK":"0","BFP":"42","GF":"2","R":"13","SH":"-1","SF":"-1","GIDP":"-1"}},{"pitcher":{,"PLAYERID":"howeldi01","YEARID":"1957","STINT":"1","TEAMID":"CHA","LGID":"AL","W":"6","L":"5","G":"37","GS":"0","CG":"0","SHO":"0","SV":"6","IPOUTS":"205","H":"64","ER":"25","HR":"6","BB":"30","SO":"37","BAOPP":"0.25","ERA":"3.29","IBB":"4","WP":"2","HBP":"0","BK":"0","BFP":"285","GF":"19","R":"25","SH":"-1","SF":"-1","GIDP":"-1"}},{"pitcher":{,"PLAYERID":"hugheji02","YEARID":"1957","STINT":"1","TEAMID":"CHA","LGID":"AL","W":"0","L":"0","G":"4","GS":"0","CG":"0","SHO":"0","SV":"0","IPOUTS":"15","H":"12","ER":"6","HR":"0","BB":"3","SO":"2","BAOPP":"0.46","ERA":"10.8","IBB":"0","WP":"0","HBP":"0","BK":"0","BFP":"29","GF":"2","R":"6","SH":"-1","SF":"-1","GIDP":"-1"}},{"pitcher":{,"PLAYERID":"hydedi01","YEARID":"1957","STINT":"1","TEAMID":"WS1","LGID":"AL","W":"4","L":"3","G":"52","GS":"2","CG":"0","SHO":"0","SV":"1","IPOUTS":"328","H":"104","ER":"50","HR":"4","BB":"56","SO":"46","BAOPP":"0.26","ERA":"4.12","IBB":"7","WP":"2","HBP":"7","BK":"0","BFP":"482","GF":"23","R":"54","SH":"-1","SF":"-1","GIDP":"-1"}},{"pitcher":{,"PLAYERID":"jacksla01","YEARID":"1957","STINT":"1","TEAMID":"SLN","LGID":"NL","W":"15","L":"9","G":"41","GS":"22","CG":"6","SHO":"2","SV":"1","IPOUTS":"631","H":"196","ER":"81","HR":"21","BB":"57","SO":"96","BAOPP":"0.24","ERA":"3.47","IBB":"8","WP":"4","HBP":"4","BK":"0","BFP":"861","GF":"11","R":"84","SH":"-1","SF":"-1","GIDP":"-1"}},{"pitcher":{,"PLAYERID":"jayjo01","YEARID":"1957","STINT":"1","TEAMID":"ML1","LGID":"NL","W":"0","L":"0","G":"1","GS":"0","CG":"0","SHO":"0","SV":"1","IPOUTS":"2","H":"0","ER":"0","HR":"0","BB":"0","SO":"0","BAOPP":"0.0","ERA":"0.0","IBB":"0","WP":"0","HBP":"0","BK":"0","BFP":"2","GF":"1","R":"0","SH":"-1","SF":"-1","GIDP":"-1"}},{"pitcher":{,"PLAYERID":"jeffcha01","YEARID":"1957","STINT":"1","TEAMID":"CIN","LGID":"NL","W":"12","L":"13","G":"37","GS":"31","CG":"10","SHO":"1","SV":"0","IPOUTS":"621","H":"236","ER":"104","HR":"29","BB":"46","SO":"63","BAOPP":"0.29","ERA":"4.52","IBB":"7","WP":"2","HBP":"7","BK":"0","BFP":"873","GF":"1","R":"117","SH":"-1","SF":"-1","GIDP":"-1"}},{"pitcher":{,"PLAYERID":"johnsco01","YEARID":"1957","STINT":"1","TEAMID":"BAL","LGID":"AL","W":"14","L":"11","G":"35","GS":"30","CG":"14","SHO":"3","SV":"0","IPOUTS":"726","H":"212","ER":"86","HR":"17","BB":"66","SO":"177","BAOPP":"0.23","ERA":"3.2","IBB":"1","WP":"6","HBP":"3","BK":"0","BFP":"987","GF":"4","R":"93","SH":"-1","SF":"-1","GIDP":"-1"}},{"pitcher":{,"PLAYERID":"johnser02","YEARID":"1957","STINT":"1","TEAMID":"ML1","LGID":"NL","W":"7","L":"3","G":"30","GS":"0","CG":"0","SHO":"0","SV":"4","IPOUTS":"195","H":"67","ER":"28","HR":"9","BB":"26","SO":"44","BAOPP":"0.26","ERA":"3.88","IBB":"5","WP":"2","HBP":"1","BK":"0","BFP":"284","GF":"16","R":"29","SH":"-1","SF":"-1","GIDP":"-1"}},{"pitcher":{,"PLAYERID":"jollyda01","YEARID":"1957","STINT":"1","TEAMID":"ML1","LGID":"NL","W":"1","L":"1","G":"23","GS":"0","CG":"0","SHO":"0","SV":"1","IPOUTS":"113","H":"37","ER":"21","HR":"4","BB":"21","SO":"27","BAOPP":"0.26","ERA":"5.02","IBB":"0","WP":"3","HBP":"3","BK":"0","BFP":"170","GF":"10","R":"22","SH":"-1","SF":"-1","GIDP":"-1"}},{"pitcher":{,"PLAYERID":"jonesgo01","YEARID":"1957","STINT":"1","TEAMID":"NY1","LGID":"NL","W":"0","L":"1","G":"10","GS":"0","CG":"0","SHO":"0","SV":"0","IPOUTS":"35","H":"16","ER":"8","HR":"1","BB":"3","SO":"5","BAOPP":"0.32","ERA":"6.17","IBB":"1","WP":"2","HBP":"1","BK":"0","BFP":"57","GF":"3","R":"9","SH":"-1","SF":"-1","GIDP":"-1"}},{"pitcher":{,"PLAYERID":"jonessa02","YEARID":"1957","STINT":"1","TEAMID":"SLN","LGID":"NL","W":"12","L":"9","G":"28","GS":"27","CG":"10","SHO":"2","SV":"0","IPOUTS":"548","H":"164","ER":"73","HR":"17","BB":"71","SO":"154","BAOPP":"0.23","ERA":"3.6","IBB":"1","WP":"3","HBP":"6","BK":"0","BFP":"767","GF":"1","R":"77","SH":"-1","SF":"-1","GIDP":"-1"}},{"pitcher":{,"PLAYERID":"kaisedo01","YEARID":"1957","STINT":"1","TEAMID":"CHN","LGID":"NL","W":"2","L":"6","G":"20","GS":"13","CG":"1","SHO":"0","SV":"0","IPOUTS":"216","H":"91","ER":"40","HR":"4","BB":"28","SO":"23","BAOPP":"0.31","ERA":"5.0","IBB":"3","WP":"2","HBP":"0","BK":"0","BFP":"321","GF":"4","R":"48","SH":"-1","SF":"-1","GIDP":"-1"}},{"pitcher":{,"PLAYERID":"keegabo01","YEARID":"1957","STINT":"1","TEAMID":"CHA","LGID":"AL","W":"10","L":"8","G":"30","GS":"20","CG":"6","SHO":"2","SV":"2","IPOUTS":"428","H":"131","ER":"56","HR":"22","BB":"37","SO":"36","BAOPP":"0.24","ERA":"3.53","IBB":"2","WP":"0","HBP":"2","BK":"0","BFP":"585","GF":"4","R":"62","SH":"-1","SF":"-1","GIDP":"-1"}},{"pitcher":{,"PLAYERID":"kellnal01","YEARID":"1957","STINT":"1","TEAMID":"KC1","LGID":"AL","W":"6","L":"5","G":"28","GS":"21","CG":"3","SHO":"0","SV":"0","IPOUTS":"398","H":"141","ER":"63","HR":"18","BB":"41","SO":"72","BAOPP":"0.27","ERA":"4.27","IBB":"3","WP":"4","HBP":"2","BK":"0","BFP":"559","GF":"3","R":"65","SH":"-1","SF":"-1","GIDP":"-1"}},{"pitcher":{,"PLAYERID":"kemmeru01","YEARID":"1957","STINT":"1","TEAMID":"BOS","LGID":"AL","W":"0","L":"0","G":"1","GS":"0","CG":"0","SHO":"0","SV":"0","IPOUTS":"12","H":"5","ER":"2","HR":"0","BB":"2","SO":"1","BAOPP":"0.33","ERA":"4.5","IBB":"1","WP":"1","HBP":"0","BK":"0","BFP":"19","GF":"0","R":"2","SH":"-1","SF":"-1","GIDP":"-1"}},{"pitcher":{,"PLAYERID":"kemmeru01","YEARID":"1957","STINT":"2","TEAMID":"WS1","LGID":"AL","W":"7","L":"11","G":"39","GS":"26","CG":"6","SHO":"0","SV":"0","IPOUTS":"517","H":"214","ER":"95","HR":"20","BB":"71","SO":"81","BAOPP":"0.3","ERA":"4.96","IBB":"4","WP":"5","HBP":"2","BK":"0","BFP":"776","GF":"4","R":"110","SH":"-1","SF":"-1","GIDP":"-1"}},{"pitcher":{,"PLAYERID":"kennebi02","YEARID":"1957","STINT":"1","TEAMID":"CIN","LGID":"NL","W":"0","L":"2","G":"8","GS":"0","CG":"0","SHO":"0","SV":"3","IPOUTS":"38","H":"16","ER":"9","HR":"1","BB":"5","SO":"8","BAOPP":"0.31","ERA":"6.39","IBB":"1","WP":"0","HBP":"1","BK":"0","BFP":"60","GF":"6","R":"9","SH":"-1","SF":"-1","GIDP":"-1"}},{"pitcher":{,"PLAYERID":"kindeel01","YEARID":"1957","STINT":"1","TEAMID":"CHA","LGID":"AL","W":"0","L":"0","G":"1","GS":"0","CG":"0","SHO":"0","SV":"0","IPOUTS":"3","H":"0","ER":"0","HR":"0","BB":"1","SO":"0","BAOPP":"0.0","ERA":"0.0","IBB":"1","WP":"0","HBP":"0","BK":"0","BFP":"5","GF":"1","R":"0","SH":"-1","SF":"-1","GIDP":"-1"}},{"pitcher":{,"PLAYERID":"kingne01","YEARID":"1957","STINT":"1","TEAMID":"PIT","LGID":"NL","W":"2","L":"1","G":"36","GS":"0","CG":"0","SHO":"0","SV":"1","IPOUTS":"156","H":"69","ER":"26","HR":"7","BB":"16","SO":"23","BAOPP":"0.33","ERA":"4.5","IBB":"6","WP":"1","HBP":"2","BK":"0","BFP":"229","GF":"19","R":"27","SH":"-1","SF":"-1","GIDP":"-1"}},{"pitcher":{,"PLAYERID":"kippfr01","YEARID":"1957","STINT":"1","TEAMID":"BRO","LGID":"NL","W":"0","L":"0","G":"1","GS":"0","CG":"0","SHO":"0","SV":"0","IPOUTS":"12","H":"6","ER":"4","HR":"2","BB":"0","SO":"3","BAOPP":"0.33","ERA":"9.0","IBB":"0","WP":"0","HBP":"0","BK":"0","BFP":"18","GF":"0","R":"4","SH":"-1","SF":"-1","GIDP":"-1"}},{"pitcher":{,"PLAYERID":"klinero01","YEARID":"1957","STINT":"1","TEAMID":"PIT","LGID":"NL","W":"9","L":"16","G":"40","GS":"31","CG":"11","SHO":"2","SV":"0","IPOUTS":"615","H":"214","ER":"92","HR":"28","BB":"61","SO":"88","BAOPP":"0.26","ERA":"4.04","IBB":"6","WP":"2","HBP":"1","BK":"0","BFP":"871","GF":"2","R":"107","SH":"-1","SF":"-1","GIDP":"-1"}},{"pitcher":{,"PLAYERID":"klippjo01","YEARID":"1957","STINT":"1","TEAMID":"CIN","LGID":"NL","W":"8","L":"11","G":"46","GS":"18","CG":"3","SHO":"1","SV":"3","IPOUTS":"438","H":"146","ER":"82","HR":"17","BB":"68","SO":"99","BAOPP":"0.26","ERA":"5.05","IBB":"6","WP":"5","HBP":"3","BK":"0","BFP":"643","GF":"9","R":"84","SH":"-1","SF":"-1","GIDP":"-1"}},{"pitcher":{,"PLAYERID":"koufasa01","YEARID":"1957","STINT":"1","TEAMID":"BRO","LGID":"NL","W":"5","L":"4","G":"34","GS":"13","CG":"2","SHO":"0","SV":"0","IPOUTS":"313","H":"83","ER":"45","HR":"14","BB":"51","SO":"122","BAOPP":"0.21","ERA":"3.88","IBB":"1","WP":"5","HBP":"2","BK":"0","BFP":"444","GF":"12","R":"49","SH":"-1","SF":"-1","GIDP":"-1"}},{"pitcher":{,"PLAYERID":"kucksjo01","YEARID":"1957","STINT":"1","TEAMID":"NYA","LGID":"AL","W":"8","L":"10","G":"37","GS":"23","CG":"4","SHO":"1","SV":"2","IPOUTS":"538","H":"169","ER":"71","HR":"13","BB":"59","SO":"78","BAOPP":"0.25","ERA":"3.56","IBB":"2","WP":"2","HBP":"8","BK":"0","BFP":"759","GF":"10","R":"82","SH":"-1","SF":"-1","GIDP":"-1"}},{"pitcher":{,"PLAYERID":"kuzavbo01","YEARID":"1957","STINT":"2","TEAMID":"SLN","LGID":"NL","W":"0","L":"0","G":"3","GS":"0","CG":"0","SHO":"0","SV":"0","IPOUTS":"7","H":"4","ER":"1","HR":"0","BB":"2","SO":"2","BAOPP":"0.36","ERA":"3.86","IBB":"0","WP":"0","HBP":"0","BK":"0","BFP":"13","GF":"2","R":"1","SH":"-1","SF":"-1","GIDP":"-1"}},{"pitcher":{,"PLAYERID":"kuzavbo01","YEARID":"1957","STINT":"1","TEAMID":"PIT","LGID":"NL","W":"0","L":"0","G":"4","GS":"0","CG":"0","SHO":"0","SV":"0","IPOUTS":"6","H":"3","ER":"2","HR":"0","BB":"3","SO":"1","BAOPP":"0.33","ERA":"9.0","IBB":"0","WP":"0","HBP":"0","BK":"0","BFP":"12","GF":"1","R":"2","SH":"-1","SF":"-1","GIDP":"-1"}},{"pitcher":{,"PLAYERID":"labincl01","YEARID":"1957","STINT":"1","TEAMID":"BRO","LGID":"NL","W":"5","L":"7","G":"58","GS":"0","CG":"0","SHO":"0","SV":"17","IPOUTS":"314","H":"104","ER":"40","HR":"8","BB":"27","SO":"67","BAOPP":"0.25","ERA":"3.44","IBB":"6","WP":"0","HBP":"1","BK":"0","BFP":"444","GF":"37","R":"50","SH":"-1","SF":"-1","GIDP":"-1"}},{"pitcher":{,"PLAYERID":"lapalpa01","YEARID":"1957","STINT":"1","TEAMID":"CHA","LGID":"AL","W":"1","L":"4","G":"35","GS":"0","CG":"0","SHO":"0","SV":"7","IPOUTS":"121","H":"35","ER":"15","HR":"5","BB":"19","SO":"19","BAOPP":"0.23","ERA":"3.35","IBB":"1","WP":"3","HBP":"1","BK":"0","BFP":"169","GF":"21","R":"16","SH":"-1","SF":"-1","GIDP":"-1"}},{"pitcher":{,"PLAYERID":"larsedo01","YEARID":"1957","STINT":"1","TEAMID":"NYA","LGID":"AL","W":"10","L":"4","G":"27","GS":"20","CG":"4","SHO":"1","SV":"0","IPOUTS":"419","H":"113","ER":"58","HR":"12","BB":"87","SO":"81","BAOPP":"0.22","ERA":"3.74","IBB":"0","WP":"6","HBP":"0","BK":"0","BFP":"605","GF":"5","R":"68","SH":"-1","SF":"-1","GIDP":"-1"}},{"pitcher":{,"PLAYERID":"laryfr01","YEARID":"1957","STINT":"1","TEAMID":"DET","LGID":"AL","W":"11","L":"16","G":"40","GS":"35","CG":"12","SHO":"2","SV":"3","IPOUTS":"713","H":"250","ER":"105","HR":"23","BB":"72","SO":"107","BAOPP":"0.27","ERA":"3.98","IBB":"9","WP":"5","HBP":"12","BK":"2","BFP":"1012","GF":"3","R":"111","SH":"-1","SF":"-1","GIDP":"-1"}},{"pitcher":{,"PLAYERID":"latmaba01","YEARID":"1957","STINT":"1","TEAMID":"CHA","LGID":"AL","W":"1","L":"2","G":"7","GS":"2","CG":"0","SHO":"0","SV":"1","IPOUTS":"37","H":"12","ER":"11","HR":"2","BB":"13","SO":"9","BAOPP":"0.26","ERA":"8.03","IBB":"0","WP":"2","HBP":"1","BK":"0","BFP":"60","GF":"3","R":"11","SH":"-1","SF":"-1","GIDP":"-1"}},{"pitcher":{,"PLAYERID":"lawrebr01","YEARID":"1957","STINT":"1","TEAMID":"CIN","LGID":"NL","W":"16","L":"13","G":"49","GS":"32","CG":"12","SHO":"1","SV":"4","IPOUTS":"751","H":"234","ER":"98","HR":"26","BB":"76","SO":"121","BAOPP":"0.24","ERA":"3.52","IBB":"5","WP":"3","HBP":"8","BK":"0","BFP":"1045","GF":"10","R":"111","SH":"-1","SF":"-1","GIDP":"-1"}},{"pitcher":{,"PLAYERID":"lawve01","YEARID":"1957","STINT":"1","TEAMID":"PIT","LGID":"NL","W":"10","L":"8","G":"31","GS":"25","CG":"9","SHO":"3","SV":"1","IPOUTS":"518","H":"172","ER":"55","HR":"18","BB":"32","SO":"55","BAOPP":"0.25","ERA":"2.87","IBB":"8","WP":"2","HBP":"2","BK":"0","BFP":"716","GF":"5","R":"72","SH":"-1","SF":"-1","GIDP":"-1"}},{"pitcher":{,"PLAYERID":"leedo01","YEARID":"1957","STINT":"1","TEAMID":"DET","LGID":"AL","W":"1","L":"3","G":"11","GS":"6","CG":"0","SHO":"0","SV":"0","IPOUTS":"116","H":"48","ER":"20","HR":"6","BB":"18","SO":"19","BAOPP":"0.3","ERA":"4.66","IBB":"0","WP":"0","HBP":"1","BK":"0","BFP":"179","GF":"2","R":"22","SH":"-1","SF":"-1","GIDP":"-1"}},{"pitcher":{,"PLAYERID":"lehmake01","YEARID":"1957","STINT":"1","TEAMID":"BRO","LGID":"NL","W":"0","L":"0","G":"3","GS":"0","CG":"0","SHO":"0","SV":"0","IPOUTS":"21","H":"7","ER":"0","HR":"0","BB":"1","SO":"3","BAOPP":"0.25","ERA":"0.0","IBB":"0","WP":"0","HBP":"0","BK":"0","BFP":"28","GF":"1","R":"0","SH":"-1","SF":"-1","GIDP":"-1"}},{"pitcher":{,"PLAYERID":"lehmake01","YEARID":"1957","STINT":"2","TEAMID":"BAL","LGID":"AL","W":"8","L":"3","G":"30","GS":"3","CG":"1","SHO":"0","SV":"6","IPOUTS":"204","H":"57","ER":"21","HR":"1","BB":"22","SO":"32","BAOPP":"0.23","ERA":"2.78","IBB":"2","WP":"4","HBP":"0","BK":"0","BFP":"275","GF":"18","R":"21","SH":"-1","SF":"-1","GIDP":"-1"}},{"pitcher":{,"PLAYERID":"lemonbo01","YEARID":"1957","STINT":"1","TEAMID":"CLE","LGID":"AL","W":"6","L":"11","G":"21","GS":"17","CG":"2","SHO":"0","SV":"0","IPOUTS":"352","H":"129","ER":"60","HR":"9","BB":"64","SO":"45","BAOPP":"0.28","ERA":"4.6","IBB":"6","WP":"3","HBP":"7","BK":"0","BFP":"540","GF":"2","R":"70","SH":"-1","SF":"-1","GIDP":"-1"}},{"pitcher":{,"PLAYERID":"littldi01","YEARID":"1957","STINT":"1","TEAMID":"CHN","LGID":"NL","W":"2","L":"3","G":"48","GS":"2","CG":"0","SHO":"0","SV":"4","IPOUTS":"197","H":"76","ER":"39","HR":"12","BB":"37","SO":"51","BAOPP":"0.29","ERA":"5.35","IBB":"4","WP":"2","HBP":"1","BK":"0","BFP":"306","GF":"14","R":"46","SH":"-1","SF":"-1","GIDP":"-1"}},{"pitcher":{,"PLAYERID":"loesbi01","YEARID":"1957","STINT":"1","TEAMID":"BAL","LGID":"AL","W":"12","L":"7","G":"31","GS":"18","CG":"8","SHO":"3","SV":"4","IPOUTS":"466","H":"142","ER":"56","HR":"8","BB":"37","SO":"86","BAOPP":"0.24","ERA":"3.24","IBB":"4","WP":"3","HBP":"4","BK":"0","BFP":"629","GF":"12","R":"59","SH":"-1","SF":"-1","GIDP":"-1"}},{"pitcher":{,"PLAYERID":"lovenly01","YEARID":"1957","STINT":"1","TEAMID":"SLN","LGID":"NL","W":"0","L":"1","G":"2","GS":"1","CG":"0","SHO":"0","SV":"0","IPOUTS":"27","H":"6","ER":"2","HR":"0","BB":"6","SO":"6","BAOPP":"0.18","ERA":"2.0","IBB":"0","WP":"0","HBP":"0","BK":"0","BFP":"39","GF":"0","R":"3","SH":"-1","SF":"-1","GIDP":"-1"}},{"pitcher":{,"PLAYERID":"lowntu01","YEARID":"1957","STINT":"1","TEAMID":"CHN","LGID":"NL","W":"5","L":"7","G":"67","GS":"0","CG":"0","SHO":"0","SV":"12","IPOUTS":"279","H":"74","ER":"39","HR":"10","BB":"51","SO":"51","BAOPP":"0.22","ERA":"3.77","IBB":"4","WP":"4","HBP":"0","BK":"0","BFP":"393","GF":"47","R":"45","SH":"-1","SF":"-1","GIDP":"-1"}},{"pitcher":{,"PLAYERID":"lumenra01","YEARID":"1957","STINT":"1","TEAMID":"WS1","LGID":"AL","W":"0","L":"1","G":"3","GS":"2","CG":"0","SHO":"0","SV":"0","IPOUTS":"28","H":"9","ER":"7","HR":"1","BB":"5","SO":"8","BAOPP":"0.25","ERA":"6.75","IBB":"0","WP":"0","HBP":"1","BK":"0","BFP":"42","GF":"1","R":"7","SH":"-1","SF":"-1","GIDP":"-1"}},{"pitcher":{,"PLAYERID":"maasdu01","YEARID":"1957","STINT":"1","TEAMID":"DET","LGID":"AL","W":"10","L":"14","G":"45","GS":"26","CG":"8","SHO":"2","SV":"6","IPOUTS":"658","H":"210","ER":"80","HR":"23","BB":"65","SO":"116","BAOPP":"0.25","ERA":"3.28","IBB":"7","WP":"1","HBP":"4","BK":"0","BFP":"925","GF":"13","R":"92","SH":"-1","SF":"-1","GIDP":"-1"}},{"pitcher":{,"PLAYERID":"maglisa01","YEARID":"1957","STINT":"2","TEAMID":"NYA","LGID":"AL","W":"2","L":"0","G":"6","GS":"3","CG":"1","SHO":"1","SV":"3","IPOUTS":"78","H":"22","ER":"5","HR":"1","BB":"7","SO":"9","BAOPP":"0.22","ERA":"1.73","IBB":"0","WP":"0","HBP":"1","BK":"1","BFP":"106","GF":"3","R":"6","SH":"-1","SF":"-1","GIDP":"-1"}},{"pitcher":{,"PLAYERID":"maglisa01","YEARID":"1957","STINT":"1","TEAMID":"BRO","LGID":"NL","W":"6","L":"6","G":"19","GS":"17","CG":"4","SHO":"1","SV":"1","IPOUTS":"304","H":"94","ER":"33","HR":"12","BB":"26","SO":"50","BAOPP":"0.24","ERA":"2.93","IBB":"1","WP":"1","HBP":"4","BK":"0","BFP":"421","GF":"1","R":"42","SH":"-1","SF":"-1","GIDP":"-1"}},{"pitcher":{,"PLAYERID":"margojo01","YEARID":"1957","STINT":"1","TEAMID":"NY1","LGID":"NL","W":"1","L":"1","G":"13","GS":"2","CG":"1","SHO":"0","SV":"0","IPOUTS":"103","H":"44","ER":"20","HR":"1","BB":"21","SO":"18","BAOPP":"0.31","ERA":"5.24","IBB":"2","WP":"1","HBP":"1","BK":"0","BFP":"165","GF":"0","R":"23","SH":"-1","SF":"-1","GIDP":"-1"}},{"pitcher":{,"PLAYERID":"martimo01","YEARID":"1957","STINT":"1","TEAMID":"SLN","LGID":"NL","W":"0","L":"0","G":"4","GS":"1","CG":"0","SHO":"0","SV":"0","IPOUTS":"32","H":"5","ER":"3","HR":"0","BB":"4","SO":"7","BAOPP":"0.14","ERA":"2.53","IBB":"0","WP":"0","HBP":"1","BK":"0","BFP":"41","GF":"1","R":"3","SH":"-1","SF":"-1","GIDP":"-1"}},{"pitcher":{,"PLAYERID":"mayered02","YEARID":"1957","STINT":"1","TEAMID":"CHN","LGID":"NL","W":"0","L":"0","G":"3","GS":"1","CG":"0","SHO":"0","SV":"0","IPOUTS":"23","H":"8","ER":"5","HR":"2","BB":"2","SO":"3","BAOPP":"0.25","ERA":"5.87","IBB":"0","WP":"1","HBP":"1","BK":"0","BFP":"34","GF":"1","R":"5","SH":"-1","SF":"-1","GIDP":"-1"}},{"pitcher":{,"PLAYERID":"mccalwi01","YEARID":"1957","STINT":"1","TEAMID":"NY1","LGID":"NL","W":"0","L":"0","G":"5","GS":"0","CG":"0","SHO":"0","SV":"0","IPOUTS":"9","H":"8","ER":"5","HR":"1","BB":"2","SO":"2","BAOPP":"0.53","ERA":"15.0","IBB":"0","WP":"0","HBP":"1","BK":"0","BFP":"19","GF":"2","R":"5","SH":"-1","SF":"-1","GIDP":"-1"}},{"pitcher":{,"PLAYERID":"mccormi03","YEARID":"1957","STINT":"1","TEAMID":"NY1","LGID":"NL","W":"3","L":"1","G":"24","GS":"5","CG":"1","SHO":"0","SV":"0","IPOUTS":"224","H":"79","ER":"34","HR":"7","BB":"32","SO":"50","BAOPP":"0.28","ERA":"4.1","IBB":"2","WP":"4","HBP":"3","BK":"1","BFP":"321","GF":"7","R":"37","SH":"-1","SF":"-1","GIDP":"-1"}},{"pitcher":{,"PLAYERID":"mcdanli01","YEARID":"1957","STINT":"1","TEAMID":"SLN","LGID":"NL","W":"15","L":"9","G":"30","GS":"26","CG":"10","SHO":"1","SV":"0","IPOUTS":"573","H":"196","ER":"74","HR":"13","BB":"53","SO":"75","BAOPP":"0.26","ERA":"3.49","IBB":"4","WP":"9","HBP":"3","BK":"0","BFP":"804","GF":"1","R":"87","SH":"-1","SF":"-1","GIDP":"-1"}},{"pitcher":{,"PLAYERID":"mcdanvo01","YEARID":"1957","STINT":"1","TEAMID":"SLN","LGID":"NL","W":"7","L":"5","G":"17","GS":"13","CG":"4","SHO":"2","SV":"0","IPOUTS":"260","H":"71","ER":"31","HR":"7","BB":"31","SO":"45","BAOPP":"0.22","ERA":"3.22","IBB":"3","WP":"4","HBP":"1","BK":"0","BFP":"356","GF":"2","R":"37","SH":"-1","SF":"-1","GIDP":"-1"}},{"pitcher":{,"PLAYERID":"mcdermi03","YEARID":"1957","STINT":"1","TEAMID":"KC1","LGID":"AL","W":"1","L":"4","G":"29","GS":"4","CG":"0","SHO":"0","SV":"0","IPOUTS":"207","H":"68","ER":"42","HR":"9","BB":"50","SO":"29","BAOPP":"0.26","ERA":"5.48","IBB":"2","WP":"5","HBP":"0","BK":"0","BFP":"316","GF":"14","R":"47","SH":"-1","SF":"-1","GIDP":"-1"}},{"pitcher":{,"PLAYERID":"mcdevda01","YEARID":"1957","STINT":"1","TEAMID":"BRO","LGID":"NL","W":"7","L":"4","G":"22","GS":"17","CG":"5","SHO":"2","SV":"0","IPOUTS":"357","H":"105","ER":"43","HR":"5","BB":"72","SO":"90","BAOPP":"0.23","ERA":"3.25","IBB":"1","WP":"7","HBP":"6","BK":"1","BFP":"526","GF":"2","R":"55","SH":"-1","SF":"-1","GIDP":"-1"}},{"pitcher":{,"PLAYERID":"mcdonji04","YEARID":"1957","STINT":"1","TEAMID":"CHA","LGID":"AL","W":"0","L":"1","G":"10","GS":"0","CG":"0","SHO":"0","SV":"0","IPOUTS":"67","H":"18","ER":"5","HR":"2","BB":"10","SO":"12","BAOPP":"0.23","ERA":"2.01","IBB":"1","WP":"3","HBP":"0","BK":"0","BFP":"92","GF":"4","R":"8","SH":"-1","SF":"-1","GIDP":"-1"}},{"pitcher":{,"PLAYERID":"mcilwst01","YEARID":"1957","STINT":"1","TEAMID":"CHA","LGID":"AL","W":"0","L":"0","G":"1","GS":"0","CG":"0","SHO":"0","SV":"0","IPOUTS":"3","H":"2","ER":"0","HR":"0","BB":"1","SO":"0","BAOPP":"0.5","ERA":"0.0","IBB":"0","WP":"0","HBP":"0","BK":"0","BFP":"5","GF":"1","R":"0","SH":"-1","SF":"-1","GIDP":"-1"}},{"pitcher":{,"PLAYERID":"mclisca01","YEARID":"1957","STINT":"1","TEAMID":"CLE","LGID":"AL","W":"9","L":"7","G":"42","GS":"7","CG":"2","SHO":"0","SV":"1","IPOUTS":"433","H":"118","ER":"44","HR":"11","BB":"67","SO":"88","BAOPP":"0.22","ERA":"2.74","IBB":"10","WP":"8","HBP":"2","BK":"0","BFP":"616","GF":"19","R":"55","SH":"-1","SF":"-1","GIDP":"-1"}},{"pitcher":{,"PLAYERID":"mcmahdo02","YEARID":"1957","STINT":"1","TEAMID":"ML1","LGID":"NL","W":"2","L":"3","G":"32","GS":"0","CG":"0","SHO":"0","SV":"9","IPOUTS":"140","H":"33","ER":"8","HR":"0","BB":"29","SO":"46","BAOPP":"0.19","ERA":"1.54","IBB":"4","WP":"0","HBP":"0","BK":"0","BFP":"200","GF":"19","R":"13","SH":"-1","SF":"-1","GIDP":"-1"}},{"pitcher":{,"PLAYERID":"merrill02","YEARID":"1957","STINT":"1","TEAMID":"SLN","LGID":"NL","W":"1","L":"2","G":"44","GS":"0","CG":"0","SHO":"0","SV":"7","IPOUTS":"196","H":"60","ER":"24","HR":"7","BB":"28","SO":"35","BAOPP":"0.25","ERA":"3.31","IBB":"5","WP":"0","HBP":"4","BK":"0","BFP":"280","GF":"18","R":"29","SH":"-1","SF":"-1","GIDP":"-1"}},{"pitcher":{,"PLAYERID":"meyerja01","YEARID":"1957","STINT":"1","TEAMID":"PHI","LGID":"NL","W":"0","L":"2","G":"19","GS":"2","CG":"0","SHO":"0","SV":"0","IPOUTS":"113","H":"44","ER":"24","HR":"7","BB":"28","SO":"34","BAOPP":"0.29","ERA":"5.73","IBB":"2","WP":"0","HBP":"1","BK":"0","BFP":"180","GF":"4","R":"30","SH":"-1","SF":"-1","GIDP":"-1"}},{"pitcher":{,"PLAYERID":"meyerru01","YEARID":"1957","STINT":"1","TEAMID":"BOS","LGID":"AL","W":"0","L":"0","G":"2","GS":"1","CG":"0","SHO":"0","SV":"0","IPOUTS":"15","H":"10","ER":"3","HR":"0","BB":"3","SO":"1","BAOPP":"0.41","ERA":"5.4","IBB":"0","WP":"0","HBP":"0","BK":"0","BFP":"28","GF":"1","R":"5","SH":"-1","SF":"-1","GIDP":"-1"}},{"pitcher":{,"PLAYERID":"millebo02","YEARID":"1957","STINT":"1","TEAMID":"PHI","LGID":"NL","W":"2","L":"5","G":"32","GS":"1","CG":"0","SHO":"0","SV":"6","IPOUTS":"181","H":"61","ER":"18","HR":"4","BB":"17","SO":"12","BAOPP":"0.26","ERA":"2.69","IBB":"5","WP":"0","HBP":"1","BK":"0","BFP":"254","GF":"17","R":"18","SH":"-1","SF":"-1","GIDP":"-1"}},{"pitcher":{,"PLAYERID":"millebo04","YEARID":"1957","STINT":"1","TEAMID":"SLN","LGID":"NL","W":"0","L":"0","G":"5","GS":"0","CG":"0","SHO":"0","SV":"0","IPOUTS":"27","H":"13","ER":"7","HR":"2","BB":"5","SO":"7","BAOPP":"0.32","ERA":"7.0","IBB":"0","WP":"1","HBP":"0","BK":"0","BFP":"46","GF":"4","R":"9","SH":"-1","SF":"-1","GIDP":"-1"}},{"pitcher":{,"PLAYERID":"millest01","YEARID":"1957","STINT":"1","TEAMID":"NY1","LGID":"NL","W":"7","L":"9","G":"38","GS":"13","CG":"0","SHO":"0","SV":"1","IPOUTS":"372","H":"110","ER":"50","HR":"15","BB":"45","SO":"60","BAOPP":"0.24","ERA":"3.63","IBB":"6","WP":"4","HBP":"3","BK":"0","BFP":"514","GF":"17","R":"53","SH":"-1","SF":"-1","GIDP":"-1"}},{"pitcher":{,"PLAYERID":"minarru01","YEARID":"1957","STINT":"1","TEAMID":"BOS","LGID":"AL","W":"0","L":"0","G":"26","GS":"0","CG":"0","SHO":"0","SV":"2","IPOUTS":"134","H":"44","ER":"22","HR":"5","BB":"30","SO":"20","BAOPP":"0.26","ERA":"4.43","IBB":"4","WP":"2","HBP":"1","BK":"0","BFP":"205","GF":"15","R":"30","SH":"-1","SF":"-1","GIDP":"-1"}},{"pitcher":{,"PLAYERID":"minnido01","YEARID":"1957","STINT":"1","TEAMID":"WS1","LGID":"AL","W":"0","L":"1","G":"2","GS":"1","CG":"0","SHO":"0","SV":"0","IPOUTS":"28","H":"14","ER":"5","HR":"1","BB":"2","SO":"7","BAOPP":"0.34","ERA":"4.82","IBB":"0","WP":"0","HBP":"0","BK":"0","BFP":"44","GF":"0","R":"8","SH":"-1","SF":"-1","GIDP":"-1"}},{"pitcher":{,"PLAYERID":"mizelvi01","YEARID":"1957","STINT":"1","TEAMID":"SLN","LGID":"NL","W":"8","L":"10","G":"33","GS":"21","CG":"7","SHO":"2","SV":"0","IPOUTS":"448","H":"136","ER":"62","HR":"18","BB":"51","SO":"87","BAOPP":"0.24","ERA":"3.74","IBB":"4","WP":"1","HBP":"1","BK":"0","BFP":"627","GF":"2","R":"69","SH":"-1","SF":"-1","GIDP":"-1"}},{"pitcher":{,"PLAYERID":"monzara01","YEARID":"1957","STINT":"1","TEAMID":"NY1","LGID":"NL","W":"3","L":"2","G":"24","GS":"2","CG":"0","SHO":"0","SV":"0","IPOUTS":"149","H":"55","ER":"22","HR":"6","BB":"16","SO":"37","BAOPP":"0.28","ERA":"3.99","IBB":"1","WP":"0","HBP":"2","BK":"0","BFP":"217","GF":"8","R":"27","SH":"-1","SF":"-1","GIDP":"-1"}},{"pitcher":{,"PLAYERID":"moorera02","YEARID":"1957","STINT":"1","TEAMID":"BAL","LGID":"AL","W":"11","L":"13","G":"34","GS":"32","CG":"7","SHO":"1","SV":"0","IPOUTS":"682","H":"196","ER":"94","HR":"17","BB":"112","SO":"117","BAOPP":"0.23","ERA":"3.72","IBB":"5","WP":"7","HBP":"2","BK":"1","BFP":"962","GF":"1","R":"99","SH":"-1","SF":"-1","GIDP":"-1"}},{"pitcher":{,"PLAYERID":"morehse01","YEARID":"1957","STINT":"1","TEAMID":"PHI","LGID":"NL","W":"1","L":"1","G":"34","GS":"1","CG":"1","SHO":"0","SV":"1","IPOUTS":"176","H":"57","ER":"24","HR":"1","BB":"20","SO":"36","BAOPP":"0.25","ERA":"3.68","IBB":"4","WP":"1","HBP":"2","BK":"1","BFP":"253","GF":"11","R":"27","SH":"-1","SF":"-1","GIDP":"-1"}},{"pitcher":{,"PLAYERID":"morgato01","YEARID":"1957","STINT":"1","TEAMID":"KC1","LGID":"AL","W":"9","L":"7","G":"46","GS":"13","CG":"5","SHO":"0","SV":"7","IPOUTS":"431","H":"160","ER":"74","HR":"19","BB":"61","SO":"32","BAOPP":"0.29","ERA":"4.64","IBB":"9","WP":"3","HBP":"3","BK":"0","BFP":"619","GF":"24","R":"76","SH":"-1","SF":"-1","GIDP":"-1"}},{"pitcher":{,"PLAYERID":"mossido01","YEARID":"1957","STINT":"1","TEAMID":"CLE","LGID":"AL","W":"11","L":"10","G":"36","GS":"22","CG":"6","SHO":"1","SV":"2","IPOUTS":"477","H":"165","ER":"73","HR":"16","BB":"57","SO":"97","BAOPP":"0.26","ERA":"4.13","IBB":"5","WP":"1","HBP":"2","BK":"2","BFP":"693","GF":"7","R":"82","SH":"-1","SF":"-1","GIDP":"-1"}},{"pitcher":{,"PLAYERID":"muffebi01","YEARID":"1957","STINT":"1","TEAMID":"SLN","LGID":"NL","W":"3","L":"2","G":"23","GS":"0","CG":"0","SHO":"0","SV":"8","IPOUTS":"132","H":"35","ER":"11","HR":"1","BB":"13","SO":"21","BAOPP":"0.22","ERA":"2.25","IBB":"4","WP":"1","HBP":"0","BK":"0","BFP":"174","GF":"16","R":"11","SH":"-1","SF":"-1","GIDP":"-1"}},{"pitcher":{,"PLAYERID":"murffre01","YEARID":"1957","STINT":"1","TEAMID":"ML1","LGID":"NL","W":"2","L":"2","G":"12","GS":"1","CG":"0","SHO":"0","SV":"2","IPOUTS":"78","H":"31","ER":"14","HR":"3","BB":"11","SO":"13","BAOPP":"0.3","ERA":"4.85","IBB":"1","WP":"0","HBP":"0","BK":"0","BFP":"115","GF":"8","R":"14","SH":"-1","SF":"-1","GIDP":"-1"}},{"pitcher":{,"PLAYERID":"narlera01","YEARID":"1957","STINT":"1","TEAMID":"CLE","LGID":"AL","W":"11","L":"5","G":"46","GS":"15","CG":"7","SHO":"1","SV":"16","IPOUTS":"463","H":"136","ER":"53","HR":"14","BB":"70","SO":"93","BAOPP":"0.23","ERA":"3.09","IBB":"6","WP":"1","HBP":"4","BK":"0","BFP":"662","GF":"24","R":"65","SH":"-1","SF":"-1","GIDP":"-1"}},{"pitcher":{,"PLAYERID":"newcodo01","YEARID":"1957","STINT":"1","TEAMID":"BRO","LGID":"NL","W":"11","L":"12","G":"28","GS":"28","CG":"12","SHO":"4","SV":"0","IPOUTS":"596","H":"199","ER":"77","HR":"28","BB":"33","SO":"90","BAOPP":"0.25","ERA":"3.49","IBB":"4","WP":"0","HBP":"1","BK":"0","BFP":"815","GF":"0","R":"86","SH":"-1","SF":"-1","GIDP":"-1"}},{"pitcher":{,"PLAYERID":"nixonwi01","YEARID":"1957","STINT":"1","TEAMID":"BOS","LGID":"AL","W":"12","L":"13","G":"29","GS":"29","CG":"11","SHO":"1","SV":"0","IPOUTS":"573","H":"207","ER":"78","HR":"10","BB":"56","SO":"96","BAOPP":"0.28","ERA":"3.68","IBB":"3","WP":"5","HBP":"7","BK":"0","BFP":"809","GF":"0","R":"86","SH":"-1","SF":"-1","GIDP":"-1"}},{"pitcher":{,"PLAYERID":"nuxhajo01","YEARID":"1957","STINT":"1","TEAMID":"CIN","LGID":"NL","W":"10","L":"10","G":"39","GS":"28","CG":"6","SHO":"2","SV":"1","IPOUTS":"523","H":"192","ER":"92","HR":"24","BB":"53","SO":"99","BAOPP":"0.27","ERA":"4.75","IBB":"3","WP":"3","HBP":"7","BK":"1","BFP":"768","GF":"5","R":"104","SH":"-1","SF":"-1","GIDP":"-1"}},{"pitcher":{,"PLAYERID":"obrieed01","YEARID":"1957","STINT":"1","TEAMID":"PIT","LGID":"NL","W":"1","L":"0","G":"3","GS":"1","CG":"1","SHO":"0","SV":"0","IPOUTS":"37","H":"11","ER":"3","HR":"2","BB":"3","SO":"10","BAOPP":"0.22","ERA":"2.19","IBB":"0","WP":"0","HBP":"0","BK":"0","BFP":"51","GF":"0","R":"3","SH":"-1","SF":"-1","GIDP":"-1"}},{"pitcher":{,"PLAYERID":"obriejo03","YEARID":"1957","STINT":"1","TEAMID":"PIT","LGID":"NL","W":"0","L":"3","G":"16","GS":"1","CG":"0","SHO":"0","SV":"0","IPOUTS":"120","H":"46","ER":"27","HR":"7","BB":"24","SO":"19","BAOPP":"0.29","ERA":"6.08","IBB":"2","WP":"2","HBP":"1","BK":"0","BFP":"188","GF":"5","R":"32","SH":"-1","SF":"-1","GIDP":"-1"}},{"pitcher":{,"PLAYERID":"odellbi01","YEARID":"1957","STINT":"1","TEAMID":"BAL","LGID":"AL","W":"4","L":"10","G":"35","GS":"15","CG":"2","SHO":"1","SV":"4","IPOUTS":"421","H":"107","ER":"42","HR":"12","BB":"39","SO":"97","BAOPP":"0.21","ERA":"2.69","IBB":"2","WP":"0","HBP":"5","BK":"0","BFP":"560","GF":"6","R":"48","SH":"-1","SF":"-1","GIDP":"-1"}},{"pitcher":{,"PLAYERID":"osteecl01","YEARID":"1957","STINT":"1","TEAMID":"CIN","LGID":"NL","W":"0","L":"0","G":"3","GS":"0","CG":"0","SHO":"0","SV":"0","IPOUTS":"12","H":"4","ER":"1","HR":"0","BB":"3","SO":"3","BAOPP":"0.25","ERA":"2.25","IBB":"0","WP":"2","HBP":"0","BK":"0","BFP":"19","GF":"1","R":"1","SH":"-1","SF":"-1","GIDP":"-1"}},{"pitcher":{,"PLAYERID":"paineph01","YEARID":"1957","STINT":"1","TEAMID":"ML1","LGID":"NL","W":"0","L":"0","G":"1","GS":"0","CG":"0","SHO":"0","SV":"0","IPOUTS":"6","H":"1","ER":"0","HR":"0","BB":"3","SO":"2","BAOPP":"0.14","ERA":"0.0","IBB":"0","WP":"0","HBP":"0","BK":"0","BFP":"10","GF":"1","R":"0","SH":"-1","SF":"-1","GIDP":"-1"}},{"pitcher":{,"PLAYERID":"pappami01","YEARID":"1957","STINT":"1","TEAMID":"BAL","LGID":"AL","W":"0","L":"0","G":"4","GS":"0","CG":"0","SHO":"0","SV":"0","IPOUTS":"27","H":"6","ER":"1","HR":"0","BB":"3","SO":"3","BAOPP":"0.2","ERA":"1.0","IBB":"0","WP":"0","HBP":"0","BK":"0","BFP":"34","GF":"4","R":"1","SH":"-1","SF":"-1","GIDP":"-1"}},{"pitcher":{,"PLAYERID":"pascuca02","YEARID":"1957","STINT":"1","TEAMID":"WS1","LGID":"AL","W":"8","L":"17","G":"29","GS":"26","CG":"8","SHO":"2","SV":"0","IPOUTS":"527","H":"168","ER":"80","HR":"11","BB":"76","SO":"113","BAOPP":"0.25","ERA":"4.1","IBB":"5","WP":"5","HBP":"3","BK":"0","BFP":"752","GF":"3","R":"85","SH":"-1","SF":"-1","GIDP":"-1"}},{"pitcher":{,"PLAYERID":"peppela01","YEARID":"1957","STINT":"1","TEAMID":"PIT","LGID":"NL","W":"0","L":"1","G":"5","GS":"1","CG":"0","SHO":"0","SV":"0","IPOUTS":"27","H":"11","ER":"8","HR":"1","BB":"5","SO":"4","BAOPP":"0.29","ERA":"8.0","IBB":"2","WP":"0","HBP":"0","BK":"0","BFP":"43","GF":"1","R":"8","SH":"-1","SF":"-1","GIDP":"-1"}},{"pitcher":{,"PLAYERID":"phillta01","YEARID":"1957","STINT":"1","TEAMID":"ML1","LGID":"NL","W":"3","L":"2","G":"27","GS":"6","CG":"0","SHO":"0","SV":"2","IPOUTS":"219","H":"82","ER":"45","HR":"3","BB":"40","SO":"36","BAOPP":"0.3","ERA":"5.55","IBB":"3","WP":"3","HBP":"1","BK":"0","BFP":"324","GF":"9","R":"46","SH":"-1","SF":"-1","GIDP":"-1"}},{"pitcher":{,"PLAYERID":"piercbi02","YEARID":"1957","STINT":"1","TEAMID":"CHA","LGID":"AL","W":"20","L":"12","G":"37","GS":"34","CG":"16","SHO":"4","SV":"2","IPOUTS":"771","H":"228","ER":"93","HR":"18","BB":"71","SO":"171","BAOPP":"0.23","ERA":"3.26","IBB":"9","WP":"3","HBP":"1","BK":"1","BFP":"1062","GF":"2","R":"98","SH":"-1","SF":"-1","GIDP":"-1"}},{"pitcher":{,"PLAYERID":"pitulst01","YEARID":"1957","STINT":"1","TEAMID":"CLE","LGID":"AL","W":"2","L":"2","G":"23","GS":"5","CG":"1","SHO":"0","SV":"0","IPOUTS":"179","H":"67","ER":"33","HR":"8","BB":"32","SO":"17","BAOPP":"0.29","ERA":"4.98","IBB":"4","WP":"1","HBP":"2","BK":"0","BFP":"266","GF":"7","R":"37","SH":"-1","SF":"-1","GIDP":"-1"}},{"pitcher":{,"PLAYERID":"pizarju01","YEARID":"1957","STINT":"1","TEAMID":"ML1","LGID":"NL","W":"5","L":"6","G":"24","GS":"10","CG":"3","SHO":"0","SV":"0","IPOUTS":"298","H":"99","ER":"51","HR":"16","BB":"51","SO":"68","BAOPP":"0.26","ERA":"4.62","IBB":"2","WP":"2","HBP":"1","BK":"0","BFP":"440","GF":"7","R":"58","SH":"-1","SF":"-1","GIDP":"-1"}},{"pitcher":{,"PLAYERID":"podbibu01","YEARID":"1957","STINT":"1","TEAMID":"CIN","LGID":"NL","W":"0","L":"1","G":"5","GS":"3","CG":"1","SHO":"0","SV":"0","IPOUTS":"48","H":"18","ER":"11","HR":"4","BB":"4","SO":"13","BAOPP":"0.29","ERA":"6.19","IBB":"0","WP":"0","HBP":"0","BK":"0","BFP":"67","GF":"0","R":"11","SH":"-1","SF":"-1","GIDP":"-1"}},{"pitcher":{,"PLAYERID":"podrejo01","YEARID":"1957","STINT":"1","TEAMID":"BRO","LGID":"NL","W":"12","L":"9","G":"31","GS":"27","CG":"10","SHO":"6","SV":"3","IPOUTS":"588","H":"168","ER":"58","HR":"15","BB":"44","SO":"109","BAOPP":"0.23","ERA":"2.66","IBB":"1","WP":"3","HBP":"1","BK":"0","BFP":"783","GF":"4","R":"64","SH":"-1","SF":"-1","GIDP":"-1"}},{"pitcher":{,"PLAYERID":"poholto01","YEARID":"1957","STINT":"1","TEAMID":"CHN","LGID":"NL","W":"1","L":"7","G":"28","GS":"11","CG":"1","SHO":"0","SV":"0","IPOUTS":"252","H":"117","ER":"46","HR":"9","BB":"22","SO":"28","BAOPP":"0.33","ERA":"4.93","IBB":"4","WP":"3","HBP":"2","BK":"0","BFP":"387","GF":"8","R":"55","SH":"-1","SF":"-1","GIDP":"-1"}},{"pitcher":{,"PLAYERID":"portebo01","YEARID":"1957","STINT":"1","TEAMID":"BOS","LGID":"AL","W":"4","L":"4","G":"28","GS":"9","CG":"3","SHO":"1","SV":"1","IPOUTS":"307","H":"107","ER":"46","HR":"8","BB":"30","SO":"28","BAOPP":"0.27","ERA":"4.05","IBB":"2","WP":"1","HBP":"1","BK":"0","BFP":"435","GF":"5","R":"54","SH":"-1","SF":"-1","GIDP":"-1"}},{"pitcher":{,"PLAYERID":"portoar01","YEARID":"1957","STINT":"1","TEAMID":"KC1","LGID":"AL","W":"4","L":"9","G":"33","GS":"17","CG":"1","SHO":"0","SV":"0","IPOUTS":"344","H":"103","ER":"50","HR":"10","BB":"34","SO":"42","BAOPP":"0.24","ERA":"3.92","IBB":"2","WP":"1","HBP":"3","BK":"0","BFP":"474","GF":"8","R":"55","SH":"-1","SF":"-1","GIDP":"-1"}},{"pitcher":{,"PLAYERID":"preskjo01","YEARID":"1957","STINT":"1","TEAMID":"DET","LGID":"AL","W":"1","L":"1","G":"7","GS":"0","CG":"0","SHO":"0","SV":"0","IPOUTS":"33","H":"10","ER":"2","HR":"0","BB":"4","SO":"3","BAOPP":"0.27","ERA":"1.64","IBB":"1","WP":"0","HBP":"1","BK":"0","BFP":"46","GF":"6","R":"3","SH":"-1","SF":"-1","GIDP":"-1"}},{"pitcher":{,"PLAYERID":"purkebo01","YEARID":"1957","STINT":"1","TEAMID":"PIT","LGID":"NL","W":"11","L":"14","G":"48","GS":"21","CG":"6","SHO":"1","SV":"2","IPOUTS":"539","H":"194","ER":"77","HR":"10","BB":"38","SO":"51","BAOPP":"0.27","ERA":"3.86","IBB":"9","WP":"2","HBP":"7","BK":"0","BFP":"761","GF":"11","R":"84","SH":"-1","SF":"-1","GIDP":"-1"}},{"pitcher":{,"PLAYERID":"qualtto01","YEARID":"1957","STINT":"1","TEAMID":"PHI","LGID":"NL","W":"0","L":"0","G":"6","GS":"0","CG":"0","SHO":"0","SV":"0","IPOUTS":"22","H":"12","ER":"6","HR":"0","BB":"4","SO":"6","BAOPP":"0.4","ERA":"7.36","IBB":"1","WP":"0","HBP":"0","BK":"0","BFP":"35","GF":"2","R":"6","SH":"-1","SF":"-1","GIDP":"-1"}},{"pitcher":{,"PLAYERID":"rabech01","YEARID":"1957","STINT":"1","TEAMID":"CIN","LGID":"NL","W":"0","L":"1","G":"2","GS":"1","CG":"0","SHO":"0","SV":"0","IPOUTS":"25","H":"5","ER":"2","HR":"2","BB":"0","SO":"6","BAOPP":"0.16","ERA":"2.16","IBB":"0","WP":"0","HBP":"0","BK":"0","BFP":"30","GF":"0","R":"2","SH":"-1","SF":"-1","GIDP":"-1"}},{"pitcher":{,"PLAYERID":"raethha01","YEARID":"1957","STINT":"1","TEAMID":"KC1","LGID":"AL","W":"0","L":"0","G":"1","GS":"0","CG":"0","SHO":"0","SV":"0","IPOUTS":"6","H":"2","ER":"2","HR":"1","BB":"0","SO":"0","BAOPP":"0.25","ERA":"9.0","IBB":"0","WP":"0","HBP":"0","BK":"0","BFP":"8","GF":"1","R":"2","SH":"-1","SF":"-1","GIDP":"-1"}},{"pitcher":{,"PLAYERID":"ramospe01","YEARID":"1957","STINT":"1","TEAMID":"WS1","LGID":"AL","W":"12","L":"16","G":"43","GS":"30","CG":"7","SHO":"1","SV":"0","IPOUTS":"693","H":"251","ER":"123","HR":"43","BB":"69","SO":"91","BAOPP":"0.27","ERA":"4.79","IBB":"4","WP":"2","HBP":"7","BK":"0","BFP":"1011","GF":"5","R":"131","SH":"-1","SF":"-1","GIDP":"-1"}},{"pitcher":{,"PLAYERID":"ridzist01","YEARID":"1957","STINT":"1","TEAMID":"NY1","LGID":"NL","W":"0","L":"2","G":"15","GS":"0","CG":"0","SHO":"0","SV":"0","IPOUTS":"80","H":"19","ER":"14","HR":"3","BB":"19","SO":"13","BAOPP":"0.21","ERA":"4.73","IBB":"1","WP":"1","HBP":"2","BK":"0","BFP":"112","GF":"3","R":"14","SH":"-1","SF":"-1","GIDP":"-1"}},{"pitcher":{,"PLAYERID":"roberro01","YEARID":"1957","STINT":"1","TEAMID":"PHI","LGID":"NL","W":"10","L":"22","G":"39","GS":"32","CG":"14","SHO":"2","SV":"2","IPOUTS":"749","H":"246","ER":"113","HR":"40","BB":"43","SO":"128","BAOPP":"0.25","ERA":"4.07","IBB":"16","WP":"0","HBP":"1","BK":"0","BFP":"1033","GF":"5","R":"122","SH":"-1","SF":"-1","GIDP":"-1"}},{"pitcher":{,"PLAYERID":"roebued01","YEARID":"1957","STINT":"1","TEAMID":"BRO","LGID":"NL","W":"8","L":"2","G":"44","GS":"1","CG":"0","SHO":"0","SV":"8","IPOUTS":"289","H":"70","ER":"29","HR":"9","BB":"46","SO":"73","BAOPP":"0.2","ERA":"2.71","IBB":"6","WP":"3","HBP":"2","BK":"0","BFP":"395","GF":"19","R":"37","SH":"-1","SF":"-1","GIDP":"-1"}},{"pitcher":{,"PLAYERID":"rogovsa01","YEARID":"1957","STINT":"1","TEAMID":"PHI","LGID":"NL","W":"0","L":"0","G":"4","GS":"0","CG":"0","SHO":"0","SV":"0","IPOUTS":"24","H":"11","ER":"8","HR":"1","BB":"3","SO":"0","BAOPP":"0.33","ERA":"9.0","IBB":"1","WP":"0","HBP":"0","BK":"0","BFP":"38","GF":"2","R":"8","SH":"-1","SF":"-1","GIDP":"-1"}},{"pitcher":{,"PLAYERID":"rudoldo01","YEARID":"1957","STINT":"1","TEAMID":"CHA","LGID":"AL","W":"1","L":"0","G":"5","GS":"0","CG":"0","SHO":"0","SV":"0","IPOUTS":"36","H":"6","ER":"3","HR":"2","BB":"2","SO":"2","BAOPP":"0.14","ERA":"2.25","IBB":"0","WP":"0","HBP":"0","BK":"0","BFP":"43","GF":"2","R":"3","SH":"-1","SF":"-1","GIDP":"-1"}},{"pitcher":{,"PLAYERID":"rushbo01","YEARID":"1957","STINT":"1","TEAMID":"CHN","LGID":"NL","W":"6","L":"16","G":"31","GS":"29","CG":"5","SHO":"0","SV":"0","IPOUTS":"616","H":"211","ER":"100","HR":"16","BB":"66","SO":"103","BAOPP":"0.26","ERA":"4.38","IBB":"6","WP":"4","HBP":"2","BK":"0","BFP":"887","GF":"0","R":"111","SH":"-1","SF":"-1","GIDP":"-1"}},{"pitcher":{,"PLAYERID":"sanchra01","YEARID":"1957","STINT":"1","TEAMID":"CIN","LGID":"NL","W":"3","L":"2","G":"38","GS":"0","CG":"0","SHO":"0","SV":"5","IPOUTS":"187","H":"61","ER":"33","HR":"7","BB":"25","SO":"37","BAOPP":"0.26","ERA":"4.76","IBB":"3","WP":"2","HBP":"4","BK":"0","BFP":"270","GF":"15","R":"37","SH":"-1","SF":"-1","GIDP":"-1"}},{"pitcher":{,"PLAYERID":"sanfoja02","YEARID":"1957","STINT":"1","TEAMID":"PHI","LGID":"NL","W":"19","L":"8","G":"33","GS":"33","CG":"15","SHO":"3","SV":"0","IPOUTS":"710","H":"194","ER":"81","HR":"22","BB":"94","SO":"188","BAOPP":"0.22","ERA":"3.08","IBB":"2","WP":"12","HBP":"3","BK":"1","BFP":"989","GF":"0","R":"94","SH":"-1","SF":"-1","GIDP":"-1"}},{"pitcher":{,"PLAYERID":"schmiwi01","YEARID":"1957","STINT":"1","TEAMID":"SLN","LGID":"NL","W":"10","L":"3","G":"40","GS":"8","CG":"1","SHO":"0","SV":"0","IPOUTS":"350","H":"146","ER":"62","HR":"13","BB":"49","SO":"63","BAOPP":"0.31","ERA":"4.78","IBB":"6","WP":"7","HBP":"2","BK":"0","BFP":"527","GF":"8","R":"67","SH":"-1","SF":"-1","GIDP":"-1"}},{"pitcher":{,"PLAYERID":"scorehe01","YEARID":"1957","STINT":"1","TEAMID":"CLE","LGID":"AL","W":"2","L":"1","G":"5","GS":"5","CG":"3","SHO":"1","SV":"0","IPOUTS":"108","H":"18","ER":"8","HR":"0","BB":"26","SO":"39","BAOPP":"0.14","ERA":"2.0","IBB":"2","WP":"5","HBP":"1","BK":"0","BFP":"150","GF":"0","R":"9","SH":"-1","SF":"-1","GIDP":"-1"}},{"pitcher":{,"PLAYERID":"shantbo01","YEARID":"1957","STINT":"1","TEAMID":"NYA","LGID":"AL","W":"11","L":"5","G":"30","GS":"21","CG":"9","SHO":"1","SV":"5","IPOUTS":"519","H":"157","ER":"47","HR":"15","BB":"40","SO":"72","BAOPP":"0.24","ERA":"2.45","IBB":"1","WP":"3","HBP":"6","BK":"1","BFP":"688","GF":"6","R":"58","SH":"-1","SF":"-1","GIDP":"-1"}},{"pitcher":{,"PLAYERID":"shawbo01","YEARID":"1957","STINT":"1","TEAMID":"DET","LGID":"AL","W":"0","L":"1","G":"7","GS":"0","CG":"0","SHO":"0","SV":"0","IPOUTS":"29","H":"11","ER":"8","HR":"2","BB":"7","SO":"4","BAOPP":"0.28","ERA":"7.45","IBB":"1","WP":"0","HBP":"0","BK":"0","BFP":"46","GF":"0","R":"9","SH":"-1","SF":"-1","GIDP":"-1"}},{"pitcher":{,"PLAYERID":"shiffga01","YEARID":"1957","STINT":"1","TEAMID":"WS1","LGID":"AL","W":"0","L":"0","G":"6","GS":"1","CG":"0","SHO":"0","SV":"0","IPOUTS":"24","H":"6","ER":"9","HR":"0","BB":"10","SO":"2","BAOPP":"0.22","ERA":"10.13","IBB":"0","WP":"0","HBP":"0","BK":"0","BFP":"39","GF":"2","R":"9","SH":"-1","SF":"-1","GIDP":"-1"}},{"pitcher":{,"PLAYERID":"simmocu01","YEARID":"1957","STINT":"1","TEAMID":"PHI","LGID":"NL","W":"12","L":"11","G":"32","GS":"29","CG":"9","SHO":"2","SV":"0","IPOUTS":"636","H":"214","ER":"81","HR":"11","BB":"50","SO":"92","BAOPP":"0.26","ERA":"3.44","IBB":"11","WP":"2","HBP":"2","BK":"0","BFP":"884","GF":"2","R":"92","SH":"-1","SF":"-1","GIDP":"-1"}},{"pitcher":{,"PLAYERID":"singlel01","YEARID":"1957","STINT":"1","TEAMID":"CHN","LGID":"NL","W":"0","L":"1","G":"5","GS":"2","CG":"0","SHO":"0","SV":"0","IPOUTS":"40","H":"20","ER":"10","HR":"3","BB":"2","SO":"6","BAOPP":"0.33","ERA":"6.75","IBB":"0","WP":"0","HBP":"0","BK":"1","BFP":"62","GF":"1","R":"11","SH":"-1","SF":"-1","GIDP":"-1"}},{"pitcher":{,"PLAYERID":"sisleda01","YEARID":"1957","STINT":"1","TEAMID":"BOS","LGID":"AL","W":"7","L":"8","G":"22","GS":"19","CG":"5","SHO":"0","SV":"1","IPOUTS":"367","H":"135","ER":"64","HR":"15","BB":"61","SO":"55","BAOPP":"0.28","ERA":"4.71","IBB":"1","WP":"2","HBP":"2","BK":"1","BFP":"554","GF":"2","R":"68","SH":"-1","SF":"-1","GIDP":"-1"}},{"pitcher":{,"PLAYERID":"skaugda01","YEARID":"1957","STINT":"1","TEAMID":"CIN","LGID":"NL","W":"0","L":"0","G":"2","GS":"0","CG":"0","SHO":"0","SV":"0","IPOUTS":"17","H":"4","ER":"1","HR":"0","BB":"6","SO":"4","BAOPP":"0.19","ERA":"1.59","IBB":"0","WP":"1","HBP":"0","BK":"0","BFP":"27","GF":"1","R":"1","SH":"-1","SF":"-1","GIDP":"-1"}},{"pitcher":{,"PLAYERID":"sleatlo01","YEARID":"1957","STINT":"1","TEAMID":"DET","LGID":"AL","W":"3","L":"3","G":"41","GS":"0","CG":"0","SHO":"0","SV":"2","IPOUTS":"208","H":"61","ER":"29","HR":"9","BB":"28","SO":"43","BAOPP":"0.23","ERA":"3.76","IBB":"7","WP":"1","HBP":"1","BK":"0","BFP":"296","GF":"19","R":"33","SH":"-1","SF":"-1","GIDP":"-1"}},{"pitcher":{,"PLAYERID":"smithbo03","YEARID":"1957","STINT":"2","TEAMID":"PIT","LGID":"NL","W":"2","L":"4","G":"20","GS":"4","CG":"2","SHO":"0","SV":"0","IPOUTS":"165","H":"48","ER":"19","HR":"2","BB":"25","SO":"35","BAOPP":"0.22","ERA":"3.11","IBB":"3","WP":"2","HBP":"1","BK":"0","BFP":"237","GF":"4","R":"22","SH":"-1","SF":"-1","GIDP":"-1"}},{"pitcher":{,"PLAYERID":"smithbo03","YEARID":"1957","STINT":"1","TEAMID":"SLN","LGID":"NL","W":"0","L":"0","G":"6","GS":"0","CG":"0","SHO":"0","SV":"1","IPOUTS":"29","H":"12","ER":"5","HR":"0","BB":"6","SO":"11","BAOPP":"0.26","ERA":"4.66","IBB":"1","WP":"0","HBP":"1","BK":"0","BFP":"53","GF":"3","R":"10","SH":"-1","SF":"-1","GIDP":"-1"}},{"pitcher":{,"PLAYERID":"spahnwa01","YEARID":"1957","STINT":"1","TEAMID":"ML1","LGID":"NL","W":"21","L":"11","G":"39","GS":"35","CG":"18","SHO":"4","SV":"3","IPOUTS":"813","H":"241","ER":"81","HR":"23","BB":"78","SO":"111","BAOPP":"0.23","ERA":"2.69","IBB":"4","WP":"2","HBP":"2","BK":"0","BFP":"1111","GF":"4","R":"94","SH":"-1","SF":"-1","GIDP":"-1"}},{"pitcher":{,"PLAYERID":"sprinja01","YEARID":"1957","STINT":"1","TEAMID":"BOS","LGID":"AL","W":"0","L":"0","G":"1","GS":"0","CG":"0","SHO":"0","SV":"0","IPOUTS":"3","H":"0","ER":"0","HR":"0","BB":"0","SO":"2","BAOPP":"0.0","ERA":"0.0","IBB":"0","WP":"0","HBP":"0","BK":"0","BFP":"3","GF":"1","R":"0","SH":"-1","SF":"-1","GIDP":"-1"}},{"pitcher":{,"PLAYERID":"stalege01","YEARID":"1957","STINT":"1","TEAMID":"CHA","LGID":"AL","W":"5","L":"1","G":"47","GS":"0","CG":"0","SHO":"0","SV":"7","IPOUTS":"315","H":"95","ER":"24","HR":"7","BB":"27","SO":"44","BAOPP":"0.24","ERA":"2.06","IBB":"9","WP":"3","HBP":"0","BK":"0","BFP":"424","GF":"24","R":"27","SH":"-1","SF":"-1","GIDP":"-1"}},{"pitcher":{,"PLAYERID":"stobbch01","YEARID":"1957","STINT":"1","TEAMID":"WS1","LGID":"AL","W":"8","L":"20","G":"42","GS":"31","CG":"5","SHO":"2","SV":"1","IPOUTS":"635","H":"235","ER":"126","HR":"28","BB":"80","SO":"114","BAOPP":"0.27","ERA":"5.36","IBB":"10","WP":"4","HBP":"5","BK":"0","BFP":"946","GF":"5","R":"140","SH":"-1","SF":"-1","GIDP":"-1"}},{"pitcher":{,"PLAYERID":"stonede01","YEARID":"1957","STINT":"2","TEAMID":"BOS","LGID":"AL","W":"1","L":"3","G":"17","GS":"8","CG":"0","SHO":"0","SV":"1","IPOUTS":"154","H":"56","ER":"29","HR":"5","BB":"35","SO":"32","BAOPP":"0.28","ERA":"5.08","IBB":"0","WP":"2","HBP":"0","BK":"0","BFP":"239","GF":"5","R":"42","SH":"-1","SF":"-1","GIDP":"-1"}},{"pitcher":{,"PLAYERID":"stonede01","YEARID":"1957","STINT":"1","TEAMID":"WS1","LGID":"AL","W":"0","L":"0","G":"3","GS":"0","CG":"0","SHO":"0","SV":"0","IPOUTS":"10","H":"5","ER":"3","HR":"0","BB":"2","SO":"3","BAOPP":"0.35","ERA":"8.1","IBB":"1","WP":"0","HBP":"0","BK":"0","BFP":"17","GF":"0","R":"3","SH":"-1","SF":"-1","GIDP":"-1"}},{"pitcher":{,"PLAYERID":"stumpji01","YEARID":"1957","STINT":"1","TEAMID":"DET","LGID":"AL","W":"1","L":"0","G":"6","GS":"0","CG":"0","SHO":"0","SV":"0","IPOUTS":"40","H":"11","ER":"3","HR":"0","BB":"8","SO":"2","BAOPP":"0.22","ERA":"2.03","IBB":"0","WP":"0","HBP":"0","BK":"0","BFP":"61","GF":"1","R":"4","SH":"-1","SF":"-1","GIDP":"-1"}},{"pitcher":{,"PLAYERID":"sturdto01","YEARID":"1957","STINT":"1","TEAMID":"NYA","LGID":"AL","W":"16","L":"6","G":"28","GS":"28","CG":"7","SHO":"2","SV":"0","IPOUTS":"605","H":"170","ER":"57","HR":"14","BB":"80","SO":"118","BAOPP":"0.23","ERA":"2.54","IBB":"2","WP":"3","HBP":"4","BK":"0","BFP":"828","GF":"0","R":"65","SH":"-1","SF":"-1","GIDP":"-1"}},{"pitcher":{,"PLAYERID":"sullifr01","YEARID":"1957","STINT":"1","TEAMID":"BOS","LGID":"AL","W":"14","L":"11","G":"31","GS":"30","CG":"14","SHO":"3","SV":"0","IPOUTS":"722","H":"206","ER":"73","HR":"16","BB":"48","SO":"127","BAOPP":"0.23","ERA":"2.73","IBB":"4","WP":"2","HBP":"7","BK":"0","BFP":"961","GF":"1","R":"76","SH":"-1","SF":"-1","GIDP":"-1"}},{"pitcher":{,"PLAYERID":"surkoma01","YEARID":"1957","STINT":"1","TEAMID":"NY1","LGID":"NL","W":"0","L":"1","G":"5","GS":"0","CG":"0","SHO":"0","SV":"0","IPOUTS":"19","H":"9","ER":"7","HR":"2","BB":"2","SO":"8","BAOPP":"0.32","ERA":"9.95","IBB":"0","WP":"0","HBP":"0","BK":"0","BFP":"30","GF":"1","R":"7","SH":"-1","SF":"-1","GIDP":"-1"}},{"pitcher":{,"PLAYERID":"suscege02","YEARID":"1957","STINT":"1","TEAMID":"BOS","LGID":"AL","W":"7","L":"3","G":"29","GS":"5","CG":"0","SHO":"0","SV":"1","IPOUTS":"265","H":"93","ER":"42","HR":"6","BB":"41","SO":"40","BAOPP":"0.27","ERA":"4.28","IBB":"5","WP":"1","HBP":"3","BK":"0","BFP":"390","GF":"14","R":"45","SH":"-1","SF":"-1","GIDP":"-1"}},{"pitcher":{,"PLAYERID":"swansre01","YEARID":"1957","STINT":"1","TEAMID":"PIT","LGID":"NL","W":"3","L":"3","G":"32","GS":"8","CG":"1","SHO":"0","SV":"0","IPOUTS":"218","H":"68","ER":"30","HR":"9","BB":"31","SO":"29","BAOPP":"0.24","ERA":"3.72","IBB":"3","WP":"1","HBP":"1","BK":"0","BFP":"309","GF":"8","R":"35","SH":"-1","SF":"-1","GIDP":"-1"}},{"pitcher":{,"PLAYERID":"tayloha05","YEARID":"1957","STINT":"1","TEAMID":"KC1","LGID":"AL","W":"0","L":"0","G":"2","GS":"0","CG":"0","SHO":"0","SV":"0","IPOUTS":"26","H":"11","ER":"3","HR":"0","BB":"4","SO":"4","BAOPP":"0.31","ERA":"3.12","IBB":"0","WP":"1","HBP":"1","BK":"0","BFP":"40","GF":"0","R":"4","SH":"-1","SF":"-1","GIDP":"-1"}},{"pitcher":{,"PLAYERID":"terryra01","YEARID":"1957","STINT":"1","TEAMID":"NYA","LGID":"AL","W":"1","L":"1","G":"7","GS":"2","CG":"1","SHO":"1","SV":"0","IPOUTS":"62","H":"18","ER":"7","HR":"1","BB":"8","SO":"7","BAOPP":"0.24","ERA":"3.05","IBB":"1","WP":"0","HBP":"0","BK":"0","BFP":"85","GF":"2","R":"7","SH":"-1","SF":"-1","GIDP":"-1"}},{"pitcher":{,"PLAYERID":"terryra01","YEARID":"1957","STINT":"2","TEAMID":"KC1","LGID":"AL","W":"4","L":"11","G":"21","GS":"19","CG":"3","SHO":"1","SV":"0","IPOUTS":"392","H":"119","ER":"49","HR":"15","BB":"47","SO":"80","BAOPP":"0.23","ERA":"3.38","IBB":"2","WP":"3","HBP":"4","BK":"1","BFP":"556","GF":"0","R":"63","SH":"-1","SF":"-1","GIDP":"-1"}},{"pitcher":{,"PLAYERID":"tomandi01","YEARID":"1957","STINT":"1","TEAMID":"CLE","LGID":"AL","W":"2","L":"1","G":"34","GS":"2","CG":"0","SHO":"0","SV":"0","IPOUTS":"209","H":"67","ER":"44","HR":"13","BB":"37","SO":"55","BAOPP":"0.24","ERA":"5.68","IBB":"3","WP":"5","HBP":"1","BK":"0","BFP":"310","GF":"16","R":"51","SH":"-1","SF":"-1","GIDP":"-1"}},{"pitcher":{,"PLAYERID":"trimbjo01","YEARID":"1957","STINT":"1","TEAMID":"PIT","LGID":"NL","W":"0","L":"2","G":"5","GS":"4","CG":"0","SHO":"0","SV":"0","IPOUTS":"59","H":"23","ER":"18","HR":"7","BB":"13","SO":"9","BAOPP":"0.29","ERA":"8.24","IBB":"1","WP":"2","HBP":"1","BK":"0","BFP":"95","GF":"0","R":"19","SH":"-1","SF":"-1","GIDP":"-1"}},{"pitcher":{,"PLAYERID":"troutdi01","YEARID":"1957","STINT":"1","TEAMID":"BAL","LGID":"AL","W":"0","L":"0","G":"2","GS":"0","CG":"0","SHO":"0","SV":"0","IPOUTS":"1","H":"4","ER":"3","HR":"0","BB":"0","SO":"0","BAOPP":"0.8","ERA":"81.0","IBB":"0","WP":"0","HBP":"0","BK":"0","BFP":"5","GF":"1","R":"3","SH":"-1","SF":"-1","GIDP":"-1"}},{"pitcher":{,"PLAYERID":"trowbbo01","YEARID":"1957","STINT":"1","TEAMID":"ML1","LGID":"NL","W":"7","L":"5","G":"32","GS":"16","CG":"3","SHO":"1","SV":"1","IPOUTS":"378","H":"118","ER":"51","HR":"9","BB":"52","SO":"75","BAOPP":"0.24","ERA":"3.64","IBB":"5","WP":"2","HBP":"1","BK":"0","BFP":"537","GF":"8","R":"57","SH":"-1","SF":"-1","GIDP":"-1"}},{"pitcher":{,"PLAYERID":"truckvi01","YEARID":"1957","STINT":"1","TEAMID":"KC1","LGID":"AL","W":"9","L":"7","G":"48","GS":"7","CG":"0","SHO":"0","SV":"7","IPOUTS":"348","H":"106","ER":"39","HR":"12","BB":"62","SO":"55","BAOPP":"0.24","ERA":"3.03","IBB":"8","WP":"7","HBP":"2","BK":"0","BFP":"502","GF":"23","R":"45","SH":"-1","SF":"-1","GIDP":"-1"}},{"pitcher":{,"PLAYERID":"tsitojo01","YEARID":"1957","STINT":"1","TEAMID":"DET","LGID":"AL","W":"1","L":"0","G":"2","GS":"0","CG":"0","SHO":"0","SV":"0","IPOUTS":"10","H":"8","ER":"3","HR":"0","BB":"2","SO":"2","BAOPP":"0.5","ERA":"8.1","IBB":"0","WP":"0","HBP":"0","BK":"0","BFP":"18","GF":"1","R":"3","SH":"-1","SF":"-1","GIDP":"-1"}},{"pitcher":{,"PLAYERID":"turlebo01","YEARID":"1957","STINT":"1","TEAMID":"NYA","LGID":"AL","W":"13","L":"6","G":"32","GS":"23","CG":"9","SHO":"4","SV":"3","IPOUTS":"529","H":"120","ER":"53","HR":"17","BB":"85","SO":"152","BAOPP":"0.19","ERA":"2.71","IBB":"1","WP":"2","HBP":"9","BK":"0","BFP":"723","GF":"7","R":"59","SH":"-1","SF":"-1","GIDP":"-1"}},{"pitcher":{,"PLAYERID":"urbanja01","YEARID":"1957","STINT":"1","TEAMID":"KC1","LGID":"AL","W":"7","L":"4","G":"31","GS":"13","CG":"3","SHO":"0","SV":"0","IPOUTS":"388","H":"111","ER":"48","HR":"7","BB":"45","SO":"55","BAOPP":"0.23","ERA":"3.34","IBB":"3","WP":"4","HBP":"1","BK":"2","BFP":"530","GF":"9","R":"55","SH":"-1","SF":"-1","GIDP":"-1"}},{"pitcher":{,"PLAYERID":"valdere01","YEARID":"1957","STINT":"1","TEAMID":"BRO","LGID":"NL","W":"1","L":"1","G":"5","GS":"1","CG":"0","SHO":"0","SV":"0","IPOUTS":"39","H":"13","ER":"8","HR":"1","BB":"7","SO":"10","BAOPP":"0.26","ERA":"5.54","IBB":"1","WP":"1","HBP":"0","BK":"0","BFP":"59","GF":"0","R":"8","SH":"-1","SF":"-1","GIDP":"-1"}},{"pitcher":{,"PLAYERID":"valenvi01","YEARID":"1957","STINT":"1","TEAMID":"CHN","LGID":"NL","W":"0","L":"0","G":"9","GS":"0","CG":"0","SHO":"0","SV":"0","IPOUTS":"36","H":"12","ER":"3","HR":"1","BB":"7","SO":"8","BAOPP":"0.25","ERA":"2.25","IBB":"1","WP":"0","HBP":"0","BK":"0","BFP":"55","GF":"4","R":"5","SH":"-1","SF":"-1","GIDP":"-1"}},{"pitcher":{,"PLAYERID":"valenvi01","YEARID":"1957","STINT":"2","TEAMID":"CLE","LGID":"AL","W":"2","L":"2","G":"11","GS":"2","CG":"1","SHO":"0","SV":"0","IPOUTS":"71","H":"26","ER":"13","HR":"3","BB":"13","SO":"9","BAOPP":"0.28","ERA":"4.94","IBB":"0","WP":"2","HBP":"1","BK":"0","BFP":"109","GF":"4","R":"14","SH":"-1","SF":"-1","GIDP":"-1"}},{"pitcher":{,"PLAYERID":"walkeje01","YEARID":"1957","STINT":"1","TEAMID":"BAL","LGID":"AL","W":"1","L":"0","G":"13","GS":"3","CG":"1","SHO":"1","SV":"1","IPOUTS":"83","H":"24","ER":"9","HR":"1","BB":"14","SO":"13","BAOPP":"0.24","ERA":"2.93","IBB":"1","WP":"1","HBP":"0","BK":"0","BFP":"114","GF":"6","R":"9","SH":"-1","SF":"-1","GIDP":"-1"}},{"pitcher":{,"PLAYERID":"wallmu01","YEARID":"1957","STINT":"1","TEAMID":"BOS","LGID":"AL","W":"3","L":"0","G":"11","GS":"0","CG":"0","SHO":"0","SV":"1","IPOUTS":"73","H":"21","ER":"9","HR":"3","BB":"2","SO":"13","BAOPP":"0.23","ERA":"3.33","IBB":"0","WP":"0","HBP":"0","BK":"0","BFP":"96","GF":"5","R":"11","SH":"-1","SF":"-1","GIDP":"-1"}},{"pitcher":{,"PLAYERID":"wehmehe01","YEARID":"1957","STINT":"1","TEAMID":"SLN","LGID":"NL","W":"10","L":"7","G":"36","GS":"18","CG":"5","SHO":"0","SV":"0","IPOUTS":"495","H":"165","ER":"79","HR":"25","BB":"54","SO":"91","BAOPP":"0.25","ERA":"4.31","IBB":"7","WP":"4","HBP":"2","BK":"0","BFP":"716","GF":"5","R":"91","SH":"-1","SF":"-1","GIDP":"-1"}},{"pitcher":{,"PLAYERID":"wieslbo01","YEARID":"1957","STINT":"1","TEAMID":"WS1","LGID":"AL","W":"1","L":"1","G":"3","GS":"2","CG":"1","SHO":"0","SV":"0","IPOUTS":"49","H":"15","ER":"8","HR":"2","BB":"11","SO":"9","BAOPP":"0.25","ERA":"4.41","IBB":"0","WP":"1","HBP":"1","BK":"0","BFP":"72","GF":"1","R":"8","SH":"-1","SF":"-1","GIDP":"-1"}},{"pitcher":{,"PLAYERID":"wightbi01","YEARID":"1957","STINT":"1","TEAMID":"BAL","LGID":"AL","W":"6","L":"6","G":"27","GS":"17","CG":"2","SHO":"0","SV":"0","IPOUTS":"363","H":"122","ER":"49","HR":"4","BB":"54","SO":"50","BAOPP":"0.27","ERA":"3.64","IBB":"1","WP":"0","HBP":"4","BK":"1","BFP":"523","GF":"3","R":"53","SH":"-1","SF":"-1","GIDP":"-1"}},{"pitcher":{,"PLAYERID":"wilheho01","YEARID":"1957","STINT":"2","TEAMID":"CLE","LGID":"AL","W":"1","L":"0","G":"2","GS":"0","CG":"0","SHO":"0","SV":"1","IPOUTS":"11","H":"2","ER":"1","HR":"1","BB":"1","SO":"0","BAOPP":"0.15","ERA":"2.45","IBB":"0","WP":"0","HBP":"1","BK":"0","BFP":"15","GF":"2","R":"1","SH":"-1","SF":"-1","GIDP":"-1"}},{"pitcher":{,"PLAYERID":"wilheho01","YEARID":"1957","STINT":"1","TEAMID":"SLN","LGID":"NL","W":"1","L":"4","G":"40","GS":"0","CG":"0","SHO":"0","SV":"11","IPOUTS":"165","H":"52","ER":"26","HR":"7","BB":"21","SO":"29","BAOPP":"0.25","ERA":"4.25","IBB":"1","WP":"0","HBP":"3","BK":"0","BFP":"231","GF":"30","R":"28","SH":"-1","SF":"-1","GIDP":"-1"}},{"pitcher":{,"PLAYERID":"wilsoji02","YEARID":"1957","STINT":"1","TEAMID":"CHA","LGID":"AL","W":"15","L":"8","G":"30","GS":"29","CG":"12","SHO":"5","SV":"0","IPOUTS":"605","H":"189","ER":"78","HR":"22","BB":"65","SO":"100","BAOPP":"0.24","ERA":"3.48","IBB":"8","WP":"3","HBP":"3","BK":"0","BFP":"841","GF":"0","R":"85","SH":"-1","SF":"-1","GIDP":"-1"}},{"pitcher":{,"PLAYERID":"wittge01","YEARID":"1957","STINT":"1","TEAMID":"PIT","LGID":"NL","W":"0","L":"1","G":"1","GS":"1","CG":"0","SHO":"0","SV":"0","IPOUTS":"4","H":"4","ER":"6","HR":"1","BB":"5","SO":"1","BAOPP":"0.5","ERA":"40.5","IBB":"0","WP":"0","HBP":"0","BK":"0","BFP":"13","GF":"0","R":"6","SH":"-1","SF":"-1","GIDP":"-1"}},{"pitcher":{,"PLAYERID":"wojeype01","YEARID":"1957","STINT":"1","TEAMID":"DET","LGID":"AL","W":"0","L":"0","G":"2","GS":"0","CG":"0","SHO":"0","SV":"0","IPOUTS":"4","H":"1","ER":"0","HR":"0","BB":"0","SO":"0","BAOPP":"0.2","ERA":"0.0","IBB":"0","WP":"0","HBP":"0","BK":"0","BFP":"6","GF":"2","R":"0","SH":"-1","SF":"-1","GIDP":"-1"}},{"pitcher":{,"PLAYERID":"worthal01","YEARID":"1957","STINT":"1","TEAMID":"NY1","LGID":"NL","W":"8","L":"11","G":"55","GS":"12","CG":"1","SHO":"1","SV":"4","IPOUTS":"473","H":"140","ER":"74","HR":"19","BB":"56","SO":"90","BAOPP":"0.23","ERA":"4.22","IBB":"7","WP":"5","HBP":"5","BK":"0","BFP":"662","GF":"23","R":"75","SH":"-1","SF":"-1","GIDP":"-1"}},{"pitcher":{,"PLAYERID":"wynnea01","YEARID":"1957","STINT":"1","TEAMID":"CLE","LGID":"AL","W":"14","L":"17","G":"40","GS":"37","CG":"13","SHO":"1","SV":"1","IPOUTS":"789","H":"270","ER":"126","HR":"32","BB":"104","SO":"184","BAOPP":"0.26","ERA":"4.31","IBB":"7","WP":"0","HBP":"5","BK":"0","BFP":"1146","GF":"2","R":"139","SH":"-1","SF":"-1","GIDP":"-1"}},{"pitcher":{,"PLAYERID":"zuverge01","YEARID":"1957","STINT":"1","TEAMID":"BAL","LGID":"AL","W":"10","L":"6","G":"56","GS":"0","CG":"0","SHO":"0","SV":"9","IPOUTS":"338","H":"105","ER":"31","HR":"9","BB":"39","SO":"36","BAOPP":"0.25","ERA":"2.48","IBB":"13","WP":"1","HBP":"4","BK":"0","BFP":"475","GF":"37","R":"37","SH":"-1","SF":"-1","GIDP":"-1"}}]