{"pitchers":[{"pitcher":{,"PLAYERID":"aberal01","YEARID":"1955","STINT":"1","TEAMID":"DET","LGID":"AL","W":"6","L":"3","G":"39","GS":"1","CG":"0","SHO":"0","SV":"3","IPOUTS":"240","H":"86","ER":"30","HR":"9","BB":"28","SO":"37","BAOPP":"0.27","ERA":"3.38","IBB":"1","WP":"1","HBP":"0","BK":"0","BFP":"346","GF":"22","R":"32","SH":"-1","SF":"-1","GIDP":"-1"}},{"pitcher":{,"PLAYERID":"abernte02","YEARID":"1955","STINT":"1","TEAMID":"WS1","LGID":"AL","W":"5","L":"9","G":"40","GS":"14","CG":"3","SHO":"2","SV":"0","IPOUTS":"358","H":"136","ER":"79","HR":"9","BB":"67","SO":"79","BAOPP":"0.29","ERA":"5.96","IBB":"1","WP":"2","HBP":"7","BK":"0","BFP":"553","GF":"12","R":"87","SH":"-1","SF":"-1","GIDP":"-1"}},{"pitcher":{,"PLAYERID":"aguirha01","YEARID":"1955","STINT":"1","TEAMID":"CLE","LGID":"AL","W":"2","L":"0","G":"4","GS":"1","CG":"1","SHO":"1","SV":"0","IPOUTS":"38","H":"6","ER":"2","HR":"0","BB":"12","SO":"6","BAOPP":"0.14","ERA":"1.42","IBB":"0","WP":"1","HBP":"0","BK":"0","BFP":"54","GF":"1","R":"3","SH":"-1","SF":"-1","GIDP":"-1"}},{"pitcher":{,"PLAYERID":"alexabo01","YEARID":"1955","STINT":"1","TEAMID":"BAL","LGID":"AL","W":"1","L":"0","G":"4","GS":"0","CG":"0","SHO":"0","SV":"0","IPOUTS":"12","H":"8","ER":"6","HR":"0","BB":"2","SO":"1","BAOPP":"0.44","ERA":"13.5","IBB":"0","WP":"1","HBP":"1","BK":"0","BFP":"22","GF":"2","R":"6","SH":"-1","SF":"-1","GIDP":"-1"}},{"pitcher":{,"PLAYERID":"amorvi01","YEARID":"1955","STINT":"1","TEAMID":"CHN","LGID":"NL","W":"0","L":"1","G":"4","GS":"0","CG":"0","SHO":"0","SV":"0","IPOUTS":"18","H":"11","ER":"3","HR":"0","BB":"3","SO":"3","BAOPP":"0.4","ERA":"4.5","IBB":"1","WP":"1","HBP":"0","BK":"1","BFP":"31","GF":"3","R":"3","SH":"-1","SF":"-1","GIDP":"-1"}},{"pitcher":{,"PLAYERID":"andrejo01","YEARID":"1955","STINT":"1","TEAMID":"CHN","LGID":"NL","W":"0","L":"1","G":"22","GS":"3","CG":"0","SHO":"0","SV":"1","IPOUTS":"135","H":"45","ER":"29","HR":"7","BB":"28","SO":"19","BAOPP":"0.25","ERA":"5.8","IBB":"4","WP":"1","HBP":"1","BK":"0","BFP":"207","GF":"5","R":"34","SH":"-1","SF":"-1","GIDP":"-1"}},{"pitcher":{,"PLAYERID":"antonjo02","YEARID":"1955","STINT":"1","TEAMID":"NY1","LGID":"NL","W":"14","L":"16","G":"38","GS":"34","CG":"14","SHO":"2","SV":"1","IPOUTS":"706","H":"206","ER":"87","HR":"24","BB":"82","SO":"143","BAOPP":"0.23","ERA":"3.33","IBB":"5","WP":"3","HBP":"11","BK":"0","BFP":"986","GF":"1","R":"105","SH":"-1","SF":"-1","GIDP":"-1"}},{"pitcher":{,"PLAYERID":"arroylu01","YEARID":"1955","STINT":"1","TEAMID":"SLN","LGID":"NL","W":"11","L":"8","G":"35","GS":"24","CG":"9","SHO":"1","SV":"0","IPOUTS":"477","H":"162","ER":"74","HR":"22","BB":"63","SO":"68","BAOPP":"0.26","ERA":"4.19","IBB":"6","WP":"6","HBP":"2","BK":"0","BFP":"691","GF":"6","R":"80","SH":"-1","SF":"-1","GIDP":"-1"}},{"pitcher":{,"PLAYERID":"baczefr01","YEARID":"1955","STINT":"1","TEAMID":"CIN","LGID":"NL","W":"0","L":"0","G":"1","GS":"0","CG":"0","SHO":"0","SV":"0","IPOUTS":"3","H":"2","ER":"2","HR":"2","BB":"0","SO":"0","BAOPP":"0.4","ERA":"18.0","IBB":"0","WP":"0","HBP":"0","BK":"0","BFP":"5","GF":"0","R":"2","SH":"-1","SF":"-1","GIDP":"-1"}},{"pitcher":{,"PLAYERID":"baumafr01","YEARID":"1955","STINT":"1","TEAMID":"BOS","LGID":"AL","W":"2","L":"1","G":"7","GS":"5","CG":"0","SHO":"0","SV":"0","IPOUTS":"102","H":"38","ER":"22","HR":"2","BB":"17","SO":"27","BAOPP":"0.28","ERA":"5.82","IBB":"0","WP":"2","HBP":"1","BK":"0","BFP":"156","GF":"2","R":"28","SH":"-1","SF":"-1","GIDP":"-1"}},{"pitcher":{,"PLAYERID":"bellbi01","YEARID":"1955","STINT":"1","TEAMID":"PIT","LGID":"NL","W":"0","L":"0","G":"1","GS":"0","CG":"0","SHO":"0","SV":"0","IPOUTS":"3","H":"0","ER":"0","HR":"0","BB":"1","SO":"0","BAOPP":"0.0","ERA":"0.0","IBB":"0","WP":"0","HBP":"0","BK":"0","BFP":"4","GF":"1","R":"0","SH":"-1","SF":"-1","GIDP":"-1"}},{"pitcher":{,"PLAYERID":"bessedo01","YEARID":"1955","STINT":"1","TEAMID":"BRO","LGID":"NL","W":"8","L":"1","G":"24","GS":"2","CG":"1","SHO":"0","SV":"3","IPOUTS":"190","H":"51","ER":"19","HR":"7","BB":"21","SO":"29","BAOPP":"0.22","ERA":"2.7","IBB":"2","WP":"1","HBP":"0","BK":"0","BFP":"255","GF":"8","R":"19","SH":"-1","SF":"-1","GIDP":"-1"}},{"pitcher":{,"PLAYERID":"birreba01","YEARID":"1955","STINT":"1","TEAMID":"DET","LGID":"AL","W":"4","L":"3","G":"36","GS":"3","CG":"1","SHO":"0","SV":"3","IPOUTS":"241","H":"77","ER":"37","HR":"9","BB":"29","SO":"28","BAOPP":"0.24","ERA":"4.15","IBB":"4","WP":"0","HBP":"0","BK":"0","BFP":"343","GF":"15","R":"39","SH":"-1","SF":"-1","GIDP":"-1"}},{"pitcher":{,"PLAYERID":"bishoch01","YEARID":"1955","STINT":"1","TEAMID":"KC1","LGID":"AL","W":"1","L":"0","G":"4","GS":"0","CG":"0","SHO":"0","SV":"0","IPOUTS":"20","H":"6","ER":"4","HR":"1","BB":"8","SO":"4","BAOPP":"0.26","ERA":"5.4","IBB":"2","WP":"0","HBP":"3","BK":"0","BFP":"36","GF":"2","R":"7","SH":"-1","SF":"-1","GIDP":"-1"}},{"pitcher":{,"PLAYERID":"blackbu01","YEARID":"1955","STINT":"1","TEAMID":"DET","LGID":"AL","W":"1","L":"1","G":"3","GS":"2","CG":"1","SHO":"1","SV":"0","IPOUTS":"42","H":"12","ER":"2","HR":"0","BB":"8","SO":"7","BAOPP":"0.23","ERA":"1.29","IBB":"0","WP":"1","HBP":"2","BK":"0","BFP":"63","GF":"0","R":"5","SH":"-1","SF":"-1","GIDP":"-1"}},{"pitcher":{,"PLAYERID":"blackew01","YEARID":"1955","STINT":"1","TEAMID":"KC1","LGID":"AL","W":"0","L":"1","G":"2","GS":"0","CG":"0","SHO":"0","SV":"0","IPOUTS":"12","H":"3","ER":"3","HR":"1","BB":"5","SO":"2","BAOPP":"0.25","ERA":"6.75","IBB":"0","WP":"0","HBP":"1","BK":"0","BFP":"18","GF":"2","R":"3","SH":"-1","SF":"-1","GIDP":"-1"}},{"pitcher":{,"PLAYERID":"blackjo02","YEARID":"1955","STINT":"1","TEAMID":"BRO","LGID":"NL","W":"1","L":"0","G":"6","GS":"0","CG":"0","SHO":"0","SV":"0","IPOUTS":"46","H":"15","ER":"5","HR":"1","BB":"5","SO":"9","BAOPP":"0.27","ERA":"2.93","IBB":"1","WP":"0","HBP":"0","BK":"1","BFP":"62","GF":"2","R":"5","SH":"-1","SF":"-1","GIDP":"-1"}},{"pitcher":{,"PLAYERID":"blackjo02","YEARID":"1955","STINT":"2","TEAMID":"CIN","LGID":"NL","W":"5","L":"2","G":"32","GS":"11","CG":"1","SHO":"0","SV":"3","IPOUTS":"307","H":"106","ER":"48","HR":"13","BB":"25","SO":"54","BAOPP":"0.26","ERA":"4.22","IBB":"3","WP":"0","HBP":"0","BK":"1","BFP":"439","GF":"13","R":"58","SH":"-1","SF":"-1","GIDP":"-1"}},{"pitcher":{,"PLAYERID":"bowmaro01","YEARID":"1955","STINT":"1","TEAMID":"PIT","LGID":"NL","W":"0","L":"3","G":"7","GS":"2","CG":"0","SHO":"0","SV":"0","IPOUTS":"50","H":"25","ER":"16","HR":"2","BB":"10","SO":"8","BAOPP":"0.34","ERA":"8.64","IBB":"2","WP":"4","HBP":"1","BK":"0","BFP":"85","GF":"1","R":"18","SH":"-1","SF":"-1","GIDP":"-1"}},{"pitcher":{,"PLAYERID":"boyercl01","YEARID":"1955","STINT":"1","TEAMID":"KC1","LGID":"AL","W":"5","L":"5","G":"30","GS":"11","CG":"2","SHO":"0","SV":"0","IPOUTS":"295","H":"107","ER":"68","HR":"21","BB":"69","SO":"32","BAOPP":"0.28","ERA":"6.22","IBB":"3","WP":"3","HBP":"7","BK":"0","BFP":"466","GF":"12","R":"81","SH":"-1","SF":"-1","GIDP":"-1"}},{"pitcher":{,"PLAYERID":"breweto01","YEARID":"1955","STINT":"1","TEAMID":"BOS","LGID":"AL","W":"11","L":"10","G":"31","GS":"28","CG":"9","SHO":"2","SV":"0","IPOUTS":"578","H":"198","ER":"90","HR":"21","BB":"87","SO":"91","BAOPP":"0.26","ERA":"4.2","IBB":"3","WP":"7","HBP":"8","BK":"0","BFP":"856","GF":"1","R":"101","SH":"-1","SF":"-1","GIDP":"-1"}},{"pitcher":{,"PLAYERID":"brododi01","YEARID":"1955","STINT":"1","TEAMID":"BOS","LGID":"AL","W":"1","L":"0","G":"16","GS":"0","CG":"0","SHO":"0","SV":"0","IPOUTS":"96","H":"36","ER":"20","HR":"5","BB":"25","SO":"10","BAOPP":"0.29","ERA":"5.63","IBB":"2","WP":"1","HBP":"1","BK":"1","BFP":"153","GF":"6","R":"25","SH":"-1","SF":"-1","GIDP":"-1"}},{"pitcher":{,"PLAYERID":"brownha01","YEARID":"1955","STINT":"1","TEAMID":"BOS","LGID":"AL","W":"1","L":"0","G":"2","GS":"0","CG":"0","SHO":"0","SV":"0","IPOUTS":"12","H":"2","ER":"1","HR":"0","BB":"2","SO":"2","BAOPP":"0.14","ERA":"2.25","IBB":"0","WP":"0","HBP":"0","BK":"0","BFP":"16","GF":"1","R":"1","SH":"-1","SF":"-1","GIDP":"-1"}},{"pitcher":{,"PLAYERID":"brownha01","YEARID":"1955","STINT":"2","TEAMID":"BAL","LGID":"AL","W":"0","L":"4","G":"15","GS":"5","CG":"1","SHO":"0","SV":"0","IPOUTS":"171","H":"51","ER":"26","HR":"5","BB":"26","SO":"26","BAOPP":"0.24","ERA":"4.11","IBB":"1","WP":"3","HBP":"0","BK":"0","BFP":"246","GF":"3","R":"30","SH":"-1","SF":"-1","GIDP":"-1"}},{"pitcher":{,"PLAYERID":"buhlbo01","YEARID":"1955","STINT":"1","TEAMID":"ML1","LGID":"NL","W":"13","L":"11","G":"38","GS":"27","CG":"11","SHO":"1","SV":"1","IPOUTS":"605","H":"168","ER":"72","HR":"13","BB":"109","SO":"117","BAOPP":"0.22","ERA":"3.21","IBB":"5","WP":"2","HBP":"1","BK":"0","BFP":"866","GF":"6","R":"85","SH":"-1","SF":"-1","GIDP":"-1"}},{"pitcher":{,"PLAYERID":"bunniji01","YEARID":"1955","STINT":"1","TEAMID":"DET","LGID":"AL","W":"3","L":"5","G":"15","GS":"8","CG":"0","SHO":"0","SV":"1","IPOUTS":"153","H":"59","ER":"36","HR":"8","BB":"32","SO":"37","BAOPP":"0.29","ERA":"6.35","IBB":"2","WP":"1","HBP":"3","BK":"0","BFP":"241","GF":"3","R":"38","SH":"-1","SF":"-1","GIDP":"-1"}},{"pitcher":{,"PLAYERID":"burdele01","YEARID":"1955","STINT":"1","TEAMID":"ML1","LGID":"NL","W":"13","L":"8","G":"42","GS":"33","CG":"11","SHO":"2","SV":"0","IPOUTS":"690","H":"253","ER":"103","HR":"25","BB":"73","SO":"70","BAOPP":"0.28","ERA":"4.03","IBB":"9","WP":"3","HBP":"6","BK":"1","BFP":"1001","GF":"4","R":"114","SH":"-1","SF":"-1","GIDP":"-1"}},{"pitcher":{,"PLAYERID":"burnspe01","YEARID":"1955","STINT":"1","TEAMID":"NY1","LGID":"NL","W":"1","L":"0","G":"2","GS":"2","CG":"1","SHO":"0","SV":"0","IPOUTS":"38","H":"10","ER":"4","HR":"1","BB":"9","SO":"2","BAOPP":"0.2","ERA":"2.84","IBB":"0","WP":"0","HBP":"0","BK":"0","BFP":"58","GF":"0","R":"9","SH":"-1","SF":"-1","GIDP":"-1"}},{"pitcher":{,"PLAYERID":"burtsmo01","YEARID":"1955","STINT":"1","TEAMID":"KC1","LGID":"AL","W":"2","L":"0","G":"7","GS":"0","CG":"0","SHO":"0","SV":"0","IPOUTS":"34","H":"17","ER":"13","HR":"0","BB":"10","SO":"9","BAOPP":"0.35","ERA":"10.32","IBB":"1","WP":"0","HBP":"1","BK":"0","BFP":"60","GF":"0","R":"13","SH":"-1","SF":"-1","GIDP":"-1"}},{"pitcher":{,"PLAYERID":"byrdha01","YEARID":"1955","STINT":"1","TEAMID":"BAL","LGID":"AL","W":"3","L":"2","G":"14","GS":"8","CG":"1","SHO":"1","SV":"1","IPOUTS":"196","H":"64","ER":"33","HR":"7","BB":"28","SO":"25","BAOPP":"0.26","ERA":"4.55","IBB":"1","WP":"0","HBP":"7","BK":"0","BFP":"287","GF":"3","R":"33","SH":"-1","SF":"-1","GIDP":"-1"}},{"pitcher":{,"PLAYERID":"byrdha01","YEARID":"1955","STINT":"2","TEAMID":"CHA","LGID":"AL","W":"4","L":"6","G":"25","GS":"12","CG":"1","SHO":"1","SV":"1","IPOUTS":"273","H":"85","ER":"47","HR":"10","BB":"30","SO":"44","BAOPP":"0.25","ERA":"4.65","IBB":"4","WP":"1","HBP":"2","BK":"0","BFP":"380","GF":"6","R":"49","SH":"-1","SF":"-1","GIDP":"-1"}},{"pitcher":{,"PLAYERID":"byrneto01","YEARID":"1955","STINT":"1","TEAMID":"NYA","LGID":"AL","W":"16","L":"5","G":"27","GS":"22","CG":"9","SHO":"3","SV":"2","IPOUTS":"480","H":"137","ER":"56","HR":"12","BB":"87","SO":"76","BAOPP":"0.23","ERA":"3.15","IBB":"3","WP":"3","HBP":"7","BK":"0","BFP":"689","GF":"4","R":"69","SH":"-1","SF":"-1","GIDP":"-1"}},{"pitcher":{,"PLAYERID":"ceccaar01","YEARID":"1955","STINT":"1","TEAMID":"KC1","LGID":"AL","W":"4","L":"7","G":"31","GS":"16","CG":"3","SHO":"1","SV":"0","IPOUTS":"371","H":"123","ER":"73","HR":"20","BB":"71","SO":"68","BAOPP":"0.25","ERA":"5.31","IBB":"2","WP":"4","HBP":"0","BK":"1","BFP":"557","GF":"6","R":"81","SH":"-1","SF":"-1","GIDP":"-1"}},{"pitcher":{,"PLAYERID":"chakabo01","YEARID":"1955","STINT":"1","TEAMID":"CHA","LGID":"AL","W":"0","L":"0","G":"7","GS":"0","CG":"0","SHO":"0","SV":"0","IPOUTS":"37","H":"11","ER":"2","HR":"2","BB":"6","SO":"6","BAOPP":"0.25","ERA":"1.46","IBB":"1","WP":"0","HBP":"0","BK":"0","BFP":"50","GF":"4","R":"2","SH":"-1","SF":"-1","GIDP":"-1"}},{"pitcher":{,"PLAYERID":"chakabo01","YEARID":"1955","STINT":"2","TEAMID":"WS1","LGID":"AL","W":"2","L":"3","G":"29","GS":"0","CG":"0","SHO":"0","SV":"0","IPOUTS":"164","H":"55","ER":"32","HR":"4","BB":"25","SO":"28","BAOPP":"0.26","ERA":"5.27","IBB":"3","WP":"2","HBP":"1","BK":"1","BFP":"242","GF":"11","R":"38","SH":"-1","SF":"-1","GIDP":"-1"}},{"pitcher":{,"PLAYERID":"churcbu01","YEARID":"1955","STINT":"1","TEAMID":"CHN","LGID":"NL","W":"0","L":"0","G":"2","GS":"0","CG":"0","SHO":"0","SV":"1","IPOUTS":"10","H":"4","ER":"2","HR":"1","BB":"1","SO":"3","BAOPP":"0.28","ERA":"5.4","IBB":"0","WP":"0","HBP":"0","BK":"0","BFP":"15","GF":"1","R":"2","SH":"-1","SF":"-1","GIDP":"-1"}},{"pitcher":{,"PLAYERID":"clarkwe01","YEARID":"1955","STINT":"1","TEAMID":"WS1","LGID":"AL","W":"0","L":"0","G":"7","GS":"2","CG":"0","SHO":"0","SV":"0","IPOUTS":"64","H":"17","ER":"11","HR":"2","BB":"14","SO":"9","BAOPP":"0.22","ERA":"4.64","IBB":"0","WP":"0","HBP":"0","BK":"0","BFP":"93","GF":"5","R":"11","SH":"-1","SF":"-1","GIDP":"-1"}},{"pitcher":{,"PLAYERID":"cohenhy01","YEARID":"1955","STINT":"1","TEAMID":"CHN","LGID":"NL","W":"0","L":"0","G":"7","GS":"1","CG":"0","SHO":"0","SV":"0","IPOUTS":"51","H":"28","ER":"15","HR":"2","BB":"10","SO":"4","BAOPP":"0.37","ERA":"7.94","IBB":"0","WP":"0","HBP":"1","BK":"0","BFP":"86","GF":"0","R":"17","SH":"-1","SF":"-1","GIDP":"-1"}},{"pitcher":{,"PLAYERID":"coleda01","YEARID":"1955","STINT":"1","TEAMID":"PHI","LGID":"NL","W":"0","L":"3","G":"7","GS":"3","CG":"0","SHO":"0","SV":"0","IPOUTS":"55","H":"21","ER":"13","HR":"3","BB":"14","SO":"6","BAOPP":"0.3","ERA":"6.38","IBB":"0","WP":"1","HBP":"0","BK":"0","BFP":"88","GF":"4","R":"15","SH":"-1","SF":"-1","GIDP":"-1"}},{"pitcher":{,"PLAYERID":"colemjo04","YEARID":"1955","STINT":"2","TEAMID":"DET","LGID":"AL","W":"2","L":"1","G":"17","GS":"0","CG":"0","SHO":"0","SV":"3","IPOUTS":"76","H":"22","ER":"9","HR":"1","BB":"14","SO":"5","BAOPP":"0.23","ERA":"3.2","IBB":"0","WP":"1","HBP":"1","BK":"0","BFP":"109","GF":"13","R":"9","SH":"-1","SF":"-1","GIDP":"-1"}},{"pitcher":{,"PLAYERID":"colemjo04","YEARID":"1955","STINT":"1","TEAMID":"BAL","LGID":"AL","W":"0","L":"1","G":"6","GS":"2","CG":"0","SHO":"0","SV":"0","IPOUTS":"35","H":"19","ER":"14","HR":"5","BB":"10","SO":"4","BAOPP":"0.37","ERA":"10.8","IBB":"0","WP":"0","HBP":"1","BK":"1","BFP":"66","GF":"2","R":"15","SH":"-1","SF":"-1","GIDP":"-1"}},{"pitcher":{,"PLAYERID":"colemri01","YEARID":"1955","STINT":"1","TEAMID":"NYA","LGID":"AL","W":"2","L":"1","G":"10","GS":"6","CG":"0","SHO":"0","SV":"1","IPOUTS":"87","H":"40","ER":"17","HR":"2","BB":"16","SO":"15","BAOPP":"0.33","ERA":"5.28","IBB":"0","WP":"0","HBP":"1","BK":"0","BFP":"139","GF":"1","R":"19","SH":"-1","SF":"-1","GIDP":"-1"}},{"pitcher":{,"PLAYERID":"colluja01","YEARID":"1955","STINT":"1","TEAMID":"CIN","LGID":"NL","W":"9","L":"8","G":"32","GS":"17","CG":"5","SHO":"0","SV":"1","IPOUTS":"402","H":"128","ER":"54","HR":"17","BB":"37","SO":"49","BAOPP":"0.25","ERA":"3.63","IBB":"4","WP":"0","HBP":"2","BK":"0","BFP":"546","GF":"8","R":"65","SH":"-1","SF":"-1","GIDP":"-1"}},{"pitcher":{,"PLAYERID":"conlege01","YEARID":"1955","STINT":"1","TEAMID":"ML1","LGID":"NL","W":"11","L":"7","G":"22","GS":"21","CG":"10","SHO":"0","SV":"0","IPOUTS":"474","H":"152","ER":"73","HR":"23","BB":"52","SO":"107","BAOPP":"0.25","ERA":"4.16","IBB":"9","WP":"2","HBP":"1","BK":"0","BFP":"669","GF":"1","R":"81","SH":"-1","SF":"-1","GIDP":"-1"}},{"pitcher":{,"PLAYERID":"consusa01","YEARID":"1955","STINT":"1","TEAMID":"CHA","LGID":"AL","W":"6","L":"5","G":"44","GS":"7","CG":"3","SHO":"0","SV":"7","IPOUTS":"379","H":"120","ER":"37","HR":"4","BB":"18","SO":"35","BAOPP":"0.25","ERA":"2.64","IBB":"7","WP":"2","HBP":"2","BK":"0","BFP":"501","GF":"21","R":"42","SH":"-1","SF":"-1","GIDP":"-1"}},{"pitcher":{,"PLAYERID":"corwial01","YEARID":"1955","STINT":"1","TEAMID":"NY1","LGID":"NL","W":"0","L":"1","G":"13","GS":"0","CG":"0","SHO":"0","SV":"0","IPOUTS":"74","H":"25","ER":"11","HR":"3","BB":"17","SO":"13","BAOPP":"0.26","ERA":"4.01","IBB":"2","WP":"0","HBP":"0","BK":"0","BFP":"116","GF":"4","R":"11","SH":"-1","SF":"-1","GIDP":"-1"}},{"pitcher":{,"PLAYERID":"coxgl01","YEARID":"1955","STINT":"1","TEAMID":"KC1","LGID":"AL","W":"0","L":"2","G":"2","GS":"2","CG":"0","SHO":"0","SV":"0","IPOUTS":"7","H":"11","ER":"8","HR":"0","BB":"1","SO":"2","BAOPP":"0.61","ERA":"30.86","IBB":"0","WP":"0","HBP":"0","BK":"0","BFP":"19","GF":"0","R":"8","SH":"-1","SF":"-1","GIDP":"-1"}},{"pitcher":{,"PLAYERID":"craddwa01","YEARID":"1955","STINT":"1","TEAMID":"KC1","LGID":"AL","W":"0","L":"2","G":"4","GS":"2","CG":"0","SHO":"0","SV":"0","IPOUTS":"45","H":"18","ER":"13","HR":"3","BB":"10","SO":"9","BAOPP":"0.3","ERA":"7.8","IBB":"0","WP":"0","HBP":"0","BK":"0","BFP":"73","GF":"0","R":"14","SH":"-1","SF":"-1","GIDP":"-1"}},{"pitcher":{,"PLAYERID":"craigro01","YEARID":"1955","STINT":"1","TEAMID":"BRO","LGID":"NL","W":"5","L":"3","G":"21","GS":"10","CG":"3","SHO":"0","SV":"2","IPOUTS":"272","H":"81","ER":"28","HR":"8","BB":"43","SO":"48","BAOPP":"0.23","ERA":"2.78","IBB":"6","WP":"3","HBP":"1","BK":"0","BFP":"388","GF":"4","R":"37","SH":"-1","SF":"-1","GIDP":"-1"}},{"pitcher":{,"PLAYERID":"cristle01","YEARID":"1955","STINT":"1","TEAMID":"DET","LGID":"AL","W":"0","L":"1","G":"20","GS":"1","CG":"0","SHO":"0","SV":"0","IPOUTS":"110","H":"37","ER":"13","HR":"1","BB":"14","SO":"9","BAOPP":"0.26","ERA":"3.19","IBB":"2","WP":"0","HBP":"0","BK":"0","BFP":"159","GF":"1","R":"15","SH":"-1","SF":"-1","GIDP":"-1"}},{"pitcher":{,"PLAYERID":"cronera01","YEARID":"1955","STINT":"1","TEAMID":"ML1","LGID":"NL","W":"10","L":"9","G":"33","GS":"15","CG":"6","SHO":"1","SV":"0","IPOUTS":"421","H":"117","ER":"54","HR":"11","BB":"42","SO":"76","BAOPP":"0.22","ERA":"3.46","IBB":"7","WP":"2","HBP":"0","BK":"0","BFP":"568","GF":"9","R":"63","SH":"-1","SF":"-1","GIDP":"-1"}},{"pitcher":{,"PLAYERID":"curribi01","YEARID":"1955","STINT":"1","TEAMID":"WS1","LGID":"AL","W":"0","L":"0","G":"3","GS":"0","CG":"0","SHO":"0","SV":"0","IPOUTS":"13","H":"7","ER":"6","HR":"3","BB":"2","SO":"2","BAOPP":"0.35","ERA":"12.46","IBB":"0","WP":"1","HBP":"1","BK":"0","BFP":"24","GF":"1","R":"7","SH":"-1","SF":"-1","GIDP":"-1"}},{"pitcher":{,"PLAYERID":"daleybu01","YEARID":"1955","STINT":"1","TEAMID":"CLE","LGID":"AL","W":"0","L":"1","G":"2","GS":"1","CG":"0","SHO":"0","SV":"0","IPOUTS":"21","H":"10","ER":"5","HR":"1","BB":"1","SO":"2","BAOPP":"0.33","ERA":"6.43","IBB":"0","WP":"0","HBP":"0","BK":"0","BFP":"32","GF":"0","R":"5","SH":"-1","SF":"-1","GIDP":"-1"}},{"pitcher":{,"PLAYERID":"davisji01","YEARID":"1955","STINT":"1","TEAMID":"CHN","LGID":"NL","W":"7","L":"11","G":"42","GS":"16","CG":"0","SHO":"0","SV":"3","IPOUTS":"401","H":"122","ER":"66","HR":"16","BB":"58","SO":"62","BAOPP":"0.24","ERA":"4.44","IBB":"5","WP":"7","HBP":"2","BK":"0","BFP":"568","GF":"17","R":"79","SH":"-1","SF":"-1","GIDP":"-1"}},{"pitcher":{,"PLAYERID":"delocik01","YEARID":"1955","STINT":"1","TEAMID":"BOS","LGID":"AL","W":"9","L":"7","G":"29","GS":"18","CG":"6","SHO":"0","SV":"3","IPOUTS":"431","H":"136","ER":"60","HR":"16","BB":"61","SO":"88","BAOPP":"0.24","ERA":"3.76","IBB":"2","WP":"4","HBP":"4","BK":"0","BFP":"622","GF":"5","R":"67","SH":"-1","SF":"-1","GIDP":"-1"}},{"pitcher":{,"PLAYERID":"dicksmu01","YEARID":"1955","STINT":"1","TEAMID":"PHI","LGID":"NL","W":"12","L":"11","G":"36","GS":"28","CG":"12","SHO":"4","SV":"0","IPOUTS":"648","H":"190","ER":"84","HR":"27","BB":"82","SO":"92","BAOPP":"0.23","ERA":"3.5","IBB":"8","WP":"2","HBP":"4","BK":"0","BFP":"905","GF":"2","R":"98","SH":"-1","SF":"-1","GIDP":"-1"}},{"pitcher":{,"PLAYERID":"ditmaar01","YEARID":"1955","STINT":"1","TEAMID":"KC1","LGID":"AL","W":"12","L":"12","G":"35","GS":"22","CG":"7","SHO":"1","SV":"1","IPOUTS":"526","H":"180","ER":"98","HR":"23","BB":"86","SO":"79","BAOPP":"0.27","ERA":"5.03","IBB":"5","WP":"7","HBP":"7","BK":"1","BFP":"773","GF":"8","R":"109","SH":"-1","SF":"-1","GIDP":"-1"}},{"pitcher":{,"PLAYERID":"dixonso01","YEARID":"1955","STINT":"1","TEAMID":"KC1","LGID":"AL","W":"0","L":"0","G":"2","GS":"0","CG":"0","SHO":"0","SV":"0","IPOUTS":"5","H":"6","ER":"3","HR":"1","BB":"0","SO":"0","BAOPP":"0.54","ERA":"16.2","IBB":"0","WP":"0","HBP":"0","BK":"0","BFP":"11","GF":"1","R":"3","SH":"-1","SF":"-1","GIDP":"-1"}},{"pitcher":{,"PLAYERID":"donosli01","YEARID":"1955","STINT":"1","TEAMID":"PIT","LGID":"NL","W":"4","L":"6","G":"25","GS":"9","CG":"3","SHO":"0","SV":"1","IPOUTS":"285","H":"106","ER":"56","HR":"16","BB":"35","SO":"38","BAOPP":"0.28","ERA":"5.31","IBB":"3","WP":"1","HBP":"1","BK":"0","BFP":"418","GF":"10","R":"58","SH":"-1","SF":"-1","GIDP":"-1"}},{"pitcher":{,"PLAYERID":"donovdi01","YEARID":"1955","STINT":"1","TEAMID":"CHA","LGID":"AL","W":"15","L":"9","G":"29","GS":"24","CG":"11","SHO":"5","SV":"0","IPOUTS":"561","H":"186","ER":"69","HR":"17","BB":"48","SO":"88","BAOPP":"0.26","ERA":"3.32","IBB":"5","WP":"0","HBP":"3","BK":"1","BFP":"774","GF":"3","R":"77","SH":"-1","SF":"-1","GIDP":"-1"}},{"pitcher":{,"PLAYERID":"dorisha01","YEARID":"1955","STINT":"1","TEAMID":"CHA","LGID":"AL","W":"2","L":"0","G":"13","GS":"0","CG":"0","SHO":"0","SV":"1","IPOUTS":"51","H":"16","ER":"3","HR":"0","BB":"9","SO":"6","BAOPP":"0.25","ERA":"1.59","IBB":"1","WP":"1","HBP":"0","BK":"0","BFP":"73","GF":"5","R":"4","SH":"-1","SF":"-1","GIDP":"-1"}},{"pitcher":{,"PLAYERID":"dorisha01","YEARID":"1955","STINT":"2","TEAMID":"BAL","LGID":"AL","W":"3","L":"3","G":"35","GS":"1","CG":"0","SHO":"0","SV":"6","IPOUTS":"197","H":"58","ER":"23","HR":"4","BB":"28","SO":"22","BAOPP":"0.23","ERA":"3.15","IBB":"2","WP":"1","HBP":"1","BK":"0","BFP":"280","GF":"18","R":"25","SH":"-1","SF":"-1","GIDP":"-1"}},{"pitcher":{,"PLAYERID":"edelmjo01","YEARID":"1955","STINT":"1","TEAMID":"ML1","LGID":"NL","W":"0","L":"0","G":"5","GS":"0","CG":"0","SHO":"0","SV":"0","IPOUTS":"17","H":"7","ER":"7","HR":"0","BB":"8","SO":"3","BAOPP":"0.3","ERA":"11.12","IBB":"0","WP":"0","HBP":"0","BK":"0","BFP":"31","GF":"2","R":"7","SH":"-1","SF":"-1","GIDP":"-1"}},{"pitcher":{,"PLAYERID":"erskica01","YEARID":"1955","STINT":"1","TEAMID":"BRO","LGID":"NL","W":"11","L":"8","G":"31","GS":"29","CG":"7","SHO":"2","SV":"1","IPOUTS":"584","H":"185","ER":"82","HR":"29","BB":"64","SO":"84","BAOPP":"0.25","ERA":"3.79","IBB":"3","WP":"4","HBP":"0","BK":"0","BFP":"808","GF":"1","R":"89","SH":"-1","SF":"-1","GIDP":"-1"}},{"pitcher":{,"PLAYERID":"facero01","YEARID":"1955","STINT":"1","TEAMID":"PIT","LGID":"NL","W":"5","L":"7","G":"42","GS":"10","CG":"4","SHO":"0","SV":"5","IPOUTS":"377","H":"128","ER":"50","HR":"10","BB":"40","SO":"84","BAOPP":"0.26","ERA":"3.58","IBB":"4","WP":"3","HBP":"0","BK":"0","BFP":"524","GF":"21","R":"58","SH":"-1","SF":"-1","GIDP":"-1"}},{"pitcher":{,"PLAYERID":"fellebo01","YEARID":"1955","STINT":"1","TEAMID":"CLE","LGID":"AL","W":"4","L":"4","G":"25","GS":"11","CG":"2","SHO":"1","SV":"0","IPOUTS":"249","H":"71","ER":"32","HR":"7","BB":"31","SO":"25","BAOPP":"0.23","ERA":"3.47","IBB":"2","WP":"0","HBP":"1","BK":"0","BFP":"340","GF":"4","R":"43","SH":"-1","SF":"-1","GIDP":"-1"}},{"pitcher":{,"PLAYERID":"ferrado01","YEARID":"1955","STINT":"1","TEAMID":"BAL","LGID":"AL","W":"0","L":"0","G":"6","GS":"0","CG":"0","SHO":"0","SV":"0","IPOUTS":"27","H":"8","ER":"3","HR":"0","BB":"11","SO":"5","BAOPP":"0.27","ERA":"3.0","IBB":"0","WP":"0","HBP":"0","BK":"0","BFP":"43","GF":"3","R":"3","SH":"-1","SF":"-1","GIDP":"-1"}},{"pitcher":{,"PLAYERID":"fishema01","YEARID":"1955","STINT":"1","TEAMID":"CIN","LGID":"NL","W":"0","L":"0","G":"1","GS":"0","CG":"0","SHO":"0","SV":"0","IPOUTS":"8","H":"5","ER":"2","HR":"1","BB":"2","SO":"1","BAOPP":"0.38","ERA":"6.75","IBB":"0","WP":"0","HBP":"0","BK":"0","BFP":"15","GF":"0","R":"2","SH":"-1","SF":"-1","GIDP":"-1"}},{"pitcher":{,"PLAYERID":"fletcva01","YEARID":"1955","STINT":"1","TEAMID":"DET","LGID":"AL","W":"0","L":"0","G":"9","GS":"0","CG":"0","SHO":"0","SV":"0","IPOUTS":"36","H":"13","ER":"4","HR":"1","BB":"2","SO":"4","BAOPP":"0.26","ERA":"3.0","IBB":"1","WP":"0","HBP":"0","BK":"0","BFP":"54","GF":"6","R":"10","SH":"-1","SF":"-1","GIDP":"-1"}},{"pitcher":{,"PLAYERID":"flowebe01","YEARID":"1955","STINT":"2","TEAMID":"SLN","LGID":"NL","W":"1","L":"0","G":"4","GS":"4","CG":"0","SHO":"0","SV":"0","IPOUTS":"82","H":"27","ER":"11","HR":"1","BB":"12","SO":"19","BAOPP":"0.25","ERA":"3.62","IBB":"0","WP":"0","HBP":"0","BK":"0","BFP":"120","GF":"0","R":"12","SH":"-1","SF":"-1","GIDP":"-1"}},{"pitcher":{,"PLAYERID":"flowebe01","YEARID":"1955","STINT":"1","TEAMID":"DET","LGID":"AL","W":"0","L":"0","G":"4","GS":"0","CG":"0","SHO":"0","SV":"0","IPOUTS":"18","H":"5","ER":"4","HR":"1","BB":"2","SO":"2","BAOPP":"0.23","ERA":"6.0","IBB":"0","WP":"0","HBP":"0","BK":"0","BFP":"24","GF":"1","R":"4","SH":"-1","SF":"-1","GIDP":"-1"}},{"pitcher":{,"PLAYERID":"fordwh01","YEARID":"1955","STINT":"1","TEAMID":"NYA","LGID":"AL","W":"18","L":"7","G":"39","GS":"33","CG":"18","SHO":"5","SV":"2","IPOUTS":"761","H":"188","ER":"74","HR":"20","BB":"113","SO":"137","BAOPP":"0.2","ERA":"2.63","IBB":"7","WP":"7","HBP":"1","BK":"1","BFP":"1027","GF":"4","R":"83","SH":"-1","SF":"-1","GIDP":"-1"}},{"pitcher":{,"PLAYERID":"fornimi01","YEARID":"1955","STINT":"1","TEAMID":"CHA","LGID":"AL","W":"6","L":"3","G":"26","GS":"9","CG":"2","SHO":"0","SV":"2","IPOUTS":"259","H":"84","ER":"37","HR":"12","BB":"29","SO":"23","BAOPP":"0.25","ERA":"3.86","IBB":"3","WP":"2","HBP":"2","BK":"0","BFP":"365","GF":"11","R":"37","SH":"-1","SF":"-1","GIDP":"-1"}},{"pitcher":{,"PLAYERID":"fowlear01","YEARID":"1955","STINT":"1","TEAMID":"CIN","LGID":"NL","W":"11","L":"10","G":"46","GS":"28","CG":"8","SHO":"3","SV":"2","IPOUTS":"623","H":"198","ER":"90","HR":"20","BB":"63","SO":"94","BAOPP":"0.25","ERA":"3.9","IBB":"3","WP":"6","HBP":"1","BK":"0","BFP":"867","GF":"9","R":"96","SH":"-1","SF":"-1","GIDP":"-1"}},{"pitcher":{,"PLAYERID":"foytapa01","YEARID":"1955","STINT":"1","TEAMID":"DET","LGID":"AL","W":"0","L":"1","G":"22","GS":"1","CG":"0","SHO":"0","SV":"0","IPOUTS":"149","H":"48","ER":"29","HR":"4","BB":"36","SO":"38","BAOPP":"0.25","ERA":"5.26","IBB":"3","WP":"4","HBP":"0","BK":"0","BFP":"227","GF":"7","R":"29","SH":"-1","SF":"-1","GIDP":"-1"}},{"pitcher":{,"PLAYERID":"freemhe01","YEARID":"1955","STINT":"1","TEAMID":"BOS","LGID":"AL","W":"0","L":"0","G":"2","GS":"0","CG":"0","SHO":"0","SV":"0","IPOUTS":"5","H":"1","ER":"0","HR":"0","BB":"1","SO":"1","BAOPP":"0.2","ERA":"0.0","IBB":"1","WP":"0","HBP":"0","BK":"0","BFP":"6","GF":"0","R":"0","SH":"-1","SF":"-1","GIDP":"-1"}},{"pitcher":{,"PLAYERID":"freemhe01","YEARID":"1955","STINT":"2","TEAMID":"CIN","LGID":"NL","W":"7","L":"4","G":"52","GS":"0","CG":"0","SHO":"0","SV":"11","IPOUTS":"275","H":"94","ER":"22","HR":"3","BB":"30","SO":"37","BAOPP":"0.27","ERA":"2.16","IBB":"6","WP":"2","HBP":"2","BK":"1","BFP":"386","GF":"27","R":"31","SH":"-1","SF":"-1","GIDP":"-1"}},{"pitcher":{,"PLAYERID":"fricama01","YEARID":"1955","STINT":"1","TEAMID":"KC1","LGID":"AL","W":"0","L":"0","G":"10","GS":"0","CG":"0","SHO":"0","SV":"0","IPOUTS":"60","H":"19","ER":"7","HR":"2","BB":"9","SO":"5","BAOPP":"0.25","ERA":"3.15","IBB":"0","WP":"2","HBP":"0","BK":"0","BFP":"84","GF":"5","R":"9","SH":"-1","SF":"-1","GIDP":"-1"}},{"pitcher":{,"PLAYERID":"frienbo01","YEARID":"1955","STINT":"1","TEAMID":"PIT","LGID":"NL","W":"14","L":"9","G":"44","GS":"20","CG":"9","SHO":"2","SV":"2","IPOUTS":"601","H":"178","ER":"63","HR":"18","BB":"52","SO":"98","BAOPP":"0.24","ERA":"2.83","IBB":"4","WP":"0","HBP":"2","BK":"0","BFP":"813","GF":"11","R":"80","SH":"-1","SF":"-1","GIDP":"-1"}},{"pitcher":{,"PLAYERID":"froatbi01","YEARID":"1955","STINT":"1","TEAMID":"DET","LGID":"AL","W":"0","L":"0","G":"1","GS":"0","CG":"0","SHO":"0","SV":"0","IPOUTS":"6","H":"0","ER":"0","HR":"0","BB":"2","SO":"0","BAOPP":"0.0","ERA":"0.0","IBB":"0","WP":"0","HBP":"0","BK":"0","BFP":"7","GF":"1","R":"0","SH":"-1","SF":"-1","GIDP":"-1"}},{"pitcher":{,"PLAYERID":"garcimi01","YEARID":"1955","STINT":"1","TEAMID":"CLE","LGID":"AL","W":"11","L":"13","G":"38","GS":"31","CG":"6","SHO":"2","SV":"3","IPOUTS":"632","H":"230","ER":"94","HR":"17","BB":"56","SO":"120","BAOPP":"0.27","ERA":"4.02","IBB":"6","WP":"2","HBP":"3","BK":"0","BFP":"894","GF":"7","R":"101","SH":"-1","SF":"-1","GIDP":"-1"}},{"pitcher":{,"PLAYERID":"garvene01","YEARID":"1955","STINT":"1","TEAMID":"DET","LGID":"AL","W":"12","L":"16","G":"33","GS":"32","CG":"16","SHO":"1","SV":"0","IPOUTS":"692","H":"251","ER":"102","HR":"21","BB":"67","SO":"83","BAOPP":"0.27","ERA":"3.98","IBB":"10","WP":"6","HBP":"5","BK":"1","BFP":"992","GF":"1","R":"115","SH":"-1","SF":"-1","GIDP":"-1"}},{"pitcher":{,"PLAYERID":"getteal01","YEARID":"1955","STINT":"1","TEAMID":"SLN","LGID":"NL","W":"1","L":"0","G":"8","GS":"0","CG":"0","SHO":"0","SV":"0","IPOUTS":"51","H":"26","ER":"17","HR":"6","BB":"10","SO":"7","BAOPP":"0.36","ERA":"9.0","IBB":"0","WP":"3","HBP":"0","BK":"0","BFP":"86","GF":"4","R":"18","SH":"-1","SF":"-1","GIDP":"-1"}},{"pitcher":{,"PLAYERID":"gielpa01","YEARID":"1955","STINT":"1","TEAMID":"NY1","LGID":"NL","W":"4","L":"4","G":"34","GS":"2","CG":"0","SHO":"0","SV":"0","IPOUTS":"247","H":"70","ER":"31","HR":"8","BB":"50","SO":"47","BAOPP":"0.23","ERA":"3.39","IBB":"5","WP":"0","HBP":"2","BK":"0","BFP":"361","GF":"16","R":"36","SH":"-1","SF":"-1","GIDP":"-1"}},{"pitcher":{,"PLAYERID":"gomezru01","YEARID":"1955","STINT":"1","TEAMID":"NY1","LGID":"NL","W":"9","L":"10","G":"33","GS":"31","CG":"9","SHO":"3","SV":"1","IPOUTS":"556","H":"207","ER":"94","HR":"20","BB":"63","SO":"79","BAOPP":"0.28","ERA":"4.56","IBB":"6","WP":"2","HBP":"7","BK":"0","BFP":"809","GF":"1","R":"103","SH":"-1","SF":"-1","GIDP":"-1"}},{"pitcher":{,"PLAYERID":"gonzavi01","YEARID":"1955","STINT":"1","TEAMID":"WS1","LGID":"AL","W":"0","L":"0","G":"1","GS":"0","CG":"0","SHO":"0","SV":"0","IPOUTS":"6","H":"6","ER":"6","HR":"0","BB":"3","SO":"1","BAOPP":"0.5","ERA":"27.0","IBB":"0","WP":"0","HBP":"0","BK":"0","BFP":"15","GF":"1","R":"6","SH":"-1","SF":"-1","GIDP":"-1"}},{"pitcher":{,"PLAYERID":"gorinch01","YEARID":"1955","STINT":"1","TEAMID":"ML1","LGID":"NL","W":"0","L":"0","G":"2","GS":"0","CG":"0","SHO":"0","SV":"0","IPOUTS":"1","H":"1","ER":"2","HR":"0","BB":"3","SO":"0","BAOPP":"0.5","ERA":"54.0","IBB":"0","WP":"0","HBP":"0","BK":"0","BFP":"5","GF":"0","R":"2","SH":"-1","SF":"-1","GIDP":"-1"}},{"pitcher":{,"PLAYERID":"gormato02","YEARID":"1955","STINT":"1","TEAMID":"KC1","LGID":"AL","W":"7","L":"6","G":"57","GS":"0","CG":"0","SHO":"0","SV":"18","IPOUTS":"327","H":"98","ER":"43","HR":"11","BB":"36","SO":"46","BAOPP":"0.24","ERA":"3.55","IBB":"5","WP":"2","HBP":"4","BK":"0","BFP":"451","GF":"35","R":"48","SH":"-1","SF":"-1","GIDP":"-1"}},{"pitcher":{,"PLAYERID":"grayjo01","YEARID":"1955","STINT":"1","TEAMID":"KC1","LGID":"AL","W":"0","L":"3","G":"8","GS":"5","CG":"0","SHO":"0","SV":"0","IPOUTS":"80","H":"28","ER":"19","HR":"2","BB":"24","SO":"11","BAOPP":"0.27","ERA":"6.41","IBB":"0","WP":"0","HBP":"1","BK":"0","BFP":"129","GF":"1","R":"23","SH":"-1","SF":"-1","GIDP":"-1"}},{"pitcher":{,"PLAYERID":"grayte01","YEARID":"1955","STINT":"3","TEAMID":"NYA","LGID":"AL","W":"0","L":"0","G":"1","GS":"1","CG":"0","SHO":"0","SV":"0","IPOUTS":"9","H":"3","ER":"1","HR":"0","BB":"0","SO":"1","BAOPP":"0.3","ERA":"3.0","IBB":"0","WP":"0","HBP":"0","BK":"0","BFP":"11","GF":"0","R":"1","SH":"-1","SF":"-1","GIDP":"-1"}},{"pitcher":{,"PLAYERID":"grayte01","YEARID":"1955","STINT":"4","TEAMID":"BAL","LGID":"AL","W":"1","L":"2","G":"9","GS":"1","CG":"0","SHO":"0","SV":"0","IPOUTS":"46","H":"21","ER":"14","HR":"3","BB":"11","SO":"8","BAOPP":"0.34","ERA":"8.22","IBB":"1","WP":"1","HBP":"0","BK":"0","BFP":"77","GF":"5","R":"19","SH":"-1","SF":"-1","GIDP":"-1"}},{"pitcher":{,"PLAYERID":"grayte01","YEARID":"1955","STINT":"1","TEAMID":"CHA","LGID":"AL","W":"0","L":"0","G":"2","GS":"1","CG":"0","SHO":"0","SV":"0","IPOUTS":"9","H":"9","ER":"6","HR":"0","BB":"2","SO":"1","BAOPP":"0.5","ERA":"18.0","IBB":"0","WP":"1","HBP":"0","BK":"0","BFP":"20","GF":"0","R":"6","SH":"-1","SF":"-1","GIDP":"-1"}},{"pitcher":{,"PLAYERID":"grayte01","YEARID":"1955","STINT":"2","TEAMID":"CLE","LGID":"AL","W":"0","L":"0","G":"2","GS":"0","CG":"0","SHO":"0","SV":"0","IPOUTS":"6","H":"5","ER":"4","HR":"1","BB":"2","SO":"1","BAOPP":"0.45","ERA":"18.0","IBB":"0","WP":"0","HBP":"0","BK":"0","BFP":"13","GF":"0","R":"4","SH":"-1","SF":"-1","GIDP":"-1"}},{"pitcher":{,"PLAYERID":"greenbo01","YEARID":"1955","STINT":"1","TEAMID":"PHI","LGID":"NL","W":"0","L":"0","G":"1","GS":"0","CG":"0","SHO":"0","SV":"0","IPOUTS":"7","H":"7","ER":"4","HR":"1","BB":"0","SO":"0","BAOPP":"0.5","ERA":"15.43","IBB":"0","WP":"0","HBP":"0","BK":"0","BFP":"14","GF":"0","R":"4","SH":"-1","SF":"-1","GIDP":"-1"}},{"pitcher":{,"PLAYERID":"grimbo01","YEARID":"1955","STINT":"1","TEAMID":"NYA","LGID":"AL","W":"7","L":"5","G":"26","GS":"11","CG":"1","SHO":"1","SV":"4","IPOUTS":"277","H":"81","ER":"43","HR":"9","BB":"42","SO":"63","BAOPP":"0.23","ERA":"4.19","IBB":"2","WP":"2","HBP":"3","BK":"0","BFP":"396","GF":"6","R":"49","SH":"-1","SF":"-1","GIDP":"-1"}},{"pitcher":{,"PLAYERID":"grissma01","YEARID":"1955","STINT":"1","TEAMID":"NY1","LGID":"NL","W":"5","L":"4","G":"55","GS":"0","CG":"0","SHO":"0","SV":"8","IPOUTS":"268","H":"76","ER":"29","HR":"6","BB":"41","SO":"49","BAOPP":"0.23","ERA":"2.92","IBB":"5","WP":"1","HBP":"6","BK":"0","BFP":"383","GF":"32","R":"35","SH":"-1","SF":"-1","GIDP":"-1"}},{"pitcher":{,"PLAYERID":"gromest01","YEARID":"1955","STINT":"1","TEAMID":"DET","LGID":"AL","W":"13","L":"10","G":"28","GS":"25","CG":"8","SHO":"2","SV":"0","IPOUTS":"543","H":"183","ER":"80","HR":"26","BB":"37","SO":"73","BAOPP":"0.26","ERA":"3.98","IBB":"5","WP":"1","HBP":"9","BK":"1","BFP":"760","GF":"1","R":"89","SH":"-1","SF":"-1","GIDP":"-1"}},{"pitcher":{,"PLAYERID":"grossdo01","YEARID":"1955","STINT":"1","TEAMID":"CIN","LGID":"NL","W":"4","L":"5","G":"17","GS":"11","CG":"2","SHO":"1","SV":"0","IPOUTS":"202","H":"79","ER":"31","HR":"11","BB":"16","SO":"33","BAOPP":"0.29","ERA":"4.14","IBB":"0","WP":"0","HBP":"1","BK":"0","BFP":"287","GF":"6","R":"33","SH":"-1","SF":"-1","GIDP":"-1"}},{"pitcher":{,"PLAYERID":"grunwal01","YEARID":"1955","STINT":"1","TEAMID":"PIT","LGID":"NL","W":"0","L":"0","G":"3","GS":"0","CG":"0","SHO":"0","SV":"0","IPOUTS":"23","H":"7","ER":"4","HR":"1","BB":"7","SO":"2","BAOPP":"0.24","ERA":"4.7","IBB":"0","WP":"0","HBP":"0","BK":"0","BFP":"36","GF":"1","R":"4","SH":"-1","SF":"-1","GIDP":"-1"}},{"pitcher":{,"PLAYERID":"hackewa02","YEARID":"1955","STINT":"1","TEAMID":"CHN","LGID":"NL","W":"11","L":"15","G":"35","GS":"30","CG":"13","SHO":"0","SV":"3","IPOUTS":"639","H":"202","ER":"101","HR":"38","BB":"43","SO":"80","BAOPP":"0.24","ERA":"4.27","IBB":"7","WP":"3","HBP":"2","BK":"0","BFP":"885","GF":"4","R":"112","SH":"-1","SF":"-1","GIDP":"-1"}},{"pitcher":{,"PLAYERID":"haddiha01","YEARID":"1955","STINT":"1","TEAMID":"SLN","LGID":"NL","W":"12","L":"16","G":"37","GS":"30","CG":"9","SHO":"2","SV":"1","IPOUTS":"624","H":"216","ER":"103","HR":"27","BB":"62","SO":"150","BAOPP":"0.26","ERA":"4.46","IBB":"7","WP":"2","HBP":"5","BK":"1","BFP":"888","GF":"3","R":"111","SH":"-1","SF":"-1","GIDP":"-1"}},{"pitcher":{,"PLAYERID":"halldi01","YEARID":"1955","STINT":"1","TEAMID":"PIT","LGID":"NL","W":"6","L":"6","G":"15","GS":"13","CG":"4","SHO":"0","SV":"1","IPOUTS":"283","H":"92","ER":"41","HR":"8","BB":"28","SO":"46","BAOPP":"0.25","ERA":"3.91","IBB":"4","WP":"0","HBP":"2","BK":"0","BFP":"401","GF":"2","R":"43","SH":"-1","SF":"-1","GIDP":"-1"}},{"pitcher":{,"PLAYERID":"harribi02","YEARID":"1955","STINT":"1","TEAMID":"KC1","LGID":"AL","W":"3","L":"3","G":"34","GS":"1","CG":"0","SHO":"0","SV":"2","IPOUTS":"230","H":"69","ER":"35","HR":"6","BB":"41","SO":"26","BAOPP":"0.24","ERA":"4.11","IBB":"4","WP":"1","HBP":"2","BK":"0","BFP":"336","GF":"18","R":"41","SH":"-1","SF":"-1","GIDP":"-1"}},{"pitcher":{,"PLAYERID":"harribo02","YEARID":"1955","STINT":"1","TEAMID":"BAL","LGID":"AL","W":"0","L":"0","G":"1","GS":"0","CG":"0","SHO":"0","SV":"0","IPOUTS":"6","H":"3","ER":"2","HR":"0","BB":"4","SO":"0","BAOPP":"0.5","ERA":"9.0","IBB":"0","WP":"0","HBP":"0","BK":"0","BFP":"11","GF":"0","R":"2","SH":"-1","SF":"-1","GIDP":"-1"}},{"pitcher":{,"PLAYERID":"harshja01","YEARID":"1955","STINT":"1","TEAMID":"CHA","LGID":"AL","W":"11","L":"7","G":"32","GS":"23","CG":"9","SHO":"0","SV":"0","IPOUTS":"538","H":"144","ER":"67","HR":"16","BB":"97","SO":"116","BAOPP":"0.22","ERA":"3.36","IBB":"3","WP":"4","HBP":"4","BK":"0","BFP":"761","GF":"2","R":"74","SH":"-1","SF":"-1","GIDP":"-1"}},{"pitcher":{,"PLAYERID":"hearnji01","YEARID":"1955","STINT":"1","TEAMID":"NY1","LGID":"NL","W":"14","L":"16","G":"39","GS":"33","CG":"11","SHO":"1","SV":"0","IPOUTS":"680","H":"225","ER":"94","HR":"27","BB":"66","SO":"86","BAOPP":"0.26","ERA":"3.73","IBB":"7","WP":"3","HBP":"3","BK":"0","BFP":"952","GF":"3","R":"107","SH":"-1","SF":"-1","GIDP":"-1"}},{"pitcher":{,"PLAYERID":"henrybi01","YEARID":"1955","STINT":"1","TEAMID":"BOS","LGID":"AL","W":"2","L":"4","G":"17","GS":"7","CG":"0","SHO":"0","SV":"0","IPOUTS":"179","H":"56","ER":"22","HR":"7","BB":"21","SO":"23","BAOPP":"0.24","ERA":"3.32","IBB":"2","WP":"1","HBP":"0","BK":"0","BFP":"254","GF":"2","R":"28","SH":"-1","SF":"-1","GIDP":"-1"}},{"pitcher":{,"PLAYERID":"herbera01","YEARID":"1955","STINT":"1","TEAMID":"KC1","LGID":"AL","W":"1","L":"8","G":"23","GS":"11","CG":"2","SHO":"0","SV":"0","IPOUTS":"263","H":"99","ER":"61","HR":"10","BB":"40","SO":"30","BAOPP":"0.29","ERA":"6.26","IBB":"9","WP":"4","HBP":"1","BK":"0","BFP":"396","GF":"4","R":"65","SH":"-1","SF":"-1","GIDP":"-1"}},{"pitcher":{,"PLAYERID":"hillmda01","YEARID":"1955","STINT":"1","TEAMID":"CHN","LGID":"NL","W":"0","L":"0","G":"25","GS":"3","CG":"0","SHO":"0","SV":"0","IPOUTS":"173","H":"63","ER":"34","HR":"10","BB":"25","SO":"23","BAOPP":"0.28","ERA":"5.31","IBB":"0","WP":"1","HBP":"1","BK":"0","BFP":"259","GF":"9","R":"36","SH":"-1","SF":"-1","GIDP":"-1"}},{"pitcher":{,"PLAYERID":"hoeftbi01","YEARID":"1955","STINT":"1","TEAMID":"DET","LGID":"AL","W":"16","L":"7","G":"32","GS":"29","CG":"17","SHO":"7","SV":"0","IPOUTS":"660","H":"187","ER":"73","HR":"17","BB":"75","SO":"133","BAOPP":"0.22","ERA":"2.99","IBB":"1","WP":"0","HBP":"3","BK":"0","BFP":"906","GF":"0","R":"75","SH":"-1","SF":"-1","GIDP":"-1"}},{"pitcher":{,"PLAYERID":"hoopebo01","YEARID":"1955","STINT":"1","TEAMID":"CIN","LGID":"NL","W":"0","L":"2","G":"8","GS":"0","CG":"0","SHO":"0","SV":"0","IPOUTS":"39","H":"20","ER":"11","HR":"2","BB":"6","SO":"6","BAOPP":"0.35","ERA":"7.62","IBB":"0","WP":"0","HBP":"0","BK":"0","BFP":"65","GF":"1","R":"12","SH":"-1","SF":"-1","GIDP":"-1"}},{"pitcher":{,"PLAYERID":"houttar01","YEARID":"1955","STINT":"1","TEAMID":"CLE","LGID":"AL","W":"10","L":"6","G":"35","GS":"12","CG":"3","SHO":"1","SV":"0","IPOUTS":"373","H":"126","ER":"55","HR":"15","BB":"44","SO":"53","BAOPP":"0.26","ERA":"3.98","IBB":"1","WP":"0","HBP":"2","BK":"0","BFP":"529","GF":"12","R":"63","SH":"-1","SF":"-1","GIDP":"-1"}},{"pitcher":{,"PLAYERID":"howeldi01","YEARID":"1955","STINT":"1","TEAMID":"CHA","LGID":"AL","W":"8","L":"3","G":"35","GS":"0","CG":"0","SHO":"0","SV":"9","IPOUTS":"221","H":"70","ER":"24","HR":"1","BB":"25","SO":"25","BAOPP":"0.25","ERA":"2.93","IBB":"5","WP":"3","HBP":"0","BK":"1","BFP":"314","GF":"25","R":"27","SH":"-1","SF":"-1","GIDP":"-1"}},{"pitcher":{,"PLAYERID":"hugheji02","YEARID":"1955","STINT":"1","TEAMID":"BRO","LGID":"NL","W":"0","L":"2","G":"24","GS":"0","CG":"0","SHO":"0","SV":"6","IPOUTS":"128","H":"41","ER":"20","HR":"10","BB":"19","SO":"20","BAOPP":"0.25","ERA":"4.22","IBB":"1","WP":"3","HBP":"0","BK":"0","BFP":"182","GF":"15","R":"22","SH":"-1","SF":"-1","GIDP":"-1"}},{"pitcher":{,"PLAYERID":"hurdto01","YEARID":"1955","STINT":"1","TEAMID":"BOS","LGID":"AL","W":"8","L":"6","G":"43","GS":"0","CG":"0","SHO":"0","SV":"5","IPOUTS":"242","H":"72","ER":"27","HR":"7","BB":"38","SO":"48","BAOPP":"0.24","ERA":"3.01","IBB":"10","WP":"3","HBP":"1","BK":"0","BFP":"344","GF":"26","R":"32","SH":"-1","SF":"-1","GIDP":"-1"}},{"pitcher":{,"PLAYERID":"hydedi01","YEARID":"1955","STINT":"1","TEAMID":"WS1","LGID":"AL","W":"0","L":"0","G":"3","GS":"0","CG":"0","SHO":"0","SV":"0","IPOUTS":"6","H":"2","ER":"1","HR":"0","BB":"1","SO":"1","BAOPP":"0.28","ERA":"4.5","IBB":"1","WP":"0","HBP":"0","BK":"0","BFP":"9","GF":"1","R":"1","SH":"-1","SF":"-1","GIDP":"-1"}},{"pitcher":{,"PLAYERID":"jacksla01","YEARID":"1955","STINT":"1","TEAMID":"SLN","LGID":"NL","W":"9","L":"14","G":"37","GS":"25","CG":"4","SHO":"1","SV":"2","IPOUTS":"532","H":"189","ER":"85","HR":"25","BB":"72","SO":"88","BAOPP":"0.27","ERA":"4.31","IBB":"11","WP":"2","HBP":"9","BK":"0","BFP":"775","GF":"10","R":"93","SH":"-1","SF":"-1","GIDP":"-1"}},{"pitcher":{,"PLAYERID":"jacobto01","YEARID":"1955","STINT":"1","TEAMID":"SLN","LGID":"NL","W":"0","L":"0","G":"1","GS":"0","CG":"0","SHO":"0","SV":"0","IPOUTS":"6","H":"6","ER":"4","HR":"1","BB":"1","SO":"1","BAOPP":"0.5","ERA":"18.0","IBB":"0","WP":"0","HBP":"0","BK":"0","BFP":"13","GF":"0","R":"4","SH":"-1","SF":"-1","GIDP":"-1"}},{"pitcher":{,"PLAYERID":"jayjo01","YEARID":"1955","STINT":"1","TEAMID":"ML1","LGID":"NL","W":"0","L":"0","G":"12","GS":"1","CG":"0","SHO":"0","SV":"0","IPOUTS":"57","H":"23","ER":"10","HR":"2","BB":"13","SO":"3","BAOPP":"0.32","ERA":"4.74","IBB":"2","WP":"1","HBP":"0","BK":"0","BFP":"86","GF":"7","R":"11","SH":"-1","SF":"-1","GIDP":"-1"}},{"pitcher":{,"PLAYERID":"jeffcha01","YEARID":"1955","STINT":"1","TEAMID":"CHN","LGID":"NL","W":"8","L":"6","G":"50","GS":"1","CG":"0","SHO":"0","SV":"6","IPOUTS":"302","H":"107","ER":"33","HR":"5","BB":"53","SO":"32","BAOPP":"0.27","ERA":"2.95","IBB":"12","WP":"2","HBP":"4","BK":"0","BFP":"453","GF":"26","R":"46","SH":"-1","SF":"-1","GIDP":"-1"}},{"pitcher":{,"PLAYERID":"johnsco01","YEARID":"1955","STINT":"1","TEAMID":"CHA","LGID":"AL","W":"7","L":"4","G":"17","GS":"16","CG":"5","SHO":"2","SV":"0","IPOUTS":"297","H":"95","ER":"38","HR":"5","BB":"52","SO":"72","BAOPP":"0.25","ERA":"3.45","IBB":"0","WP":"0","HBP":"1","BK":"0","BFP":"436","GF":"0","R":"40","SH":"-1","SF":"-1","GIDP":"-1"}},{"pitcher":{,"PLAYERID":"johnsdo03","YEARID":"1955","STINT":"1","TEAMID":"BAL","LGID":"AL","W":"2","L":"4","G":"31","GS":"5","CG":"0","SHO":"0","SV":"1","IPOUTS":"204","H":"89","ER":"44","HR":"4","BB":"35","SO":"27","BAOPP":"0.33","ERA":"5.82","IBB":"2","WP":"3","HBP":"0","BK":"0","BFP":"315","GF":"12","R":"46","SH":"-1","SF":"-1","GIDP":"-1"}},{"pitcher":{,"PLAYERID":"johnser02","YEARID":"1955","STINT":"1","TEAMID":"ML1","LGID":"NL","W":"5","L":"7","G":"40","GS":"2","CG":"0","SHO":"0","SV":"4","IPOUTS":"276","H":"81","ER":"35","HR":"5","BB":"55","SO":"43","BAOPP":"0.24","ERA":"3.42","IBB":"8","WP":"3","HBP":"2","BK":"0","BFP":"404","GF":"18","R":"38","SH":"-1","SF":"-1","GIDP":"-1"}},{"pitcher":{,"PLAYERID":"jollyda01","YEARID":"1955","STINT":"1","TEAMID":"ML1","LGID":"NL","W":"2","L":"3","G":"36","GS":"0","CG":"0","SHO":"0","SV":"1","IPOUTS":"175","H":"58","ER":"37","HR":"6","BB":"51","SO":"23","BAOPP":"0.25","ERA":"5.71","IBB":"7","WP":"4","HBP":"1","BK":"0","BFP":"283","GF":"13","R":"42","SH":"-1","SF":"-1","GIDP":"-1"}},{"pitcher":{,"PLAYERID":"jonesgo01","YEARID":"1955","STINT":"1","TEAMID":"SLN","LGID":"NL","W":"1","L":"4","G":"15","GS":"9","CG":"0","SHO":"0","SV":"0","IPOUTS":"171","H":"66","ER":"37","HR":"10","BB":"28","SO":"46","BAOPP":"0.28","ERA":"5.84","IBB":"5","WP":"0","HBP":"1","BK":"0","BFP":"262","GF":"1","R":"38","SH":"-1","SF":"-1","GIDP":"-1"}},{"pitcher":{,"PLAYERID":"jonessa02","YEARID":"1955","STINT":"1","TEAMID":"CHN","LGID":"NL","W":"14","L":"20","G":"36","GS":"34","CG":"12","SHO":"4","SV":"0","IPOUTS":"725","H":"175","ER":"110","HR":"22","BB":"185","SO":"198","BAOPP":"0.2","ERA":"4.1","IBB":"5","WP":"5","HBP":"14","BK":"0","BFP":"1070","GF":"1","R":"118","SH":"-1","SF":"-1","GIDP":"-1"}},{"pitcher":{,"PLAYERID":"kaisedo01","YEARID":"1955","STINT":"1","TEAMID":"CHN","LGID":"NL","W":"0","L":"0","G":"11","GS":"0","CG":"0","SHO":"0","SV":"0","IPOUTS":"55","H":"20","ER":"11","HR":"2","BB":"5","SO":"11","BAOPP":"0.27","ERA":"5.4","IBB":"0","WP":"1","HBP":"1","BK":"0","BFP":"79","GF":"6","R":"11","SH":"-1","SF":"-1","GIDP":"-1"}},{"pitcher":{,"PLAYERID":"keegabo01","YEARID":"1955","STINT":"1","TEAMID":"CHA","LGID":"AL","W":"2","L":"5","G":"18","GS":"11","CG":"1","SHO":"0","SV":"0","IPOUTS":"176","H":"83","ER":"38","HR":"4","BB":"28","SO":"29","BAOPP":"0.33","ERA":"5.83","IBB":"1","WP":"0","HBP":"1","BK":"0","BFP":"283","GF":"1","R":"39","SH":"-1","SF":"-1","GIDP":"-1"}},{"pitcher":{,"PLAYERID":"kellnal01","YEARID":"1955","STINT":"1","TEAMID":"KC1","LGID":"AL","W":"11","L":"8","G":"30","GS":"24","CG":"6","SHO":"3","SV":"0","IPOUTS":"488","H":"164","ER":"76","HR":"18","BB":"60","SO":"75","BAOPP":"0.26","ERA":"4.2","IBB":"2","WP":"3","HBP":"5","BK":"0","BFP":"704","GF":"3","R":"81","SH":"-1","SF":"-1","GIDP":"-1"}},{"pitcher":{,"PLAYERID":"kemmeru01","YEARID":"1955","STINT":"1","TEAMID":"BOS","LGID":"AL","W":"1","L":"1","G":"7","GS":"2","CG":"0","SHO":"0","SV":"0","IPOUTS":"52","H":"18","ER":"14","HR":"3","BB":"15","SO":"13","BAOPP":"0.26","ERA":"7.27","IBB":"1","WP":"2","HBP":"0","BK":"0","BFP":"82","GF":"2","R":"14","SH":"-1","SF":"-1","GIDP":"-1"}},{"pitcher":{,"PLAYERID":"keriagu01","YEARID":"1955","STINT":"1","TEAMID":"KC1","LGID":"AL","W":"0","L":"1","G":"5","GS":"1","CG":"0","SHO":"0","SV":"0","IPOUTS":"35","H":"15","ER":"16","HR":"4","BB":"7","SO":"8","BAOPP":"0.33","ERA":"12.34","IBB":"0","WP":"1","HBP":"0","BK":"0","BFP":"54","GF":"2","R":"16","SH":"-1","SF":"-1","GIDP":"-1"}},{"pitcher":{,"PLAYERID":"kielyle01","YEARID":"1955","STINT":"1","TEAMID":"BOS","LGID":"AL","W":"3","L":"3","G":"33","GS":"4","CG":"0","SHO":"0","SV":"6","IPOUTS":"270","H":"91","ER":"28","HR":"5","BB":"37","SO":"36","BAOPP":"0.26","ERA":"2.8","IBB":"5","WP":"1","HBP":"0","BK":"1","BFP":"384","GF":"13","R":"31","SH":"-1","SF":"-1","GIDP":"-1"}},{"pitcher":{,"PLAYERID":"kindeel01","YEARID":"1955","STINT":"1","TEAMID":"BOS","LGID":"AL","W":"5","L":"5","G":"43","GS":"0","CG":"0","SHO":"0","SV":"18","IPOUTS":"200","H":"57","ER":"21","HR":"5","BB":"15","SO":"31","BAOPP":"0.22","ERA":"2.84","IBB":"4","WP":"1","HBP":"1","BK":"0","BFP":"275","GF":"38","R":"22","SH":"-1","SF":"-1","GIDP":"-1"}},{"pitcher":{,"PLAYERID":"kingne01","YEARID":"1955","STINT":"1","TEAMID":"PIT","LGID":"NL","W":"1","L":"3","G":"17","GS":"4","CG":"0","SHO":"0","SV":"0","IPOUTS":"163","H":"60","ER":"18","HR":"2","BB":"14","SO":"21","BAOPP":"0.28","ERA":"2.98","IBB":"3","WP":"0","HBP":"2","BK":"0","BFP":"232","GF":"7","R":"24","SH":"-1","SF":"-1","GIDP":"-1"}},{"pitcher":{,"PLAYERID":"kippeth01","YEARID":"1955","STINT":"1","TEAMID":"PHI","LGID":"NL","W":"0","L":"1","G":"24","GS":"0","CG":"0","SHO":"0","SV":"0","IPOUTS":"119","H":"47","ER":"22","HR":"4","BB":"22","SO":"15","BAOPP":"0.3","ERA":"4.99","IBB":"4","WP":"2","HBP":"1","BK":"0","BFP":"182","GF":"10","R":"23","SH":"-1","SF":"-1","GIDP":"-1"}},{"pitcher":{,"PLAYERID":"klinebo02","YEARID":"1955","STINT":"1","TEAMID":"WS1","LGID":"AL","W":"0","L":"0","G":"1","GS":"0","CG":"0","SHO":"0","SV":"0","IPOUTS":"3","H":"4","ER":"3","HR":"1","BB":"1","SO":"0","BAOPP":"0.66","ERA":"27.0","IBB":"0","WP":"0","HBP":"0","BK":"0","BFP":"8","GF":"1","R":"3","SH":"-1","SF":"-1","GIDP":"-1"}},{"pitcher":{,"PLAYERID":"klinero01","YEARID":"1955","STINT":"1","TEAMID":"PIT","LGID":"NL","W":"6","L":"13","G":"36","GS":"19","CG":"2","SHO":"1","SV":"2","IPOUTS":"410","H":"161","ER":"63","HR":"13","BB":"53","SO":"48","BAOPP":"0.29","ERA":"4.15","IBB":"5","WP":"2","HBP":"5","BK":"2","BFP":"611","GF":"12","R":"78","SH":"-1","SF":"-1","GIDP":"-1"}},{"pitcher":{,"PLAYERID":"klippjo01","YEARID":"1955","STINT":"1","TEAMID":"CIN","LGID":"NL","W":"9","L":"10","G":"39","GS":"14","CG":"3","SHO":"2","SV":"0","IPOUTS":"414","H":"120","ER":"52","HR":"13","BB":"60","SO":"68","BAOPP":"0.23","ERA":"3.39","IBB":"5","WP":"6","HBP":"4","BK":"0","BFP":"588","GF":"14","R":"66","SH":"-1","SF":"-1","GIDP":"-1"}},{"pitcher":{,"PLAYERID":"konstji01","YEARID":"1955","STINT":"1","TEAMID":"NYA","LGID":"AL","W":"7","L":"2","G":"45","GS":"0","CG":"0","SHO":"0","SV":"11","IPOUTS":"221","H":"68","ER":"19","HR":"5","BB":"24","SO":"19","BAOPP":"0.24","ERA":"2.32","IBB":"2","WP":"0","HBP":"0","BK":"0","BFP":"308","GF":"30","R":"28","SH":"-1","SF":"-1","GIDP":"-1"}},{"pitcher":{,"PLAYERID":"kosloda01","YEARID":"1955","STINT":"1","TEAMID":"ML1","LGID":"NL","W":"0","L":"1","G":"1","GS":"0","CG":"0","SHO":"0","SV":"0","IPOUTS":"0","H":"1","ER":"1","HR":"1","BB":"0","SO":"0","BAOPP":"1.0","ERA":"-1.0","IBB":"0","WP":"0","HBP":"0","BK":"0","BFP":"1","GF":"1","R":"1","SH":"-1","SF":"-1","GIDP":"-1"}},{"pitcher":{,"PLAYERID":"koufasa01","YEARID":"1955","STINT":"1","TEAMID":"BRO","LGID":"NL","W":"2","L":"2","G":"12","GS":"5","CG":"2","SHO":"2","SV":"0","IPOUTS":"125","H":"33","ER":"14","HR":"2","BB":"28","SO":"30","BAOPP":"0.21","ERA":"3.02","IBB":"1","WP":"2","HBP":"1","BK":"1","BFP":"183","GF":"4","R":"15","SH":"-1","SF":"-1","GIDP":"-1"}},{"pitcher":{,"PLAYERID":"kretllo01","YEARID":"1955","STINT":"1","TEAMID":"BAL","LGID":"AL","W":"0","L":"4","G":"15","GS":"5","CG":"0","SHO":"0","SV":"0","IPOUTS":"115","H":"50","ER":"35","HR":"3","BB":"27","SO":"26","BAOPP":"0.31","ERA":"8.22","IBB":"0","WP":"4","HBP":"1","BK":"0","BFP":"192","GF":"5","R":"39","SH":"-1","SF":"-1","GIDP":"-1"}},{"pitcher":{,"PLAYERID":"kucksjo01","YEARID":"1955","STINT":"1","TEAMID":"NYA","LGID":"AL","W":"8","L":"7","G":"29","GS":"13","CG":"3","SHO":"1","SV":"0","IPOUTS":"380","H":"122","ER":"48","HR":"8","BB":"44","SO":"49","BAOPP":"0.25","ERA":"3.41","IBB":"6","WP":"3","HBP":"2","BK":"0","BFP":"537","GF":"5","R":"54","SH":"-1","SF":"-1","GIDP":"-1"}},{"pitcher":{,"PLAYERID":"kumemi01","YEARID":"1955","STINT":"1","TEAMID":"KC1","LGID":"AL","W":"0","L":"2","G":"6","GS":"4","CG":"0","SHO":"0","SV":"0","IPOUTS":"71","H":"35","ER":"21","HR":"1","BB":"15","SO":"7","BAOPP":"0.35","ERA":"7.99","IBB":"0","WP":"5","HBP":"3","BK":"0","BFP":"121","GF":"0","R":"23","SH":"-1","SF":"-1","GIDP":"-1"}},{"pitcher":{,"PLAYERID":"kuzavbo01","YEARID":"1955","STINT":"1","TEAMID":"BAL","LGID":"AL","W":"0","L":"1","G":"6","GS":"1","CG":"0","SHO":"0","SV":"0","IPOUTS":"37","H":"10","ER":"5","HR":"0","BB":"4","SO":"5","BAOPP":"0.22","ERA":"3.65","IBB":"1","WP":"1","HBP":"0","BK":"0","BFP":"51","GF":"3","R":"7","SH":"-1","SF":"-1","GIDP":"-1"}},{"pitcher":{,"PLAYERID":"kuzavbo01","YEARID":"1955","STINT":"2","TEAMID":"PHI","LGID":"NL","W":"1","L":"0","G":"17","GS":"4","CG":"0","SHO":"0","SV":"0","IPOUTS":"97","H":"47","ER":"26","HR":"5","BB":"12","SO":"13","BAOPP":"0.33","ERA":"7.24","IBB":"1","WP":"0","HBP":"0","BK":"0","BFP":"154","GF":"7","R":"26","SH":"-1","SF":"-1","GIDP":"-1"}},{"pitcher":{,"PLAYERID":"labincl01","YEARID":"1955","STINT":"1","TEAMID":"BRO","LGID":"NL","W":"13","L":"5","G":"60","GS":"8","CG":"1","SHO":"0","SV":"11","IPOUTS":"433","H":"121","ER":"52","HR":"12","BB":"55","SO":"67","BAOPP":"0.22","ERA":"3.24","IBB":"4","WP":"5","HBP":"0","BK":"0","BFP":"592","GF":"32","R":"61","SH":"-1","SF":"-1","GIDP":"-1"}},{"pitcher":{,"PLAYERID":"laneje01","YEARID":"1955","STINT":"1","TEAMID":"CIN","LGID":"NL","W":"0","L":"2","G":"8","GS":"0","CG":"0","SHO":"0","SV":"1","IPOUTS":"33","H":"11","ER":"6","HR":"2","BB":"6","SO":"5","BAOPP":"0.28","ERA":"4.91","IBB":"2","WP":"0","HBP":"0","BK":"0","BFP":"47","GF":"6","R":"6","SH":"-1","SF":"-1","GIDP":"-1"}},{"pitcher":{,"PLAYERID":"lapalpa01","YEARID":"1955","STINT":"1","TEAMID":"SLN","LGID":"NL","W":"4","L":"3","G":"56","GS":"0","CG":"0","SHO":"0","SV":"3","IPOUTS":"275","H":"76","ER":"28","HR":"10","BB":"34","SO":"39","BAOPP":"0.22","ERA":"2.75","IBB":"9","WP":"1","HBP":"1","BK":"1","BFP":"378","GF":"18","R":"36","SH":"-1","SF":"-1","GIDP":"-1"}},{"pitcher":{,"PLAYERID":"larsedo01","YEARID":"1955","STINT":"1","TEAMID":"NYA","LGID":"AL","W":"9","L":"2","G":"19","GS":"13","CG":"5","SHO":"1","SV":"2","IPOUTS":"291","H":"81","ER":"33","HR":"8","BB":"51","SO":"44","BAOPP":"0.22","ERA":"3.06","IBB":"3","WP":"1","HBP":"2","BK":"0","BFP":"412","GF":"5","R":"38","SH":"-1","SF":"-1","GIDP":"-1"}},{"pitcher":{,"PLAYERID":"laryfr01","YEARID":"1955","STINT":"1","TEAMID":"DET","LGID":"AL","W":"14","L":"15","G":"36","GS":"31","CG":"16","SHO":"2","SV":"1","IPOUTS":"705","H":"232","ER":"81","HR":"10","BB":"89","SO":"98","BAOPP":"0.26","ERA":"3.1","IBB":"3","WP":"7","HBP":"6","BK":"0","BFP":"997","GF":"5","R":"100","SH":"-1","SF":"-1","GIDP":"-1"}},{"pitcher":{,"PLAYERID":"lasorto01","YEARID":"1955","STINT":"1","TEAMID":"BRO","LGID":"NL","W":"0","L":"0","G":"4","GS":"1","CG":"0","SHO":"0","SV":"0","IPOUTS":"12","H":"5","ER":"6","HR":"1","BB":"6","SO":"4","BAOPP":"0.31","ERA":"13.5","IBB":"0","WP":"4","HBP":"1","BK":"0","BFP":"24","GF":"1","R":"6","SH":"-1","SF":"-1","GIDP":"-1"}},{"pitcher":{,"PLAYERID":"lawrebr01","YEARID":"1955","STINT":"1","TEAMID":"SLN","LGID":"NL","W":"3","L":"8","G":"46","GS":"10","CG":"2","SHO":"1","SV":"1","IPOUTS":"288","H":"102","ER":"70","HR":"11","BB":"58","SO":"52","BAOPP":"0.27","ERA":"6.56","IBB":"7","WP":"2","HBP":"7","BK":"1","BFP":"442","GF":"7","R":"73","SH":"-1","SF":"-1","GIDP":"-1"}},{"pitcher":{,"PLAYERID":"lawve01","YEARID":"1955","STINT":"1","TEAMID":"PIT","LGID":"NL","W":"10","L":"10","G":"43","GS":"24","CG":"8","SHO":"1","SV":"1","IPOUTS":"602","H":"221","ER":"85","HR":"19","BB":"61","SO":"82","BAOPP":"0.28","ERA":"3.81","IBB":"7","WP":"5","HBP":"1","BK":"0","BFP":"865","GF":"13","R":"98","SH":"-1","SF":"-1","GIDP":"-1"}},{"pitcher":{,"PLAYERID":"lemonbo01","YEARID":"1955","STINT":"1","TEAMID":"CLE","LGID":"AL","W":"18","L":"10","G":"35","GS":"31","CG":"5","SHO":"0","SV":"2","IPOUTS":"634","H":"218","ER":"91","HR":"17","BB":"74","SO":"100","BAOPP":"0.26","ERA":"3.88","IBB":"3","WP":"8","HBP":"5","BK":"0","BFP":"909","GF":"3","R":"103","SH":"-1","SF":"-1","GIDP":"-1"}},{"pitcher":{,"PLAYERID":"liddldo01","YEARID":"1955","STINT":"1","TEAMID":"NY1","LGID":"NL","W":"10","L":"4","G":"33","GS":"13","CG":"4","SHO":"0","SV":"1","IPOUTS":"319","H":"97","ER":"50","HR":"18","BB":"61","SO":"56","BAOPP":"0.24","ERA":"4.23","IBB":"7","WP":"0","HBP":"4","BK":"0","BFP":"467","GF":"9","R":"54","SH":"-1","SF":"-1","GIDP":"-1"}},{"pitcher":{,"PLAYERID":"littldi01","YEARID":"1955","STINT":"1","TEAMID":"PIT","LGID":"NL","W":"5","L":"12","G":"35","GS":"17","CG":"4","SHO":"1","SV":"0","IPOUTS":"390","H":"148","ER":"74","HR":"15","BB":"68","SO":"70","BAOPP":"0.29","ERA":"5.12","IBB":"8","WP":"5","HBP":"2","BK":"1","BFP":"598","GF":"5","R":"91","SH":"-1","SF":"-1","GIDP":"-1"}},{"pitcher":{,"PLAYERID":"lockech01","YEARID":"1955","STINT":"1","TEAMID":"BAL","LGID":"AL","W":"0","L":"0","G":"2","GS":"0","CG":"0","SHO":"0","SV":"0","IPOUTS":"9","H":"0","ER":"0","HR":"0","BB":"1","SO":"1","BAOPP":"0.0","ERA":"0.0","IBB":"0","WP":"0","HBP":"0","BK":"0","BFP":"11","GF":"1","R":"0","SH":"-1","SF":"-1","GIDP":"-1"}},{"pitcher":{,"PLAYERID":"loesbi01","YEARID":"1955","STINT":"1","TEAMID":"BRO","LGID":"NL","W":"10","L":"4","G":"22","GS":"19","CG":"6","SHO":"0","SV":"0","IPOUTS":"384","H":"116","ER":"51","HR":"16","BB":"46","SO":"85","BAOPP":"0.24","ERA":"3.59","IBB":"1","WP":"1","HBP":"2","BK":"0","BFP":"539","GF":"0","R":"59","SH":"-1","SF":"-1","GIDP":"-1"}},{"pitcher":{,"PLAYERID":"lopated01","YEARID":"1955","STINT":"1","TEAMID":"NYA","LGID":"AL","W":"4","L":"8","G":"16","GS":"12","CG":"3","SHO":"1","SV":"0","IPOUTS":"260","H":"101","ER":"36","HR":"12","BB":"16","SO":"24","BAOPP":"0.29","ERA":"3.74","IBB":"3","WP":"0","HBP":"1","BK":"0","BFP":"364","GF":"2","R":"45","SH":"-1","SF":"-1","GIDP":"-1"}},{"pitcher":{,"PLAYERID":"lopated01","YEARID":"1955","STINT":"2","TEAMID":"BAL","LGID":"AL","W":"3","L":"4","G":"10","GS":"7","CG":"1","SHO":"0","SV":"0","IPOUTS":"147","H":"57","ER":"23","HR":"8","BB":"9","SO":"10","BAOPP":"0.29","ERA":"4.22","IBB":"2","WP":"1","HBP":"3","BK":"0","BFP":"210","GF":"2","R":"24","SH":"-1","SF":"-1","GIDP":"-1"}},{"pitcher":{,"PLAYERID":"lovenly01","YEARID":"1955","STINT":"1","TEAMID":"PHI","LGID":"NL","W":"0","L":"1","G":"14","GS":"0","CG":"0","SHO":"0","SV":"0","IPOUTS":"54","H":"17","ER":"9","HR":"1","BB":"10","SO":"14","BAOPP":"0.25","ERA":"4.5","IBB":"0","WP":"1","HBP":"2","BK":"0","BFP":"82","GF":"3","R":"9","SH":"-1","SF":"-1","GIDP":"-1"}},{"pitcher":{,"PLAYERID":"maasdu01","YEARID":"1955","STINT":"1","TEAMID":"DET","LGID":"AL","W":"5","L":"6","G":"18","GS":"16","CG":"5","SHO":"2","SV":"0","IPOUTS":"260","H":"91","ER":"47","HR":"7","BB":"50","SO":"42","BAOPP":"0.27","ERA":"4.88","IBB":"3","WP":"2","HBP":"2","BK":"0","BFP":"393","GF":"1","R":"52","SH":"-1","SF":"-1","GIDP":"-1"}},{"pitcher":{,"PLAYERID":"mackijo01","YEARID":"1955","STINT":"1","TEAMID":"SLN","LGID":"NL","W":"0","L":"1","G":"8","GS":"1","CG":"0","SHO":"0","SV":"0","IPOUTS":"62","H":"24","ER":"18","HR":"3","BB":"10","SO":"8","BAOPP":"0.29","ERA":"7.84","IBB":"2","WP":"1","HBP":"1","BK":"0","BFP":"98","GF":"2","R":"18","SH":"-1","SF":"-1","GIDP":"-1"}},{"pitcher":{,"PLAYERID":"maglisa01","YEARID":"1955","STINT":"1","TEAMID":"NY1","LGID":"NL","W":"9","L":"5","G":"23","GS":"21","CG":"6","SHO":"0","SV":"0","IPOUTS":"389","H":"142","ER":"54","HR":"18","BB":"48","SO":"71","BAOPP":"0.27","ERA":"3.75","IBB":"2","WP":"0","HBP":"3","BK":"1","BFP":"572","GF":"2","R":"67","SH":"-1","SF":"-1","GIDP":"-1"}},{"pitcher":{,"PLAYERID":"maglisa01","YEARID":"1955","STINT":"2","TEAMID":"CLE","LGID":"AL","W":"0","L":"2","G":"10","GS":"2","CG":"0","SHO":"0","SV":"2","IPOUTS":"77","H":"26","ER":"11","HR":"0","BB":"7","SO":"11","BAOPP":"0.25","ERA":"3.86","IBB":"0","WP":"0","HBP":"1","BK":"0","BFP":"112","GF":"4","R":"14","SH":"-1","SF":"-1","GIDP":"-1"}},{"pitcher":{,"PLAYERID":"marlodi01","YEARID":"1955","STINT":"1","TEAMID":"DET","LGID":"AL","W":"1","L":"0","G":"4","GS":"1","CG":"1","SHO":"0","SV":"1","IPOUTS":"45","H":"12","ER":"3","HR":"1","BB":"4","SO":"9","BAOPP":"0.21","ERA":"1.8","IBB":"1","WP":"1","HBP":"0","BK":"0","BFP":"59","GF":"3","R":"4","SH":"-1","SF":"-1","GIDP":"-1"}},{"pitcher":{,"PLAYERID":"martimo01","YEARID":"1955","STINT":"1","TEAMID":"CHA","LGID":"AL","W":"2","L":"3","G":"37","GS":"0","CG":"0","SHO":"0","SV":"2","IPOUTS":"156","H":"50","ER":"21","HR":"4","BB":"20","SO":"22","BAOPP":"0.25","ERA":"3.63","IBB":"2","WP":"0","HBP":"2","BK":"0","BFP":"223","GF":"11","R":"27","SH":"-1","SF":"-1","GIDP":"-1"}},{"pitcher":{,"PLAYERID":"martipa02","YEARID":"1955","STINT":"1","TEAMID":"PIT","LGID":"NL","W":"0","L":"1","G":"7","GS":"1","CG":"0","SHO":"0","SV":"0","IPOUTS":"21","H":"13","ER":"11","HR":"0","BB":"17","SO":"3","BAOPP":"0.46","ERA":"14.14","IBB":"0","WP":"1","HBP":"1","BK":"1","BFP":"49","GF":"3","R":"12","SH":"-1","SF":"-1","GIDP":"-1"}},{"pitcher":{,"PLAYERID":"mccalwi01","YEARID":"1955","STINT":"1","TEAMID":"NY1","LGID":"NL","W":"6","L":"5","G":"42","GS":"6","CG":"4","SHO":"0","SV":"3","IPOUTS":"285","H":"86","ER":"39","HR":"8","BB":"37","SO":"50","BAOPP":"0.24","ERA":"3.69","IBB":"6","WP":"2","HBP":"6","BK":"0","BFP":"400","GF":"9","R":"45","SH":"-1","SF":"-1","GIDP":"-1"}},{"pitcher":{,"PLAYERID":"mcdanli01","YEARID":"1955","STINT":"1","TEAMID":"SLN","LGID":"NL","W":"0","L":"0","G":"4","GS":"2","CG":"0","SHO":"0","SV":"0","IPOUTS":"57","H":"22","ER":"10","HR":"4","BB":"7","SO":"7","BAOPP":"0.29","ERA":"4.74","IBB":"1","WP":"0","HBP":"0","BK":"0","BFP":"84","GF":"2","R":"10","SH":"-1","SF":"-1","GIDP":"-1"}},{"pitcher":{,"PLAYERID":"mcdermi03","YEARID":"1955","STINT":"1","TEAMID":"WS1","LGID":"AL","W":"10","L":"10","G":"31","GS":"20","CG":"8","SHO":"1","SV":"1","IPOUTS":"468","H":"140","ER":"65","HR":"9","BB":"100","SO":"78","BAOPP":"0.24","ERA":"3.75","IBB":"2","WP":"4","HBP":"9","BK":"0","BFP":"700","GF":"7","R":"75","SH":"-1","SF":"-1","GIDP":"-1"}},{"pitcher":{,"PLAYERID":"mcdonji04","YEARID":"1955","STINT":"1","TEAMID":"BAL","LGID":"AL","W":"3","L":"5","G":"21","GS":"8","CG":"0","SHO":"0","SV":"0","IPOUTS":"155","H":"76","ER":"41","HR":"5","BB":"30","SO":"20","BAOPP":"0.34","ERA":"7.14","IBB":"1","WP":"1","HBP":"0","BK":"0","BFP":"253","GF":"6","R":"48","SH":"-1","SF":"-1","GIDP":"-1"}},{"pitcher":{,"PLAYERID":"meyerja01","YEARID":"1955","STINT":"1","TEAMID":"PHI","LGID":"NL","W":"6","L":"11","G":"50","GS":"5","CG":"0","SHO":"0","SV":"16","IPOUTS":"331","H":"75","ER":"42","HR":"14","BB":"66","SO":"97","BAOPP":"0.19","ERA":"3.43","IBB":"6","WP":"6","HBP":"3","BK":"0","BFP":"470","GF":"36","R":"50","SH":"-1","SF":"-1","GIDP":"-1"}},{"pitcher":{,"PLAYERID":"meyerru01","YEARID":"1955","STINT":"1","TEAMID":"BRO","LGID":"NL","W":"6","L":"2","G":"18","GS":"11","CG":"2","SHO":"1","SV":"0","IPOUTS":"219","H":"86","ER":"44","HR":"8","BB":"31","SO":"26","BAOPP":"0.3","ERA":"5.42","IBB":"6","WP":"3","HBP":"0","BK":"0","BFP":"327","GF":"1","R":"46","SH":"-1","SF":"-1","GIDP":"-1"}},{"pitcher":{,"PLAYERID":"millebi04","YEARID":"1955","STINT":"1","TEAMID":"BAL","LGID":"AL","W":"0","L":"1","G":"5","GS":"1","CG":"0","SHO":"0","SV":"0","IPOUTS":"12","H":"3","ER":"6","HR":"0","BB":"10","SO":"4","BAOPP":"0.2","ERA":"13.5","IBB":"1","WP":"0","HBP":"0","BK":"0","BFP":"25","GF":"0","R":"6","SH":"-1","SF":"-1","GIDP":"-1"}},{"pitcher":{,"PLAYERID":"millebo02","YEARID":"1955","STINT":"1","TEAMID":"PHI","LGID":"NL","W":"8","L":"4","G":"40","GS":"0","CG":"0","SHO":"0","SV":"1","IPOUTS":"269","H":"80","ER":"24","HR":"6","BB":"28","SO":"28","BAOPP":"0.24","ERA":"2.41","IBB":"6","WP":"1","HBP":"1","BK":"0","BFP":"371","GF":"13","R":"26","SH":"-1","SF":"-1","GIDP":"-1"}},{"pitcher":{,"PLAYERID":"millebo03","YEARID":"1955","STINT":"1","TEAMID":"DET","LGID":"AL","W":"2","L":"1","G":"7","GS":"3","CG":"1","SHO":"0","SV":"0","IPOUTS":"76","H":"26","ER":"7","HR":"4","BB":"12","SO":"11","BAOPP":"0.26","ERA":"2.49","IBB":"1","WP":"1","HBP":"0","BK":"0","BFP":"112","GF":"2","R":"12","SH":"-1","SF":"-1","GIDP":"-1"}},{"pitcher":{,"PLAYERID":"minarru01","YEARID":"1955","STINT":"1","TEAMID":"CIN","LGID":"NL","W":"5","L":"9","G":"41","GS":"12","CG":"3","SHO":"1","SV":"1","IPOUTS":"347","H":"116","ER":"63","HR":"17","BB":"51","SO":"45","BAOPP":"0.26","ERA":"4.9","IBB":"7","WP":"4","HBP":"3","BK":"0","BFP":"506","GF":"11","R":"73","SH":"-1","SF":"-1","GIDP":"-1"}},{"pitcher":{,"PLAYERID":"minnepa01","YEARID":"1955","STINT":"1","TEAMID":"CHN","LGID":"NL","W":"9","L":"9","G":"22","GS":"22","CG":"7","SHO":"1","SV":"0","IPOUTS":"473","H":"173","ER":"61","HR":"15","BB":"47","SO":"53","BAOPP":"0.28","ERA":"3.48","IBB":"10","WP":"2","HBP":"1","BK":"0","BFP":"675","GF":"0","R":"67","SH":"-1","SF":"-1","GIDP":"-1"}},{"pitcher":{,"PLAYERID":"moforhe01","YEARID":"1955","STINT":"1","TEAMID":"SLN","LGID":"NL","W":"1","L":"1","G":"14","GS":"1","CG":"0","SHO":"0","SV":"2","IPOUTS":"72","H":"29","ER":"21","HR":"5","BB":"15","SO":"8","BAOPP":"0.29","ERA":"7.88","IBB":"3","WP":"3","HBP":"1","BK":"0","BFP":"116","GF":"4","R":"23","SH":"-1","SF":"-1","GIDP":"-1"}},{"pitcher":{,"PLAYERID":"monzara01","YEARID":"1955","STINT":"1","TEAMID":"NY1","LGID":"NL","W":"4","L":"8","G":"28","GS":"12","CG":"3","SHO":"0","SV":"0","IPOUTS":"284","H":"98","ER":"42","HR":"11","BB":"43","SO":"54","BAOPP":"0.27","ERA":"3.99","IBB":"5","WP":"2","HBP":"3","BK":"0","BFP":"410","GF":"11","R":"47","SH":"-1","SF":"-1","GIDP":"-1"}},{"pitcher":{,"PLAYERID":"moorera02","YEARID":"1955","STINT":"1","TEAMID":"BAL","LGID":"AL","W":"10","L":"10","G":"46","GS":"14","CG":"3","SHO":"1","SV":"6","IPOUTS":"455","H":"128","ER":"66","HR":"14","BB":"80","SO":"80","BAOPP":"0.22","ERA":"3.92","IBB":"1","WP":"3","HBP":"4","BK":"0","BFP":"658","GF":"18","R":"75","SH":"-1","SF":"-1","GIDP":"-1"}},{"pitcher":{,"PLAYERID":"morgato01","YEARID":"1955","STINT":"1","TEAMID":"NYA","LGID":"AL","W":"7","L":"3","G":"40","GS":"1","CG":"0","SHO":"0","SV":"10","IPOUTS":"216","H":"72","ER":"26","HR":"3","BB":"24","SO":"17","BAOPP":"0.26","ERA":"3.25","IBB":"4","WP":"0","HBP":"5","BK":"0","BFP":"307","GF":"24","R":"29","SH":"-1","SF":"-1","GIDP":"-1"}},{"pitcher":{,"PLAYERID":"mossido01","YEARID":"1955","STINT":"1","TEAMID":"CLE","LGID":"AL","W":"4","L":"3","G":"57","GS":"1","CG":"0","SHO":"0","SV":"9","IPOUTS":"245","H":"81","ER":"22","HR":"4","BB":"18","SO":"69","BAOPP":"0.25","ERA":"2.42","IBB":"2","WP":"2","HBP":"1","BK":"0","BFP":"347","GF":"27","R":"28","SH":"-1","SF":"-1","GIDP":"-1"}},{"pitcher":{,"PLAYERID":"mroziro01","YEARID":"1955","STINT":"1","TEAMID":"PHI","LGID":"NL","W":"0","L":"2","G":"22","GS":"1","CG":"0","SHO":"0","SV":"1","IPOUTS":"103","H":"38","ER":"25","HR":"2","BB":"19","SO":"18","BAOPP":"0.29","ERA":"6.55","IBB":"2","WP":"1","HBP":"4","BK":"0","BFP":"156","GF":"11","R":"26","SH":"-1","SF":"-1","GIDP":"-1"}},{"pitcher":{,"PLAYERID":"narlera01","YEARID":"1955","STINT":"1","TEAMID":"CLE","LGID":"AL","W":"9","L":"1","G":"60","GS":"1","CG":"1","SHO":"0","SV":"19","IPOUTS":"335","H":"91","ER":"46","HR":"11","BB":"52","SO":"94","BAOPP":"0.22","ERA":"3.71","IBB":"3","WP":"3","HBP":"0","BK":"0","BFP":"471","GF":"36","R":"47","SH":"-1","SF":"-1","GIDP":"-1"}},{"pitcher":{,"PLAYERID":"negraro01","YEARID":"1955","STINT":"1","TEAMID":"PHI","LGID":"NL","W":"4","L":"3","G":"19","GS":"10","CG":"2","SHO":"0","SV":"0","IPOUTS":"215","H":"71","ER":"28","HR":"13","BB":"21","SO":"30","BAOPP":"0.25","ERA":"3.52","IBB":"2","WP":"3","HBP":"0","BK":"0","BFP":"301","GF":"3","R":"31","SH":"-1","SF":"-1","GIDP":"-1"}},{"pitcher":{,"PLAYERID":"newcodo01","YEARID":"1955","STINT":"1","TEAMID":"BRO","LGID":"NL","W":"20","L":"5","G":"34","GS":"31","CG":"17","SHO":"1","SV":"0","IPOUTS":"701","H":"222","ER":"83","HR":"35","BB":"38","SO":"143","BAOPP":"0.24","ERA":"3.2","IBB":"1","WP":"0","HBP":"1","BK":"0","BFP":"943","GF":"1","R":"103","SH":"-1","SF":"-1","GIDP":"-1"}},{"pitcher":{,"PLAYERID":"newhoha01","YEARID":"1955","STINT":"1","TEAMID":"CLE","LGID":"AL","W":"0","L":"0","G":"2","GS":"0","CG":"0","SHO":"0","SV":"0","IPOUTS":"7","H":"1","ER":"0","HR":"0","BB":"4","SO":"1","BAOPP":"0.12","ERA":"0.0","IBB":"1","WP":"1","HBP":"0","BK":"0","BFP":"12","GF":"0","R":"0","SH":"-1","SF":"-1","GIDP":"-1"}},{"pitcher":{,"PLAYERID":"nichoch02","YEARID":"1955","STINT":"1","TEAMID":"ML1","LGID":"NL","W":"9","L":"8","G":"34","GS":"21","CG":"6","SHO":"0","SV":"1","IPOUTS":"432","H":"139","ER":"64","HR":"20","BB":"67","SO":"44","BAOPP":"0.25","ERA":"4.0","IBB":"6","WP":"3","HBP":"1","BK":"2","BFP":"625","GF":"5","R":"79","SH":"-1","SF":"-1","GIDP":"-1"}},{"pitcher":{,"PLAYERID":"nixonwi01","YEARID":"1955","STINT":"1","TEAMID":"BOS","LGID":"AL","W":"12","L":"10","G":"31","GS":"31","CG":"7","SHO":"3","SV":"0","IPOUTS":"624","H":"207","ER":"94","HR":"10","BB":"85","SO":"95","BAOPP":"0.25","ERA":"4.07","IBB":"2","WP":"4","HBP":"3","BK":"0","BFP":"903","GF":"0","R":"102","SH":"-1","SF":"-1","GIDP":"-1"}},{"pitcher":{,"PLAYERID":"nuxhajo01","YEARID":"1955","STINT":"1","TEAMID":"CIN","LGID":"NL","W":"17","L":"12","G":"50","GS":"33","CG":"14","SHO":"5","SV":"3","IPOUTS":"771","H":"240","ER":"99","HR":"25","BB":"78","SO":"98","BAOPP":"0.24","ERA":"3.47","IBB":"6","WP":"5","HBP":"5","BK":"0","BFP":"1061","GF":"8","R":"108","SH":"-1","SF":"-1","GIDP":"-1"}},{"pitcher":{,"PLAYERID":"owensji01","YEARID":"1955","STINT":"1","TEAMID":"PHI","LGID":"NL","W":"0","L":"2","G":"3","GS":"2","CG":"0","SHO":"0","SV":"0","IPOUTS":"26","H":"13","ER":"8","HR":"2","BB":"7","SO":"6","BAOPP":"0.38","ERA":"8.31","IBB":"0","WP":"0","HBP":"0","BK":"0","BFP":"43","GF":"0","R":"8","SH":"-1","SF":"-1","GIDP":"-1"}},{"pitcher":{,"PLAYERID":"paineph01","YEARID":"1955","STINT":"1","TEAMID":"ML1","LGID":"NL","W":"2","L":"0","G":"15","GS":"0","CG":"0","SHO":"0","SV":"0","IPOUTS":"76","H":"20","ER":"7","HR":"2","BB":"14","SO":"26","BAOPP":"0.22","ERA":"2.49","IBB":"3","WP":"1","HBP":"0","BK":"0","BFP":"109","GF":"7","R":"8","SH":"-1","SF":"-1","GIDP":"-1"}},{"pitcher":{,"PLAYERID":"palicer01","YEARID":"1955","STINT":"1","TEAMID":"BAL","LGID":"AL","W":"5","L":"11","G":"33","GS":"25","CG":"5","SHO":"1","SV":"0","IPOUTS":"509","H":"165","ER":"78","HR":"10","BB":"83","SO":"68","BAOPP":"0.26","ERA":"4.14","IBB":"4","WP":"5","HBP":"2","BK":"0","BFP":"741","GF":"5","R":"91","SH":"-1","SF":"-1","GIDP":"-1"}},{"pitcher":{,"PLAYERID":"papaial01","YEARID":"1955","STINT":"1","TEAMID":"CHA","LGID":"AL","W":"0","L":"0","G":"7","GS":"0","CG":"0","SHO":"0","SV":"0","IPOUTS":"35","H":"10","ER":"5","HR":"1","BB":"8","SO":"5","BAOPP":"0.24","ERA":"3.86","IBB":"2","WP":"0","HBP":"0","BK":"0","BFP":"52","GF":"4","R":"5","SH":"-1","SF":"-1","GIDP":"-1"}},{"pitcher":{,"PLAYERID":"parneme01","YEARID":"1955","STINT":"1","TEAMID":"BOS","LGID":"AL","W":"2","L":"3","G":"13","GS":"9","CG":"0","SHO":"0","SV":"1","IPOUTS":"138","H":"62","ER":"40","HR":"12","BB":"25","SO":"18","BAOPP":"0.31","ERA":"7.83","IBB":"1","WP":"0","HBP":"1","BK":"0","BFP":"227","GF":"2","R":"44","SH":"-1","SF":"-1","GIDP":"-1"}},{"pitcher":{,"PLAYERID":"pascuca02","YEARID":"1955","STINT":"1","TEAMID":"WS1","LGID":"AL","W":"2","L":"12","G":"43","GS":"16","CG":"1","SHO":"0","SV":"3","IPOUTS":"387","H":"158","ER":"88","HR":"5","BB":"70","SO":"82","BAOPP":"0.31","ERA":"6.14","IBB":"6","WP":"2","HBP":"6","BK":"1","BFP":"605","GF":"12","R":"94","SH":"-1","SF":"-1","GIDP":"-1"}},{"pitcher":{,"PLAYERID":"pearcji01","YEARID":"1955","STINT":"1","TEAMID":"CIN","LGID":"NL","W":"0","L":"1","G":"2","GS":"1","CG":"0","SHO":"0","SV":"0","IPOUTS":"10","H":"8","ER":"4","HR":"0","BB":"0","SO":"0","BAOPP":"0.47","ERA":"10.8","IBB":"0","WP":"0","HBP":"0","BK":"0","BFP":"18","GF":"0","R":"5","SH":"-1","SF":"-1","GIDP":"-1"}},{"pitcher":{,"PLAYERID":"peppela01","YEARID":"1955","STINT":"1","TEAMID":"PIT","LGID":"NL","W":"0","L":"1","G":"14","GS":"1","CG":"0","SHO":"0","SV":"0","IPOUTS":"60","H":"30","ER":"23","HR":"5","BB":"25","SO":"7","BAOPP":"0.37","ERA":"10.35","IBB":"0","WP":"2","HBP":"2","BK":"0","BFP":"111","GF":"6","R":"24","SH":"-1","SF":"-1","GIDP":"-1"}},{"pitcher":{,"PLAYERID":"perkoha01","YEARID":"1955","STINT":"1","TEAMID":"CHN","LGID":"NL","W":"3","L":"4","G":"25","GS":"4","CG":"0","SHO":"0","SV":"2","IPOUTS":"143","H":"53","ER":"28","HR":"3","BB":"25","SO":"28","BAOPP":"0.28","ERA":"5.29","IBB":"4","WP":"1","HBP":"0","BK":"0","BFP":"215","GF":"14","R":"32","SH":"-1","SF":"-1","GIDP":"-1"}},{"pitcher":{,"PLAYERID":"piercbi02","YEARID":"1955","STINT":"1","TEAMID":"CHA","LGID":"AL","W":"15","L":"10","G":"33","GS":"26","CG":"16","SHO":"6","SV":"1","IPOUTS":"617","H":"162","ER":"45","HR":"16","BB":"64","SO":"157","BAOPP":"0.21","ERA":"1.97","IBB":"5","WP":"4","HBP":"3","BK":"1","BFP":"836","GF":"5","R":"50","SH":"-1","SF":"-1","GIDP":"-1"}},{"pitcher":{,"PLAYERID":"pilledu01","YEARID":"1955","STINT":"1","TEAMID":"BAL","LGID":"AL","W":"0","L":"3","G":"7","GS":"5","CG":"0","SHO":"0","SV":"0","IPOUTS":"62","H":"31","ER":"15","HR":"0","BB":"14","SO":"13","BAOPP":"0.34","ERA":"6.53","IBB":"1","WP":"1","HBP":"0","BK":"0","BFP":"105","GF":"1","R":"16","SH":"-1","SF":"-1","GIDP":"-1"}},{"pitcher":{,"PLAYERID":"podbibu01","YEARID":"1955","STINT":"1","TEAMID":"CIN","LGID":"NL","W":"1","L":"2","G":"17","GS":"2","CG":"0","SHO":"0","SV":"0","IPOUTS":"126","H":"36","ER":"15","HR":"4","BB":"11","SO":"26","BAOPP":"0.23","ERA":"3.21","IBB":"0","WP":"2","HBP":"1","BK":"0","BFP":"171","GF":"5","R":"16","SH":"-1","SF":"-1","GIDP":"-1"}},{"pitcher":{,"PLAYERID":"podrejo01","YEARID":"1955","STINT":"1","TEAMID":"BRO","LGID":"NL","W":"9","L":"10","G":"27","GS":"24","CG":"5","SHO":"2","SV":"0","IPOUTS":"478","H":"160","ER":"70","HR":"15","BB":"57","SO":"114","BAOPP":"0.25","ERA":"3.95","IBB":"2","WP":"5","HBP":"4","BK":"0","BFP":"684","GF":"0","R":"80","SH":"-1","SF":"-1","GIDP":"-1"}},{"pitcher":{,"PLAYERID":"poholto01","YEARID":"1955","STINT":"1","TEAMID":"SLN","LGID":"NL","W":"9","L":"11","G":"30","GS":"24","CG":"8","SHO":"2","SV":"0","IPOUTS":"453","H":"143","ER":"64","HR":"26","BB":"35","SO":"66","BAOPP":"0.24","ERA":"3.81","IBB":"4","WP":"4","HBP":"2","BK":"0","BFP":"626","GF":"5","R":"71","SH":"-1","SF":"-1","GIDP":"-1"}},{"pitcher":{,"PLAYERID":"polleho01","YEARID":"1955","STINT":"1","TEAMID":"CHN","LGID":"NL","W":"4","L":"3","G":"24","GS":"7","CG":"1","SHO":"1","SV":"5","IPOUTS":"183","H":"62","ER":"38","HR":"11","BB":"27","SO":"27","BAOPP":"0.26","ERA":"5.61","IBB":"3","WP":"2","HBP":"0","BK":"0","BFP":"267","GF":"7","R":"41","SH":"-1","SF":"-1","GIDP":"-1"}},{"pitcher":{,"PLAYERID":"portebo01","YEARID":"1955","STINT":"1","TEAMID":"WS1","LGID":"AL","W":"10","L":"17","G":"30","GS":"27","CG":"8","SHO":"2","SV":"0","IPOUTS":"534","H":"197","ER":"88","HR":"14","BB":"54","SO":"74","BAOPP":"0.28","ERA":"4.45","IBB":"5","WP":"0","HBP":"2","BK":"0","BFP":"770","GF":"2","R":"103","SH":"-1","SF":"-1","GIDP":"-1"}},{"pitcher":{,"PLAYERID":"portoar01","YEARID":"1955","STINT":"1","TEAMID":"KC1","LGID":"AL","W":"5","L":"9","G":"24","GS":"20","CG":"4","SHO":"1","SV":"0","IPOUTS":"334","H":"109","ER":"59","HR":"12","BB":"67","SO":"34","BAOPP":"0.25","ERA":"4.77","IBB":"4","WP":"0","HBP":"4","BK":"1","BFP":"506","GF":"1","R":"66","SH":"-1","SF":"-1","GIDP":"-1"}},{"pitcher":{,"PLAYERID":"purkebo01","YEARID":"1955","STINT":"1","TEAMID":"PIT","LGID":"NL","W":"2","L":"7","G":"14","GS":"10","CG":"2","SHO":"0","SV":"1","IPOUTS":"203","H":"77","ER":"40","HR":"5","BB":"25","SO":"24","BAOPP":"0.28","ERA":"5.32","IBB":"1","WP":"1","HBP":"2","BK":"0","BFP":"298","GF":"3","R":"47","SH":"-1","SF":"-1","GIDP":"-1"}},{"pitcher":{,"PLAYERID":"ramospe01","YEARID":"1955","STINT":"1","TEAMID":"WS1","LGID":"AL","W":"5","L":"11","G":"45","GS":"9","CG":"3","SHO":"1","SV":"5","IPOUTS":"390","H":"121","ER":"56","HR":"13","BB":"39","SO":"34","BAOPP":"0.25","ERA":"3.88","IBB":"3","WP":"2","HBP":"11","BK":"1","BFP":"548","GF":"22","R":"62","SH":"-1","SF":"-1","GIDP":"-1"}},{"pitcher":{,"PLAYERID":"raschvi01","YEARID":"1955","STINT":"2","TEAMID":"KC1","LGID":"AL","W":"4","L":"6","G":"20","GS":"18","CG":"1","SHO":"0","SV":"0","IPOUTS":"304","H":"132","ER":"61","HR":"10","BB":"35","SO":"38","BAOPP":"0.31","ERA":"5.42","IBB":"4","WP":"2","HBP":"1","BK":"0","BFP":"466","GF":"0","R":"66","SH":"-1","SF":"-1","GIDP":"-1"}},{"pitcher":{,"PLAYERID":"raschvi01","YEARID":"1955","STINT":"1","TEAMID":"SLN","LGID":"NL","W":"0","L":"1","G":"1","GS":"1","CG":"0","SHO":"0","SV":"0","IPOUTS":"5","H":"5","ER":"4","HR":"0","BB":"1","SO":"1","BAOPP":"0.55","ERA":"21.6","IBB":"1","WP":"0","HBP":"0","BK":"0","BFP":"11","GF":"0","R":"4","SH":"-1","SF":"-1","GIDP":"-1"}},{"pitcher":{,"PLAYERID":"ridzist01","YEARID":"1955","STINT":"1","TEAMID":"PHI","LGID":"NL","W":"0","L":"1","G":"3","GS":"1","CG":"0","SHO":"0","SV":"0","IPOUTS":"33","H":"7","ER":"3","HR":"1","BB":"8","SO":"6","BAOPP":"0.17","ERA":"2.45","IBB":"0","WP":"1","HBP":"3","BK":"0","BFP":"51","GF":"0","R":"9","SH":"-1","SF":"-1","GIDP":"-1"}},{"pitcher":{,"PLAYERID":"ridzist01","YEARID":"1955","STINT":"2","TEAMID":"CIN","LGID":"NL","W":"0","L":"3","G":"13","GS":"2","CG":"0","SHO":"0","SV":"0","IPOUTS":"90","H":"35","ER":"15","HR":"4","BB":"14","SO":"6","BAOPP":"0.29","ERA":"4.5","IBB":"1","WP":"2","HBP":"1","BK":"0","BFP":"134","GF":"3","R":"16","SH":"-1","SF":"-1","GIDP":"-1"}},{"pitcher":{,"PLAYERID":"roberro01","YEARID":"1955","STINT":"1","TEAMID":"PHI","LGID":"NL","W":"23","L":"14","G":"41","GS":"38","CG":"26","SHO":"1","SV":"3","IPOUTS":"915","H":"292","ER":"111","HR":"41","BB":"53","SO":"160","BAOPP":"0.24","ERA":"3.28","IBB":"3","WP":"3","HBP":"2","BK":"0","BFP":"1256","GF":"3","R":"137","SH":"-1","SF":"-1","GIDP":"-1"}},{"pitcher":{,"PLAYERID":"robinhu01","YEARID":"1955","STINT":"1","TEAMID":"ML1","LGID":"NL","W":"3","L":"1","G":"13","GS":"2","CG":"1","SHO":"0","SV":"2","IPOUTS":"114","H":"31","ER":"13","HR":"1","BB":"25","SO":"19","BAOPP":"0.23","ERA":"3.08","IBB":"2","WP":"1","HBP":"4","BK":"0","BFP":"164","GF":"6","R":"13","SH":"-1","SF":"-1","GIDP":"-1"}},{"pitcher":{,"PLAYERID":"roebued01","YEARID":"1955","STINT":"1","TEAMID":"BRO","LGID":"NL","W":"5","L":"6","G":"47","GS":"0","CG":"0","SHO":"0","SV":"12","IPOUTS":"252","H":"96","ER":"44","HR":"14","BB":"24","SO":"33","BAOPP":"0.28","ERA":"4.71","IBB":"5","WP":"3","HBP":"3","BK":"0","BFP":"368","GF":"27","R":"51","SH":"-1","SF":"-1","GIDP":"-1"}},{"pitcher":{,"PLAYERID":"rogovsa01","YEARID":"1955","STINT":"2","TEAMID":"PHI","LGID":"NL","W":"5","L":"3","G":"12","GS":"11","CG":"5","SHO":"2","SV":"0","IPOUTS":"219","H":"60","ER":"25","HR":"3","BB":"17","SO":"27","BAOPP":"0.23","ERA":"3.08","IBB":"2","WP":"2","HBP":"0","BK":"0","BFP":"282","GF":"0","R":"25","SH":"-1","SF":"-1","GIDP":"-1"}},{"pitcher":{,"PLAYERID":"rogovsa01","YEARID":"1955","STINT":"1","TEAMID":"BAL","LGID":"AL","W":"1","L":"8","G":"14","GS":"12","CG":"1","SHO":"0","SV":"0","IPOUTS":"213","H":"79","ER":"36","HR":"5","BB":"27","SO":"35","BAOPP":"0.28","ERA":"4.56","IBB":"1","WP":"2","HBP":"2","BK":"0","BFP":"311","GF":"1","R":"42","SH":"-1","SF":"-1","GIDP":"-1"}},{"pitcher":{,"PLAYERID":"rushbo01","YEARID":"1955","STINT":"1","TEAMID":"CHN","LGID":"NL","W":"13","L":"11","G":"33","GS":"33","CG":"14","SHO":"3","SV":"0","IPOUTS":"702","H":"204","ER":"91","HR":"19","BB":"73","SO":"130","BAOPP":"0.23","ERA":"3.5","IBB":"4","WP":"4","HBP":"2","BK":"0","BFP":"959","GF":"0","R":"95","SH":"-1","SF":"-1","GIDP":"-1"}},{"pitcher":{,"PLAYERID":"sainjo01","YEARID":"1955","STINT":"2","TEAMID":"KC1","LGID":"AL","W":"2","L":"5","G":"25","GS":"0","CG":"0","SHO":"0","SV":"1","IPOUTS":"134","H":"54","ER":"27","HR":"10","BB":"10","SO":"12","BAOPP":"0.29","ERA":"5.44","IBB":"4","WP":"0","HBP":"0","BK":"0","BFP":"197","GF":"13","R":"28","SH":"-1","SF":"-1","GIDP":"-1"}},{"pitcher":{,"PLAYERID":"sainjo01","YEARID":"1955","STINT":"1","TEAMID":"NYA","LGID":"AL","W":"0","L":"0","G":"3","GS":"0","CG":"0","SHO":"0","SV":"0","IPOUTS":"16","H":"6","ER":"4","HR":"4","BB":"1","SO":"5","BAOPP":"0.3","ERA":"6.75","IBB":"0","WP":"0","HBP":"0","BK":"0","BFP":"22","GF":"1","R":"4","SH":"-1","SF":"-1","GIDP":"-1"}},{"pitcher":{,"PLAYERID":"santijo01","YEARID":"1955","STINT":"1","TEAMID":"CLE","LGID":"AL","W":"2","L":"0","G":"17","GS":"0","CG":"0","SHO":"0","SV":"0","IPOUTS":"98","H":"31","ER":"9","HR":"1","BB":"14","SO":"19","BAOPP":"0.25","ERA":"2.48","IBB":"1","WP":"2","HBP":"5","BK":"0","BFP":"146","GF":"6","R":"11","SH":"-1","SF":"-1","GIDP":"-1"}},{"pitcher":{,"PLAYERID":"schalar01","YEARID":"1955","STINT":"2","TEAMID":"BAL","LGID":"AL","W":"3","L":"5","G":"30","GS":"6","CG":"1","SHO":"0","SV":"0","IPOUTS":"241","H":"92","ER":"37","HR":"2","BB":"42","SO":"33","BAOPP":"0.29","ERA":"4.15","IBB":"3","WP":"1","HBP":"2","BK":"0","BFP":"364","GF":"8","R":"52","SH":"-1","SF":"-1","GIDP":"-1"}},{"pitcher":{,"PLAYERID":"schalar01","YEARID":"1955","STINT":"1","TEAMID":"NYA","LGID":"AL","W":"0","L":"0","G":"2","GS":"0","CG":"0","SHO":"0","SV":"0","IPOUTS":"9","H":"4","ER":"2","HR":"1","BB":"1","SO":"2","BAOPP":"0.33","ERA":"6.0","IBB":"0","WP":"0","HBP":"0","BK":"1","BFP":"13","GF":"1","R":"2","SH":"-1","SF":"-1","GIDP":"-1"}},{"pitcher":{,"PLAYERID":"schmijo01","YEARID":"1955","STINT":"1","TEAMID":"WS1","LGID":"AL","W":"7","L":"10","G":"32","GS":"21","CG":"6","SHO":"1","SV":"1","IPOUTS":"495","H":"187","ER":"68","HR":"8","BB":"54","SO":"49","BAOPP":"0.29","ERA":"3.71","IBB":"4","WP":"2","HBP":"7","BK":"0","BFP":"723","GF":"6","R":"76","SH":"-1","SF":"-1","GIDP":"-1"}},{"pitcher":{,"PLAYERID":"schmiwi01","YEARID":"1955","STINT":"1","TEAMID":"SLN","LGID":"NL","W":"7","L":"6","G":"20","GS":"15","CG":"8","SHO":"1","SV":"0","IPOUTS":"389","H":"89","ER":"40","HR":"7","BB":"57","SO":"86","BAOPP":"0.19","ERA":"2.78","IBB":"7","WP":"3","HBP":"3","BK":"0","BFP":"522","GF":"3","R":"40","SH":"-1","SF":"-1","GIDP":"-1"}},{"pitcher":{,"PLAYERID":"schulba01","YEARID":"1955","STINT":"1","TEAMID":"SLN","LGID":"NL","W":"1","L":"2","G":"19","GS":"0","CG":"0","SHO":"0","SV":"4","IPOUTS":"89","H":"28","ER":"26","HR":"5","BB":"15","SO":"19","BAOPP":"0.25","ERA":"7.89","IBB":"3","WP":"0","HBP":"4","BK":"0","BFP":"133","GF":"9","R":"27","SH":"-1","SF":"-1","GIDP":"-1"}},{"pitcher":{,"PLAYERID":"schulbo01","YEARID":"1955","STINT":"1","TEAMID":"DET","LGID":"AL","W":"0","L":"0","G":"1","GS":"0","CG":"0","SHO":"0","SV":"0","IPOUTS":"4","H":"2","ER":"3","HR":"0","BB":"2","SO":"0","BAOPP":"0.33","ERA":"20.25","IBB":"0","WP":"1","HBP":"0","BK":"0","BFP":"8","GF":"0","R":"3","SH":"-1","SF":"-1","GIDP":"-1"}},{"pitcher":{,"PLAYERID":"scorehe01","YEARID":"1955","STINT":"1","TEAMID":"CLE","LGID":"AL","W":"16","L":"10","G":"33","GS":"32","CG":"11","SHO":"2","SV":"0","IPOUTS":"682","H":"158","ER":"72","HR":"18","BB":"154","SO":"245","BAOPP":"0.19","ERA":"2.85","IBB":"1","WP":"12","HBP":"1","BK":"0","BFP":"978","GF":"0","R":"85","SH":"-1","SF":"-1","GIDP":"-1"}},{"pitcher":{,"PLAYERID":"shantbo01","YEARID":"1955","STINT":"1","TEAMID":"KC1","LGID":"AL","W":"5","L":"10","G":"23","GS":"17","CG":"4","SHO":"1","SV":"0","IPOUTS":"375","H":"124","ER":"63","HR":"8","BB":"66","SO":"58","BAOPP":"0.26","ERA":"4.54","IBB":"11","WP":"2","HBP":"1","BK":"0","BFP":"550","GF":"2","R":"70","SH":"-1","SF":"-1","GIDP":"-1"}},{"pitcher":{,"PLAYERID":"sheasp01","YEARID":"1955","STINT":"1","TEAMID":"WS1","LGID":"AL","W":"2","L":"2","G":"27","GS":"4","CG":"1","SHO":"1","SV":"2","IPOUTS":"169","H":"53","ER":"25","HR":"4","BB":"27","SO":"16","BAOPP":"0.25","ERA":"3.99","IBB":"0","WP":"2","HBP":"1","BK":"0","BFP":"246","GF":"16","R":"31","SH":"-1","SF":"-1","GIDP":"-1"}},{"pitcher":{,"PLAYERID":"simmocu01","YEARID":"1955","STINT":"1","TEAMID":"PHI","LGID":"NL","W":"8","L":"8","G":"25","GS":"22","CG":"3","SHO":"0","SV":"0","IPOUTS":"390","H":"148","ER":"71","HR":"15","BB":"50","SO":"58","BAOPP":"0.29","ERA":"4.92","IBB":"2","WP":"1","HBP":"3","BK":"0","BFP":"572","GF":"2","R":"76","SH":"-1","SF":"-1","GIDP":"-1"}},{"pitcher":{,"PLAYERID":"sleatlo01","YEARID":"1955","STINT":"1","TEAMID":"KC1","LGID":"AL","W":"1","L":"1","G":"16","GS":"1","CG":"0","SHO":"0","SV":"0","IPOUTS":"77","H":"33","ER":"22","HR":"3","BB":"21","SO":"11","BAOPP":"0.32","ERA":"7.71","IBB":"0","WP":"0","HBP":"0","BK":"0","BFP":"127","GF":"7","R":"22","SH":"-1","SF":"-1","GIDP":"-1"}},{"pitcher":{,"PLAYERID":"smithbo03","YEARID":"1955","STINT":"1","TEAMID":"BOS","LGID":"AL","W":"0","L":"0","G":"1","GS":"0","CG":"0","SHO":"0","SV":"0","IPOUTS":"5","H":"1","ER":"0","HR":"0","BB":"1","SO":"1","BAOPP":"0.2","ERA":"0.0","IBB":"0","WP":"0","HBP":"0","BK":"0","BFP":"6","GF":"0","R":"0","SH":"-1","SF":"-1","GIDP":"-1"}},{"pitcher":{,"PLAYERID":"smithfr06","YEARID":"1955","STINT":"1","TEAMID":"SLN","LGID":"NL","W":"3","L":"1","G":"28","GS":"0","CG":"0","SHO":"0","SV":"1","IPOUTS":"117","H":"27","ER":"14","HR":"3","BB":"23","SO":"17","BAOPP":"0.2","ERA":"3.23","IBB":"3","WP":"2","HBP":"5","BK":"0","BFP":"168","GF":"14","R":"18","SH":"-1","SF":"-1","GIDP":"-1"}},{"pitcher":{,"PLAYERID":"spahnwa01","YEARID":"1955","STINT":"1","TEAMID":"ML1","LGID":"NL","W":"17","L":"14","G":"39","GS":"32","CG":"16","SHO":"1","SV":"1","IPOUTS":"737","H":"249","ER":"89","HR":"25","BB":"65","SO":"110","BAOPP":"0.26","ERA":"3.26","IBB":"4","WP":"4","HBP":"2","BK":"0","BFP":"1025","GF":"7","R":"99","SH":"-1","SF":"-1","GIDP":"-1"}},{"pitcher":{,"PLAYERID":"spencge01","YEARID":"1955","STINT":"1","TEAMID":"NY1","LGID":"NL","W":"0","L":"0","G":"1","GS":"0","CG":"0","SHO":"0","SV":"0","IPOUTS":"5","H":"1","ER":"1","HR":"1","BB":"3","SO":"0","BAOPP":"0.16","ERA":"5.4","IBB":"0","WP":"0","HBP":"0","BK":"0","BFP":"9","GF":"0","R":"1","SH":"-1","SF":"-1","GIDP":"-1"}},{"pitcher":{,"PLAYERID":"spicebo01","YEARID":"1955","STINT":"1","TEAMID":"KC1","LGID":"AL","W":"0","L":"0","G":"2","GS":"0","CG":"0","SHO":"0","SV":"0","IPOUTS":"8","H":"9","ER":"10","HR":"2","BB":"4","SO":"2","BAOPP":"0.52","ERA":"33.75","IBB":"0","WP":"0","HBP":"1","BK":"0","BFP":"22","GF":"0","R":"10","SH":"-1","SF":"-1","GIDP":"-1"}},{"pitcher":{,"PLAYERID":"spoonka01","YEARID":"1955","STINT":"1","TEAMID":"BRO","LGID":"NL","W":"8","L":"6","G":"29","GS":"14","CG":"2","SHO":"1","SV":"2","IPOUTS":"296","H":"79","ER":"40","HR":"8","BB":"41","SO":"78","BAOPP":"0.21","ERA":"3.65","IBB":"1","WP":"1","HBP":"5","BK":"0","BFP":"420","GF":"10","R":"50","SH":"-1","SF":"-1","GIDP":"-1"}},{"pitcher":{,"PLAYERID":"sprinja01","YEARID":"1955","STINT":"1","TEAMID":"PHI","LGID":"NL","W":"0","L":"1","G":"2","GS":"0","CG":"0","SHO":"0","SV":"0","IPOUTS":"8","H":"2","ER":"2","HR":"2","BB":"1","SO":"2","BAOPP":"0.2","ERA":"6.75","IBB":"0","WP":"0","HBP":"0","BK":"0","BFP":"11","GF":"1","R":"2","SH":"-1","SF":"-1","GIDP":"-1"}},{"pitcher":{,"PLAYERID":"stalege01","YEARID":"1955","STINT":"1","TEAMID":"CIN","LGID":"NL","W":"5","L":"8","G":"30","GS":"18","CG":"2","SHO":"0","SV":"0","IPOUTS":"359","H":"146","ER":"62","HR":"22","BB":"28","SO":"40","BAOPP":"0.3","ERA":"4.66","IBB":"3","WP":"1","HBP":"3","BK":"0","BFP":"519","GF":"3","R":"72","SH":"-1","SF":"-1","GIDP":"-1"}},{"pitcher":{,"PLAYERID":"stalege01","YEARID":"1955","STINT":"2","TEAMID":"NYA","LGID":"AL","W":"0","L":"0","G":"2","GS":"0","CG":"0","SHO":"0","SV":"0","IPOUTS":"6","H":"5","ER":"3","HR":"1","BB":"1","SO":"0","BAOPP":"0.41","ERA":"13.5","IBB":"0","WP":"0","HBP":"0","BK":"0","BFP":"13","GF":"0","R":"5","SH":"-1","SF":"-1","GIDP":"-1"}},{"pitcher":{,"PLAYERID":"stewabu02","YEARID":"1955","STINT":"1","TEAMID":"WS1","LGID":"AL","W":"0","L":"0","G":"7","GS":"1","CG":"0","SHO":"0","SV":"0","IPOUTS":"46","H":"18","ER":"7","HR":"0","BB":"6","SO":"10","BAOPP":"0.29","ERA":"4.11","IBB":"1","WP":"0","HBP":"0","BK":"0","BFP":"69","GF":"2","R":"7","SH":"-1","SF":"-1","GIDP":"-1"}},{"pitcher":{,"PLAYERID":"stobbch01","YEARID":"1955","STINT":"1","TEAMID":"WS1","LGID":"AL","W":"4","L":"14","G":"41","GS":"16","CG":"2","SHO":"0","SV":"3","IPOUTS":"421","H":"169","ER":"78","HR":"13","BB":"57","SO":"60","BAOPP":"0.3","ERA":"5.0","IBB":"8","WP":"2","HBP":"1","BK":"0","BFP":"634","GF":"13","R":"90","SH":"-1","SF":"-1","GIDP":"-1"}},{"pitcher":{,"PLAYERID":"stonede01","YEARID":"1955","STINT":"1","TEAMID":"WS1","LGID":"AL","W":"6","L":"13","G":"43","GS":"24","CG":"5","SHO":"1","SV":"1","IPOUTS":"540","H":"180","ER":"83","HR":"14","BB":"114","SO":"84","BAOPP":"0.26","ERA":"4.15","IBB":"5","WP":"9","HBP":"3","BK":"0","BFP":"814","GF":"5","R":"98","SH":"-1","SF":"-1","GIDP":"-1"}},{"pitcher":{,"PLAYERID":"sturdto01","YEARID":"1955","STINT":"1","TEAMID":"NYA","LGID":"AL","W":"1","L":"3","G":"33","GS":"1","CG":"0","SHO":"0","SV":"0","IPOUTS":"205","H":"48","ER":"24","HR":"6","BB":"42","SO":"48","BAOPP":"0.2","ERA":"3.16","IBB":"1","WP":"1","HBP":"2","BK":"0","BFP":"285","GF":"12","R":"24","SH":"-1","SF":"-1","GIDP":"-1"}},{"pitcher":{,"PLAYERID":"sullifr01","YEARID":"1955","STINT":"1","TEAMID":"BOS","LGID":"AL","W":"18","L":"13","G":"35","GS":"35","CG":"16","SHO":"3","SV":"0","IPOUTS":"780","H":"235","ER":"84","HR":"23","BB":"100","SO":"129","BAOPP":"0.24","ERA":"2.91","IBB":"5","WP":"1","HBP":"2","BK":"1","BFP":"1100","GF":"0","R":"103","SH":"-1","SF":"-1","GIDP":"-1"}},{"pitcher":{,"PLAYERID":"surkoma01","YEARID":"1955","STINT":"1","TEAMID":"PIT","LGID":"NL","W":"7","L":"14","G":"35","GS":"22","CG":"5","SHO":"0","SV":"2","IPOUTS":"499","H":"194","ER":"103","HR":"23","BB":"78","SO":"84","BAOPP":"0.29","ERA":"5.57","IBB":"4","WP":"6","HBP":"3","BK":"0","BFP":"745","GF":"7","R":"109","SH":"-1","SF":"-1","GIDP":"-1"}},{"pitcher":{,"PLAYERID":"suscege02","YEARID":"1955","STINT":"1","TEAMID":"BOS","LGID":"AL","W":"9","L":"7","G":"29","GS":"15","CG":"6","SHO":"1","SV":"1","IPOUTS":"433","H":"123","ER":"49","HR":"12","BB":"49","SO":"60","BAOPP":"0.23","ERA":"3.06","IBB":"4","WP":"1","HBP":"8","BK":"1","BFP":"599","GF":"10","R":"54","SH":"-1","SF":"-1","GIDP":"-1"}},{"pitcher":{,"PLAYERID":"swansre01","YEARID":"1955","STINT":"1","TEAMID":"PIT","LGID":"NL","W":"0","L":"0","G":"1","GS":"0","CG":"0","SHO":"0","SV":"0","IPOUTS":"6","H":"2","ER":"4","HR":"1","BB":"3","SO":"0","BAOPP":"0.28","ERA":"18.0","IBB":"0","WP":"0","HBP":"0","BK":"0","BFP":"10","GF":"1","R":"4","SH":"-1","SF":"-1","GIDP":"-1"}},{"pitcher":{,"PLAYERID":"templch01","YEARID":"1955","STINT":"1","TEAMID":"BRO","LGID":"NL","W":"0","L":"1","G":"4","GS":"0","CG":"0","SHO":"0","SV":"0","IPOUTS":"14","H":"5","ER":"6","HR":"2","BB":"5","SO":"3","BAOPP":"0.29","ERA":"11.57","IBB":"0","WP":"0","HBP":"1","BK":"0","BFP":"24","GF":"2","R":"7","SH":"-1","SF":"-1","GIDP":"-1"}},{"pitcher":{,"PLAYERID":"thiesja01","YEARID":"1955","STINT":"1","TEAMID":"PIT","LGID":"NL","W":"0","L":"1","G":"1","GS":"1","CG":"0","SHO":"0","SV":"0","IPOUTS":"11","H":"5","ER":"2","HR":"0","BB":"3","SO":"0","BAOPP":"0.35","ERA":"4.91","IBB":"1","WP":"0","HBP":"1","BK":"0","BFP":"20","GF":"0","R":"5","SH":"-1","SF":"-1","GIDP":"-1"}},{"pitcher":{,"PLAYERID":"thorpbo02","YEARID":"1955","STINT":"1","TEAMID":"CHN","LGID":"NL","W":"0","L":"0","G":"2","GS":"0","CG":"0","SHO":"0","SV":"0","IPOUTS":"9","H":"4","ER":"1","HR":"0","BB":"0","SO":"0","BAOPP":"0.33","ERA":"3.0","IBB":"0","WP":"0","HBP":"0","BK":"0","BFP":"12","GF":"2","R":"2","SH":"-1","SF":"-1","GIDP":"-1"}},{"pitcher":{,"PLAYERID":"tiefebo01","YEARID":"1955","STINT":"1","TEAMID":"SLN","LGID":"NL","W":"1","L":"4","G":"18","GS":"0","CG":"0","SHO":"0","SV":"0","IPOUTS":"98","H":"31","ER":"16","HR":"6","BB":"10","SO":"16","BAOPP":"0.26","ERA":"4.41","IBB":"4","WP":"1","HBP":"4","BK":"0","BFP":"139","GF":"6","R":"19","SH":"-1","SF":"-1","GIDP":"-1"}},{"pitcher":{,"PLAYERID":"tremebi01","YEARID":"1955","STINT":"1","TEAMID":"CHN","LGID":"NL","W":"3","L":"0","G":"23","GS":"0","CG":"0","SHO":"0","SV":"2","IPOUTS":"116","H":"33","ER":"16","HR":"2","BB":"18","SO":"13","BAOPP":"0.23","ERA":"3.72","IBB":"2","WP":"1","HBP":"0","BK":"0","BFP":"163","GF":"12","R":"18","SH":"-1","SF":"-1","GIDP":"-1"}},{"pitcher":{,"PLAYERID":"tricebo01","YEARID":"1955","STINT":"1","TEAMID":"KC1","LGID":"AL","W":"0","L":"0","G":"4","GS":"0","CG":"0","SHO":"0","SV":"0","IPOUTS":"30","H":"14","ER":"10","HR":"4","BB":"6","SO":"2","BAOPP":"0.32","ERA":"9.0","IBB":"0","WP":"0","HBP":"0","BK":"0","BFP":"51","GF":"2","R":"13","SH":"-1","SF":"-1","GIDP":"-1"}},{"pitcher":{,"PLAYERID":"trimbjo01","YEARID":"1955","STINT":"1","TEAMID":"BOS","LGID":"AL","W":"0","L":"0","G":"2","GS":"0","CG":"0","SHO":"0","SV":"0","IPOUTS":"6","H":"0","ER":"0","HR":"0","BB":"3","SO":"1","BAOPP":"0.0","ERA":"0.0","IBB":"0","WP":"0","HBP":"0","BK":"0","BFP":"8","GF":"2","R":"0","SH":"-1","SF":"-1","GIDP":"-1"}},{"pitcher":{,"PLAYERID":"truckvi01","YEARID":"1955","STINT":"1","TEAMID":"CHA","LGID":"AL","W":"13","L":"8","G":"32","GS":"26","CG":"7","SHO":"3","SV":"0","IPOUTS":"525","H":"176","ER":"77","HR":"19","BB":"61","SO":"91","BAOPP":"0.26","ERA":"3.96","IBB":"5","WP":"1","HBP":"2","BK":"0","BFP":"749","GF":"2","R":"78","SH":"-1","SF":"-1","GIDP":"-1"}},{"pitcher":{,"PLAYERID":"turlebo01","YEARID":"1955","STINT":"1","TEAMID":"NYA","LGID":"AL","W":"17","L":"13","G":"36","GS":"34","CG":"13","SHO":"6","SV":"1","IPOUTS":"740","H":"168","ER":"84","HR":"16","BB":"177","SO":"210","BAOPP":"0.19","ERA":"3.06","IBB":"4","WP":"7","HBP":"7","BK":"0","BFP":"1075","GF":"2","R":"92","SH":"-1","SF":"-1","GIDP":"-1"}},{"pitcher":{,"PLAYERID":"valenco01","YEARID":"1955","STINT":"1","TEAMID":"CIN","LGID":"NL","W":"2","L":"1","G":"10","GS":"5","CG":"0","SHO":"0","SV":"0","IPOUTS":"80","H":"29","ER":"22","HR":"5","BB":"16","SO":"14","BAOPP":"0.27","ERA":"7.43","IBB":"2","WP":"0","HBP":"1","BK":"1","BFP":"127","GF":"2","R":"23","SH":"-1","SF":"-1","GIDP":"-1"}},{"pitcher":{,"PLAYERID":"vanbroz01","YEARID":"1955","STINT":"1","TEAMID":"KC1","LGID":"AL","W":"0","L":"0","G":"2","GS":"0","CG":"0","SHO":"0","SV":"0","IPOUTS":"6","H":"4","ER":"4","HR":"1","BB":"2","SO":"1","BAOPP":"0.4","ERA":"18.0","IBB":"1","WP":"0","HBP":"0","BK":"0","BFP":"13","GF":"1","R":"4","SH":"-1","SF":"-1","GIDP":"-1"}},{"pitcher":{,"PLAYERID":"vargaro01","YEARID":"1955","STINT":"1","TEAMID":"ML1","LGID":"NL","W":"0","L":"0","G":"25","GS":"0","CG":"0","SHO":"0","SV":"2","IPOUTS":"74","H":"39","ER":"24","HR":"4","BB":"14","SO":"13","BAOPP":"0.35","ERA":"8.76","IBB":"2","WP":"4","HBP":"1","BK":"0","BFP":"128","GF":"7","R":"25","SH":"-1","SF":"-1","GIDP":"-1"}},{"pitcher":{,"PLAYERID":"wadebe01","YEARID":"1955","STINT":"1","TEAMID":"PIT","LGID":"NL","W":"0","L":"1","G":"11","GS":"1","CG":"0","SHO":"0","SV":"1","IPOUTS":"84","H":"26","ER":"10","HR":"3","BB":"14","SO":"7","BAOPP":"0.25","ERA":"3.21","IBB":"4","WP":"0","HBP":"1","BK":"0","BFP":"123","GF":"7","R":"12","SH":"-1","SF":"-1","GIDP":"-1"}},{"pitcher":{,"PLAYERID":"waterfr02","YEARID":"1955","STINT":"1","TEAMID":"PIT","LGID":"NL","W":"0","L":"0","G":"2","GS":"0","CG":"0","SHO":"0","SV":"0","IPOUTS":"15","H":"7","ER":"2","HR":"1","BB":"2","SO":"0","BAOPP":"0.31","ERA":"3.6","IBB":"0","WP":"0","HBP":"0","BK":"0","BFP":"24","GF":"2","R":"2","SH":"-1","SF":"-1","GIDP":"-1"}},{"pitcher":{,"PLAYERID":"wehmehe01","YEARID":"1955","STINT":"1","TEAMID":"PHI","LGID":"NL","W":"10","L":"12","G":"31","GS":"29","CG":"10","SHO":"1","SV":"0","IPOUTS":"581","H":"176","ER":"95","HR":"21","BB":"67","SO":"85","BAOPP":"0.24","ERA":"4.41","IBB":"7","WP":"4","HBP":"2","BK":"0","BFP":"812","GF":"1","R":"101","SH":"-1","SF":"-1","GIDP":"-1"}},{"pitcher":{,"PLAYERID":"wheatle01","YEARID":"1955","STINT":"1","TEAMID":"KC1","LGID":"AL","W":"0","L":"0","G":"3","GS":"0","CG":"0","SHO":"0","SV":"0","IPOUTS":"6","H":"8","ER":"5","HR":"1","BB":"3","SO":"1","BAOPP":"0.53","ERA":"22.5","IBB":"2","WP":"0","HBP":"0","BK":"0","BFP":"18","GF":"0","R":"7","SH":"-1","SF":"-1","GIDP":"-1"}},{"pitcher":{,"PLAYERID":"wieslbo01","YEARID":"1955","STINT":"1","TEAMID":"NYA","LGID":"AL","W":"0","L":"2","G":"16","GS":"7","CG":"0","SHO":"0","SV":"0","IPOUTS":"159","H":"39","ER":"23","HR":"1","BB":"49","SO":"22","BAOPP":"0.21","ERA":"3.91","IBB":"0","WP":"2","HBP":"1","BK":"1","BFP":"236","GF":"5","R":"27","SH":"-1","SF":"-1","GIDP":"-1"}},{"pitcher":{,"PLAYERID":"wightbi01","YEARID":"1955","STINT":"2","TEAMID":"BAL","LGID":"AL","W":"6","L":"8","G":"19","GS":"14","CG":"8","SHO":"2","SV":"2","IPOUTS":"352","H":"111","ER":"32","HR":"6","BB":"39","SO":"54","BAOPP":"0.25","ERA":"2.45","IBB":"1","WP":"5","HBP":"1","BK":"0","BFP":"496","GF":"5","R":"43","SH":"-1","SF":"-1","GIDP":"-1"}},{"pitcher":{,"PLAYERID":"wightbi01","YEARID":"1955","STINT":"1","TEAMID":"CLE","LGID":"AL","W":"0","L":"0","G":"17","GS":"0","CG":"0","SHO":"0","SV":"1","IPOUTS":"72","H":"24","ER":"7","HR":"0","BB":"9","SO":"9","BAOPP":"0.26","ERA":"2.63","IBB":"1","WP":"1","HBP":"0","BK":"0","BFP":"102","GF":"8","R":"8","SH":"-1","SF":"-1","GIDP":"-1"}},{"pitcher":{,"PLAYERID":"wilheho01","YEARID":"1955","STINT":"1","TEAMID":"NY1","LGID":"NL","W":"4","L":"1","G":"59","GS":"0","CG":"0","SHO":"0","SV":"0","IPOUTS":"309","H":"104","ER":"45","HR":"10","BB":"40","SO":"71","BAOPP":"0.26","ERA":"3.93","IBB":"5","WP":"6","HBP":"2","BK":"0","BFP":"449","GF":"14","R":"53","SH":"-1","SF":"-1","GIDP":"-1"}},{"pitcher":{,"PLAYERID":"wilsobi02","YEARID":"1955","STINT":"1","TEAMID":"KC1","LGID":"AL","W":"0","L":"0","G":"1","GS":"0","CG":"0","SHO":"0","SV":"0","IPOUTS":"3","H":"1","ER":"0","HR":"0","BB":"1","SO":"1","BAOPP":"0.25","ERA":"0.0","IBB":"0","WP":"0","HBP":"0","BK":"0","BFP":"5","GF":"1","R":"0","SH":"-1","SF":"-1","GIDP":"-1"}},{"pitcher":{,"PLAYERID":"wilsoji02","YEARID":"1955","STINT":"1","TEAMID":"BAL","LGID":"AL","W":"12","L":"18","G":"34","GS":"31","CG":"14","SHO":"4","SV":"0","IPOUTS":"706","H":"200","ER":"90","HR":"17","BB":"87","SO":"96","BAOPP":"0.22","ERA":"3.44","IBB":"5","WP":"7","HBP":"4","BK":"0","BFP":"991","GF":"2","R":"104","SH":"-1","SF":"-1","GIDP":"-1"}},{"pitcher":{,"PLAYERID":"wooldfl01","YEARID":"1955","STINT":"1","TEAMID":"SLN","LGID":"NL","W":"2","L":"4","G":"18","GS":"8","CG":"2","SHO":"0","SV":"0","IPOUTS":"173","H":"64","ER":"31","HR":"9","BB":"27","SO":"14","BAOPP":"0.28","ERA":"4.84","IBB":"4","WP":"1","HBP":"1","BK":"0","BFP":"260","GF":"3","R":"36","SH":"-1","SF":"-1","GIDP":"-1"}},{"pitcher":{,"PLAYERID":"wrighme01","YEARID":"1955","STINT":"1","TEAMID":"SLN","LGID":"NL","W":"2","L":"2","G":"29","GS":"0","CG":"0","SHO":"0","SV":"1","IPOUTS":"109","H":"44","ER":"25","HR":"4","BB":"9","SO":"18","BAOPP":"0.3","ERA":"6.19","IBB":"2","WP":"0","HBP":"1","BK":"0","BFP":"160","GF":"15","R":"26","SH":"-1","SF":"-1","GIDP":"-1"}},{"pitcher":{,"PLAYERID":"wynnea01","YEARID":"1955","STINT":"1","TEAMID":"CLE","LGID":"AL","W":"17","L":"11","G":"32","GS":"31","CG":"16","SHO":"6","SV":"0","IPOUTS":"690","H":"207","ER":"72","HR":"19","BB":"80","SO":"122","BAOPP":"0.24","ERA":"2.82","IBB":"3","WP":"3","HBP":"3","BK":"0","BFP":"964","GF":"1","R":"86","SH":"-1","SF":"-1","GIDP":"-1"}},{"pitcher":{,"PLAYERID":"zuverge01","YEARID":"1955","STINT":"2","TEAMID":"BAL","LGID":"AL","W":"4","L":"3","G":"28","GS":"5","CG":"0","SHO":"0","SV":"4","IPOUTS":"259","H":"80","ER":"21","HR":"5","BB":"17","SO":"31","BAOPP":"0.26","ERA":"2.19","IBB":"1","WP":"2","HBP":"4","BK":"0","BFP":"333","GF":"16","R":"28","SH":"-1","SF":"-1","GIDP":"-1"}},{"pitcher":{,"PLAYERID":"zuverge01","YEARID":"1955","STINT":"1","TEAMID":"DET","LGID":"AL","W":"0","L":"5","G":"14","GS":"1","CG":"0","SHO":"0","SV":"0","IPOUTS":"85","H":"38","ER":"22","HR":"6","BB":"14","SO":"13","BAOPP":"0.3","ERA":"6.99","IBB":"3","WP":"0","HBP":"1","BK":"0","BFP":"141","GF":"6","R":"27","SH":"-1","SF":"-1","GIDP":"-1"}}]