{"pitchers":[{"pitcher":{,"PLAYERID":"ackerto01","YEARID":"1959","STINT":"1","TEAMID":"CIN","LGID":"NL","W":"1","L":"2","G":"37","GS":"0","CG":"0","SHO":"0","SV":"2","IPOUTS":"190","H":"57","ER":"29","HR":"10","BB":"37","SO":"45","BAOPP":"0.24","ERA":"4.12","IBB":"5","WP":"1","HBP":"4","BK":"0","BFP":"277","GF":"11","R":"31","SH":"-1","SF":"-1","GIDP":"-1"}},{"pitcher":{,"PLAYERID":"aguirha01","YEARID":"1959","STINT":"1","TEAMID":"DET","LGID":"AL","W":"0","L":"0","G":"3","GS":"0","CG":"0","SHO":"0","SV":"0","IPOUTS":"8","H":"4","ER":"1","HR":"0","BB":"3","SO":"3","BAOPP":"0.36","ERA":"3.38","IBB":"0","WP":"0","HBP":"0","BK":"0","BFP":"14","GF":"2","R":"1","SH":"-1","SF":"-1","GIDP":"-1"}},{"pitcher":{,"PLAYERID":"anderbo01","YEARID":"1959","STINT":"1","TEAMID":"CHN","LGID":"NL","W":"12","L":"13","G":"37","GS":"36","CG":"7","SHO":"1","SV":"0","IPOUTS":"706","H":"245","ER":"108","HR":"21","BB":"77","SO":"113","BAOPP":"0.27","ERA":"4.13","IBB":"3","WP":"4","HBP":"5","BK":"3","BFP":"1004","GF":"1","R":"117","SH":"-1","SF":"-1","GIDP":"-1"}},{"pitcher":{,"PLAYERID":"antonjo02","YEARID":"1959","STINT":"1","TEAMID":"SFN","LGID":"NL","W":"19","L":"10","G":"40","GS":"38","CG":"17","SHO":"4","SV":"1","IPOUTS":"846","H":"247","ER":"97","HR":"29","BB":"76","SO":"165","BAOPP":"0.23","ERA":"3.1","IBB":"6","WP":"1","HBP":"3","BK":"0","BFP":"1150","GF":"1","R":"107","SH":"-1","SF":"-1","GIDP":"-1"}},{"pitcher":{,"PLAYERID":"ariasru01","YEARID":"1959","STINT":"1","TEAMID":"CHA","LGID":"AL","W":"2","L":"0","G":"34","GS":"0","CG":"0","SHO":"0","SV":"2","IPOUTS":"132","H":"49","ER":"20","HR":"7","BB":"20","SO":"28","BAOPP":"0.27","ERA":"4.09","IBB":"7","WP":"0","HBP":"1","BK":"0","BFP":"200","GF":"13","R":"23","SH":"-1","SF":"-1","GIDP":"-1"}},{"pitcher":{,"PLAYERID":"arroylu01","YEARID":"1959","STINT":"1","TEAMID":"CIN","LGID":"NL","W":"1","L":"0","G":"10","GS":"0","CG":"0","SHO":"0","SV":"0","IPOUTS":"41","H":"17","ER":"6","HR":"0","BB":"11","SO":"8","BAOPP":"0.32","ERA":"3.95","IBB":"3","WP":"2","HBP":"0","BK":"0","BFP":"72","GF":"5","R":"11","SH":"-1","SF":"-1","GIDP":"-1"}},{"pitcher":{,"PLAYERID":"baileji01","YEARID":"1959","STINT":"1","TEAMID":"CIN","LGID":"NL","W":"0","L":"1","G":"3","GS":"1","CG":"0","SHO":"0","SV":"0","IPOUTS":"35","H":"17","ER":"8","HR":"1","BB":"6","SO":"7","BAOPP":"0.33","ERA":"6.17","IBB":"1","WP":"0","HBP":"1","BK":"0","BFP":"58","GF":"0","R":"8","SH":"-1","SF":"-1","GIDP":"-1"}},{"pitcher":{,"PLAYERID":"bambege01","YEARID":"1959","STINT":"1","TEAMID":"BAL","LGID":"AL","W":"0","L":"0","G":"3","GS":"1","CG":"0","SHO":"0","SV":"1","IPOUTS":"25","H":"15","ER":"7","HR":"1","BB":"2","SO":"2","BAOPP":"0.4","ERA":"7.56","IBB":"0","WP":"1","HBP":"0","BK":"0","BFP":"39","GF":"1","R":"7","SH":"-1","SF":"-1","GIDP":"-1"}},{"pitcher":{,"PLAYERID":"barclcu01","YEARID":"1959","STINT":"1","TEAMID":"SFN","LGID":"NL","W":"0","L":"0","G":"1","GS":"0","CG":"0","SHO":"0","SV":"0","IPOUTS":"1","H":"2","ER":"2","HR":"0","BB":"2","SO":"0","BAOPP":"0.5","ERA":"54.0","IBB":"0","WP":"0","HBP":"0","BK":"0","BFP":"6","GF":"0","R":"5","SH":"-1","SF":"-1","GIDP":"-1"}},{"pitcher":{,"PLAYERID":"baumafr01","YEARID":"1959","STINT":"1","TEAMID":"BOS","LGID":"AL","W":"6","L":"4","G":"26","GS":"10","CG":"2","SHO":"0","SV":"1","IPOUTS":"287","H":"96","ER":"43","HR":"11","BB":"55","SO":"48","BAOPP":"0.25","ERA":"4.05","IBB":"3","WP":"2","HBP":"1","BK":"0","BFP":"432","GF":"8","R":"47","SH":"-1","SF":"-1","GIDP":"-1"}},{"pitcher":{,"PLAYERID":"bellga01","YEARID":"1959","STINT":"1","TEAMID":"CLE","LGID":"AL","W":"16","L":"11","G":"44","GS":"28","CG":"12","SHO":"1","SV":"5","IPOUTS":"702","H":"208","ER":"105","HR":"28","BB":"105","SO":"136","BAOPP":"0.23","ERA":"4.04","IBB":"4","WP":"8","HBP":"5","BK":"1","BFP":"1005","GF":"11","R":"107","SH":"-1","SF":"-1","GIDP":"-1"}},{"pitcher":{,"PLAYERID":"blackro01","YEARID":"1959","STINT":"1","TEAMID":"PIT","LGID":"NL","W":"1","L":"1","G":"26","GS":"0","CG":"0","SHO":"0","SV":"1","IPOUTS":"133","H":"50","ER":"18","HR":"5","BB":"15","SO":"19","BAOPP":"0.28","ERA":"3.65","IBB":"4","WP":"0","HBP":"2","BK":"0","BFP":"199","GF":"9","R":"21","SH":"-1","SF":"-1","GIDP":"-1"}},{"pitcher":{,"PLAYERID":"blaylbo01","YEARID":"1959","STINT":"1","TEAMID":"SLN","LGID":"NL","W":"0","L":"1","G":"3","GS":"1","CG":"0","SHO":"0","SV":"0","IPOUTS":"27","H":"8","ER":"4","HR":"1","BB":"3","SO":"3","BAOPP":"0.22","ERA":"4.0","IBB":"0","WP":"0","HBP":"0","BK":"0","BFP":"38","GF":"0","R":"5","SH":"-1","SF":"-1","GIDP":"-1"}},{"pitcher":{,"PLAYERID":"blaylga01","YEARID":"1959","STINT":"2","TEAMID":"NYA","LGID":"AL","W":"0","L":"1","G":"15","GS":"1","CG":"0","SHO":"0","SV":"0","IPOUTS":"77","H":"30","ER":"10","HR":"0","BB":"15","SO":"20","BAOPP":"0.3","ERA":"3.51","IBB":"0","WP":"1","HBP":"1","BK":"1","BFP":"118","GF":"7","R":"13","SH":"-1","SF":"-1","GIDP":"-1"}},{"pitcher":{,"PLAYERID":"blaylga01","YEARID":"1959","STINT":"1","TEAMID":"SLN","LGID":"NL","W":"4","L":"5","G":"26","GS":"12","CG":"3","SHO":"0","SV":"0","IPOUTS":"300","H":"117","ER":"57","HR":"14","BB":"43","SO":"61","BAOPP":"0.29","ERA":"5.13","IBB":"3","WP":"3","HBP":"2","BK":"0","BFP":"449","GF":"1","R":"61","SH":"-1","SF":"-1","GIDP":"-1"}},{"pitcher":{,"PLAYERID":"bowmabo02","YEARID":"1959","STINT":"1","TEAMID":"PHI","LGID":"NL","W":"0","L":"1","G":"5","GS":"0","CG":"0","SHO":"0","SV":"0","IPOUTS":"18","H":"5","ER":"4","HR":"1","BB":"5","SO":"0","BAOPP":"0.22","ERA":"6.0","IBB":"0","WP":"1","HBP":"0","BK":"0","BFP":"27","GF":"4","R":"5","SH":"-1","SF":"-1","GIDP":"-1"}},{"pitcher":{,"PLAYERID":"bowsfte01","YEARID":"1959","STINT":"1","TEAMID":"BOS","LGID":"AL","W":"0","L":"1","G":"5","GS":"2","CG":"0","SHO":"0","SV":"0","IPOUTS":"27","H":"16","ER":"15","HR":"2","BB":"9","SO":"4","BAOPP":"0.39","ERA":"15.0","IBB":"0","WP":"0","HBP":"0","BK":"0","BFP":"50","GF":"1","R":"15","SH":"-1","SF":"-1","GIDP":"-1"}},{"pitcher":{,"PLAYERID":"breweto01","YEARID":"1959","STINT":"1","TEAMID":"BOS","LGID":"AL","W":"10","L":"12","G":"36","GS":"32","CG":"11","SHO":"3","SV":"2","IPOUTS":"646","H":"219","ER":"90","HR":"14","BB":"88","SO":"121","BAOPP":"0.26","ERA":"3.76","IBB":"5","WP":"11","HBP":"2","BK":"0","BFP":"927","GF":"2","R":"96","SH":"-1","SF":"-1","GIDP":"-1"}},{"pitcher":{,"PLAYERID":"bridgma01","YEARID":"1959","STINT":"1","TEAMID":"SLN","LGID":"NL","W":"6","L":"3","G":"27","GS":"4","CG":"1","SHO":"0","SV":"1","IPOUTS":"228","H":"67","ER":"36","HR":"10","BB":"37","SO":"76","BAOPP":"0.24","ERA":"4.26","IBB":"8","WP":"3","HBP":"0","BK":"0","BFP":"328","GF":"11","R":"38","SH":"-1","SF":"-1","GIDP":"-1"}},{"pitcher":{,"PLAYERID":"briggjo01","YEARID":"1959","STINT":"1","TEAMID":"CLE","LGID":"AL","W":"0","L":"1","G":"4","GS":"1","CG":"0","SHO":"0","SV":"0","IPOUTS":"38","H":"12","ER":"3","HR":"1","BB":"3","SO":"5","BAOPP":"0.24","ERA":"2.13","IBB":"0","WP":"1","HBP":"0","BK":"0","BFP":"53","GF":"1","R":"5","SH":"-1","SF":"-1","GIDP":"-1"}},{"pitcher":{,"PLAYERID":"brododi01","YEARID":"1959","STINT":"1","TEAMID":"CLE","LGID":"AL","W":"2","L":"2","G":"18","GS":"0","CG":"0","SHO":"0","SV":"5","IPOUTS":"90","H":"19","ER":"6","HR":"3","BB":"21","SO":"9","BAOPP":"0.18","ERA":"1.8","IBB":"1","WP":"2","HBP":"3","BK":"0","BFP":"133","GF":"14","R":"13","SH":"-1","SF":"-1","GIDP":"-1"}},{"pitcher":{,"PLAYERID":"brogler01","YEARID":"1959","STINT":"1","TEAMID":"SLN","LGID":"NL","W":"7","L":"12","G":"35","GS":"25","CG":"6","SHO":"3","SV":"0","IPOUTS":"544","H":"174","ER":"95","HR":"20","BB":"89","SO":"133","BAOPP":"0.25","ERA":"4.72","IBB":"10","WP":"8","HBP":"0","BK":"0","BFP":"793","GF":"4","R":"104","SH":"-1","SF":"-1","GIDP":"-1"}},{"pitcher":{,"PLAYERID":"bronsji01","YEARID":"1959","STINT":"1","TEAMID":"NYA","LGID":"AL","W":"0","L":"3","G":"16","GS":"3","CG":"0","SHO":"0","SV":"2","IPOUTS":"88","H":"34","ER":"17","HR":"2","BB":"13","SO":"14","BAOPP":"0.28","ERA":"5.22","IBB":"0","WP":"1","HBP":"1","BK":"0","BFP":"133","GF":"8","R":"19","SH":"-1","SF":"-1","GIDP":"-1"}},{"pitcher":{,"PLAYERID":"brosnji01","YEARID":"1959","STINT":"2","TEAMID":"CIN","LGID":"NL","W":"8","L":"3","G":"26","GS":"9","CG":"1","SHO":"1","SV":"2","IPOUTS":"250","H":"79","ER":"31","HR":"7","BB":"26","SO":"56","BAOPP":"0.24","ERA":"3.35","IBB":"2","WP":"0","HBP":"5","BK":"0","BFP":"358","GF":"10","R":"35","SH":"-1","SF":"-1","GIDP":"-1"}},{"pitcher":{,"PLAYERID":"brosnji01","YEARID":"1959","STINT":"1","TEAMID":"SLN","LGID":"NL","W":"1","L":"3","G":"20","GS":"1","CG":"0","SHO":"0","SV":"2","IPOUTS":"99","H":"34","ER":"18","HR":"5","BB":"15","SO":"18","BAOPP":"0.27","ERA":"4.91","IBB":"5","WP":"1","HBP":"1","BK":"0","BFP":"142","GF":"10","R":"18","SH":"-1","SF":"-1","GIDP":"-1"}},{"pitcher":{,"PLAYERID":"brownha01","YEARID":"1959","STINT":"1","TEAMID":"BAL","LGID":"AL","W":"11","L":"9","G":"31","GS":"21","CG":"2","SHO":"0","SV":"3","IPOUTS":"492","H":"158","ER":"69","HR":"16","BB":"32","SO":"81","BAOPP":"0.25","ERA":"3.79","IBB":"5","WP":"2","HBP":"1","BK":"0","BFP":"674","GF":"7","R":"73","SH":"-1","SF":"-1","GIDP":"-1"}},{"pitcher":{,"PLAYERID":"brucebo01","YEARID":"1959","STINT":"1","TEAMID":"DET","LGID":"AL","W":"0","L":"1","G":"2","GS":"1","CG":"0","SHO":"0","SV":"0","IPOUTS":"6","H":"2","ER":"2","HR":"1","BB":"3","SO":"1","BAOPP":"0.25","ERA":"9.0","IBB":"0","WP":"1","HBP":"0","BK":"0","BFP":"12","GF":"1","R":"5","SH":"-1","SF":"-1","GIDP":"-1"}},{"pitcher":{,"PLAYERID":"brunege01","YEARID":"1959","STINT":"1","TEAMID":"KC1","LGID":"AL","W":"0","L":"0","G":"2","GS":"0","CG":"0","SHO":"0","SV":"0","IPOUTS":"14","H":"10","ER":"6","HR":"2","BB":"7","SO":"7","BAOPP":"0.43","ERA":"11.57","IBB":"1","WP":"0","HBP":"1","BK":"1","BFP":"32","GF":"1","R":"9","SH":"-1","SF":"-1","GIDP":"-1"}},{"pitcher":{,"PLAYERID":"buhlbo01","YEARID":"1959","STINT":"1","TEAMID":"ML1","LGID":"NL","W":"15","L":"9","G":"31","GS":"25","CG":"12","SHO":"4","SV":"0","IPOUTS":"594","H":"181","ER":"63","HR":"19","BB":"74","SO":"105","BAOPP":"0.24","ERA":"2.86","IBB":"3","WP":"4","HBP":"2","BK":"0","BFP":"832","GF":"2","R":"76","SH":"-1","SF":"-1","GIDP":"-1"}},{"pitcher":{,"PLAYERID":"bunniji01","YEARID":"1959","STINT":"1","TEAMID":"DET","LGID":"AL","W":"17","L":"13","G":"40","GS":"35","CG":"14","SHO":"1","SV":"1","IPOUTS":"749","H":"220","ER":"108","HR":"37","BB":"75","SO":"201","BAOPP":"0.23","ERA":"3.89","IBB":"0","WP":"1","HBP":"11","BK":"1","BFP":"1037","GF":"4","R":"111","SH":"-1","SF":"-1","GIDP":"-1"}},{"pitcher":{,"PLAYERID":"burdele01","YEARID":"1959","STINT":"1","TEAMID":"ML1","LGID":"NL","W":"21","L":"15","G":"41","GS":"39","CG":"20","SHO":"4","SV":"1","IPOUTS":"869","H":"312","ER":"131","HR":"38","BB":"38","SO":"105","BAOPP":"0.27","ERA":"4.07","IBB":"3","WP":"2","HBP":"1","BK":"0","BFP":"1193","GF":"2","R":"144","SH":"-1","SF":"-1","GIDP":"-1"}},{"pitcher":{,"PLAYERID":"burnspe01","YEARID":"1959","STINT":"1","TEAMID":"DET","LGID":"AL","W":"1","L":"3","G":"30","GS":"0","CG":"0","SHO":"0","SV":"1","IPOUTS":"186","H":"55","ER":"26","HR":"7","BB":"25","SO":"49","BAOPP":"0.23","ERA":"3.77","IBB":"1","WP":"2","HBP":"2","BK":"0","BFP":"264","GF":"11","R":"31","SH":"-1","SF":"-1","GIDP":"-1"}},{"pitcher":{,"PLAYERID":"buzhajo01","YEARID":"1959","STINT":"1","TEAMID":"CHN","LGID":"NL","W":"4","L":"5","G":"31","GS":"10","CG":"1","SHO":"1","SV":"0","IPOUTS":"304","H":"107","ER":"56","HR":"12","BB":"29","SO":"33","BAOPP":"0.27","ERA":"4.97","IBB":"4","WP":"1","HBP":"1","BK":"0","BFP":"439","GF":"7","R":"64","SH":"-1","SF":"-1","GIDP":"-1"}},{"pitcher":{,"PLAYERID":"byerlbu01","YEARID":"1959","STINT":"1","TEAMID":"SFN","LGID":"NL","W":"1","L":"0","G":"11","GS":"0","CG":"0","SHO":"0","SV":"0","IPOUTS":"39","H":"11","ER":"2","HR":"2","BB":"5","SO":"4","BAOPP":"0.23","ERA":"1.38","IBB":"1","WP":"0","HBP":"0","BK":"0","BFP":"52","GF":"6","R":"2","SH":"-1","SF":"-1","GIDP":"-1"}},{"pitcher":{,"PLAYERID":"cardwdo01","YEARID":"1959","STINT":"1","TEAMID":"PHI","LGID":"NL","W":"9","L":"10","G":"25","GS":"22","CG":"5","SHO":"1","SV":"0","IPOUTS":"459","H":"135","ER":"69","HR":"22","BB":"65","SO":"106","BAOPP":"0.23","ERA":"4.06","IBB":"5","WP":"3","HBP":"4","BK":"0","BFP":"649","GF":"0","R":"77","SH":"-1","SF":"-1","GIDP":"-1"}},{"pitcher":{,"PLAYERID":"casalje01","YEARID":"1959","STINT":"1","TEAMID":"BOS","LGID":"AL","W":"13","L":"8","G":"31","GS":"26","CG":"9","SHO":"3","SV":"0","IPOUTS":"539","H":"162","ER":"86","HR":"20","BB":"89","SO":"93","BAOPP":"0.23","ERA":"4.31","IBB":"3","WP":"7","HBP":"5","BK":"0","BFP":"779","GF":"1","R":"89","SH":"-1","SF":"-1","GIDP":"-1"}},{"pitcher":{,"PLAYERID":"ceccaar01","YEARID":"1959","STINT":"1","TEAMID":"CHN","LGID":"NL","W":"5","L":"5","G":"18","GS":"15","CG":"4","SHO":"2","SV":"0","IPOUTS":"306","H":"95","ER":"54","HR":"19","BB":"37","SO":"56","BAOPP":"0.24","ERA":"4.76","IBB":"6","WP":"4","HBP":"1","BK":"1","BFP":"432","GF":"2","R":"58","SH":"-1","SF":"-1","GIDP":"-1"}},{"pitcher":{,"PLAYERID":"cheneto01","YEARID":"1959","STINT":"1","TEAMID":"SLN","LGID":"NL","W":"0","L":"1","G":"11","GS":"2","CG":"0","SHO":"0","SV":"0","IPOUTS":"35","H":"17","ER":"9","HR":"2","BB":"11","SO":"8","BAOPP":"0.35","ERA":"6.94","IBB":"2","WP":"1","HBP":"2","BK":"0","BFP":"63","GF":"5","R":"9","SH":"-1","SF":"-1","GIDP":"-1"}},{"pitcher":{,"PLAYERID":"chittne01","YEARID":"1959","STINT":"1","TEAMID":"BOS","LGID":"AL","W":"3","L":"0","G":"21","GS":"0","CG":"0","SHO":"0","SV":"0","IPOUTS":"91","H":"29","ER":"4","HR":"0","BB":"11","SO":"12","BAOPP":"0.26","ERA":"1.19","IBB":"2","WP":"0","HBP":"0","BK":"1","BFP":"124","GF":"13","R":"9","SH":"-1","SF":"-1","GIDP":"-1"}},{"pitcher":{,"PLAYERID":"churnch01","YEARID":"1959","STINT":"1","TEAMID":"LAN","LGID":"NL","W":"3","L":"2","G":"14","GS":"0","CG":"0","SHO":"0","SV":"1","IPOUTS":"92","H":"28","ER":"17","HR":"2","BB":"10","SO":"24","BAOPP":"0.25","ERA":"4.99","IBB":"4","WP":"0","HBP":"1","BK":"0","BFP":"125","GF":"6","R":"17","SH":"-1","SF":"-1","GIDP":"-1"}},{"pitcher":{,"PLAYERID":"cicotal01","YEARID":"1959","STINT":"1","TEAMID":"CLE","LGID":"AL","W":"3","L":"1","G":"26","GS":"1","CG":"0","SHO":"0","SV":"1","IPOUTS":"132","H":"46","ER":"26","HR":"4","BB":"25","SO":"23","BAOPP":"0.29","ERA":"5.32","IBB":"3","WP":"0","HBP":"2","BK":"0","BFP":"193","GF":"12","R":"29","SH":"-1","SF":"-1","GIDP":"-1"}},{"pitcher":{,"PLAYERID":"clarkph01","YEARID":"1959","STINT":"1","TEAMID":"SLN","LGID":"NL","W":"0","L":"1","G":"7","GS":"0","CG":"0","SHO":"0","SV":"0","IPOUTS":"21","H":"8","ER":"10","HR":"0","BB":"8","SO":"5","BAOPP":"0.28","ERA":"12.86","IBB":"1","WP":"0","HBP":"0","BK":"0","BFP":"36","GF":"2","R":"11","SH":"-1","SF":"-1","GIDP":"-1"}},{"pitcher":{,"PLAYERID":"clevete01","YEARID":"1959","STINT":"1","TEAMID":"WS1","LGID":"AL","W":"8","L":"5","G":"50","GS":"7","CG":"2","SHO":"2","SV":"8","IPOUTS":"352","H":"114","ER":"51","HR":"9","BB":"51","SO":"71","BAOPP":"0.25","ERA":"3.91","IBB":"3","WP":"3","HBP":"2","BK":"0","BFP":"509","GF":"21","R":"56","SH":"-1","SF":"-1","GIDP":"-1"}},{"pitcher":{,"PLAYERID":"coateji01","YEARID":"1959","STINT":"1","TEAMID":"NYA","LGID":"AL","W":"6","L":"1","G":"37","GS":"4","CG":"2","SHO":"0","SV":"0","IPOUTS":"301","H":"89","ER":"32","HR":"10","BB":"36","SO":"64","BAOPP":"0.23","ERA":"2.87","IBB":"4","WP":"1","HBP":"3","BK":"2","BFP":"425","GF":"17","R":"39","SH":"-1","SF":"-1","GIDP":"-1"}},{"pitcher":{,"PLAYERID":"colemri01","YEARID":"1959","STINT":"2","TEAMID":"BAL","LGID":"AL","W":"0","L":"0","G":"3","GS":"0","CG":"0","SHO":"0","SV":"0","IPOUTS":"12","H":"4","ER":"0","HR":"0","BB":"2","SO":"4","BAOPP":"0.26","ERA":"0.0","IBB":"0","WP":"0","HBP":"0","BK":"0","BFP":"17","GF":"2","R":"0","SH":"-1","SF":"-1","GIDP":"-1"}},{"pitcher":{,"PLAYERID":"colemri01","YEARID":"1959","STINT":"1","TEAMID":"KC1","LGID":"AL","W":"2","L":"10","G":"29","GS":"11","CG":"2","SHO":"0","SV":"2","IPOUTS":"243","H":"85","ER":"41","HR":"8","BB":"34","SO":"54","BAOPP":"0.27","ERA":"4.56","IBB":"0","WP":"3","HBP":"1","BK":"0","BFP":"357","GF":"6","R":"46","SH":"-1","SF":"-1","GIDP":"-1"}},{"pitcher":{,"PLAYERID":"conlege01","YEARID":"1959","STINT":"1","TEAMID":"PHI","LGID":"NL","W":"12","L":"7","G":"25","GS":"22","CG":"12","SHO":"3","SV":"1","IPOUTS":"540","H":"159","ER":"60","HR":"13","BB":"42","SO":"102","BAOPP":"0.23","ERA":"3.0","IBB":"6","WP":"4","HBP":"2","BK":"0","BFP":"729","GF":"2","R":"68","SH":"-1","SF":"-1","GIDP":"-1"}},{"pitcher":{,"PLAYERID":"craigro01","YEARID":"1959","STINT":"1","TEAMID":"LAN","LGID":"NL","W":"11","L":"5","G":"29","GS":"17","CG":"7","SHO":"4","SV":"0","IPOUTS":"458","H":"122","ER":"35","HR":"13","BB":"45","SO":"76","BAOPP":"0.21","ERA":"2.06","IBB":"3","WP":"2","HBP":"1","BK":"0","BFP":"612","GF":"3","R":"49","SH":"-1","SF":"-1","GIDP":"-1"}},{"pitcher":{,"PLAYERID":"cuellmi01","YEARID":"1959","STINT":"1","TEAMID":"CIN","LGID":"NL","W":"0","L":"0","G":"2","GS":"0","CG":"0","SHO":"0","SV":"0","IPOUTS":"12","H":"7","ER":"7","HR":"1","BB":"4","SO":"5","BAOPP":"0.36","ERA":"15.75","IBB":"1","WP":"1","HBP":"0","BK":"0","BFP":"24","GF":"0","R":"8","SH":"-1","SF":"-1","GIDP":"-1"}},{"pitcher":{,"PLAYERID":"daleybu01","YEARID":"1959","STINT":"1","TEAMID":"KC1","LGID":"AL","W":"16","L":"13","G":"39","GS":"29","CG":"12","SHO":"2","SV":"1","IPOUTS":"649","H":"212","ER":"76","HR":"24","BB":"62","SO":"125","BAOPP":"0.25","ERA":"3.16","IBB":"2","WP":"7","HBP":"11","BK":"0","BFP":"911","GF":"5","R":"90","SH":"-1","SF":"-1","GIDP":"-1"}},{"pitcher":{,"PLAYERID":"daniebe02","YEARID":"1959","STINT":"1","TEAMID":"PIT","LGID":"NL","W":"7","L":"9","G":"34","GS":"12","CG":"0","SHO":"0","SV":"1","IPOUTS":"302","H":"115","ER":"61","HR":"9","BB":"39","SO":"67","BAOPP":"0.28","ERA":"5.45","IBB":"6","WP":"5","HBP":"2","BK":"0","BFP":"452","GF":"8","R":"69","SH":"-1","SF":"-1","GIDP":"-1"}},{"pitcher":{,"PLAYERID":"davieje01","YEARID":"1959","STINT":"1","TEAMID":"DET","LGID":"AL","W":"2","L":"2","G":"11","GS":"5","CG":"1","SHO":"0","SV":"0","IPOUTS":"110","H":"40","ER":"17","HR":"8","BB":"17","SO":"20","BAOPP":"0.26","ERA":"4.17","IBB":"1","WP":"1","HBP":"4","BK":"0","BFP":"174","GF":"1","R":"25","SH":"-1","SF":"-1","GIDP":"-1"}},{"pitcher":{,"PLAYERID":"delocik01","YEARID":"1959","STINT":"1","TEAMID":"BOS","LGID":"AL","W":"11","L":"6","G":"28","GS":"17","CG":"4","SHO":"0","SV":"0","IPOUTS":"403","H":"120","ER":"44","HR":"12","BB":"62","SO":"55","BAOPP":"0.23","ERA":"2.95","IBB":"1","WP":"2","HBP":"2","BK":"1","BFP":"585","GF":"5","R":"53","SH":"-1","SF":"-1","GIDP":"-1"}},{"pitcher":{,"PLAYERID":"dicksmu01","YEARID":"1959","STINT":"1","TEAMID":"KC1","LGID":"AL","W":"2","L":"1","G":"38","GS":"0","CG":"0","SHO":"0","SV":"0","IPOUTS":"213","H":"85","ER":"39","HR":"9","BB":"27","SO":"36","BAOPP":"0.29","ERA":"4.94","IBB":"1","WP":"1","HBP":"0","BK":"0","BFP":"326","GF":"12","R":"46","SH":"-1","SF":"-1","GIDP":"-1"}},{"pitcher":{,"PLAYERID":"ditmaar01","YEARID":"1959","STINT":"1","TEAMID":"NYA","LGID":"AL","W":"13","L":"9","G":"38","GS":"25","CG":"7","SHO":"1","SV":"1","IPOUTS":"606","H":"156","ER":"65","HR":"17","BB":"52","SO":"96","BAOPP":"0.21","ERA":"2.9","IBB":"2","WP":"0","HBP":"8","BK":"1","BFP":"810","GF":"7","R":"75","SH":"-1","SF":"-1","GIDP":"-1"}},{"pitcher":{,"PLAYERID":"donneed02","YEARID":"1959","STINT":"1","TEAMID":"CHN","LGID":"NL","W":"1","L":"1","G":"9","GS":"0","CG":"0","SHO":"0","SV":"0","IPOUTS":"43","H":"18","ER":"5","HR":"1","BB":"9","SO":"6","BAOPP":"0.3","ERA":"3.14","IBB":"1","WP":"0","HBP":"0","BK":"1","BFP":"69","GF":"3","R":"7","SH":"-1","SF":"-1","GIDP":"-1"}},{"pitcher":{,"PLAYERID":"donovdi01","YEARID":"1959","STINT":"1","TEAMID":"CHA","LGID":"AL","W":"9","L":"10","G":"31","GS":"29","CG":"5","SHO":"1","SV":"0","IPOUTS":"539","H":"171","ER":"73","HR":"15","BB":"58","SO":"71","BAOPP":"0.24","ERA":"3.66","IBB":"3","WP":"1","HBP":"5","BK":"0","BFP":"768","GF":"0","R":"84","SH":"-1","SF":"-1","GIDP":"-1"}},{"pitcher":{,"PLAYERID":"drabomo01","YEARID":"1959","STINT":"1","TEAMID":"CHN","LGID":"NL","W":"5","L":"10","G":"31","GS":"23","CG":"3","SHO":"1","SV":"0","IPOUTS":"425","H":"138","ER":"65","HR":"21","BB":"75","SO":"70","BAOPP":"0.25","ERA":"4.13","IBB":"4","WP":"7","HBP":"3","BK":"0","BFP":"631","GF":"4","R":"78","SH":"-1","SF":"-1","GIDP":"-1"}},{"pitcher":{,"PLAYERID":"drottdi01","YEARID":"1959","STINT":"1","TEAMID":"CHN","LGID":"NL","W":"1","L":"2","G":"8","GS":"6","CG":"1","SHO":"1","SV":"0","IPOUTS":"82","H":"25","ER":"18","HR":"5","BB":"26","SO":"15","BAOPP":"0.24","ERA":"5.93","IBB":"1","WP":"2","HBP":"0","BK":"0","BFP":"129","GF":"0","R":"19","SH":"-1","SF":"-1","GIDP":"-1"}},{"pitcher":{,"PLAYERID":"drysddo01","YEARID":"1959","STINT":"1","TEAMID":"LAN","LGID":"NL","W":"17","L":"13","G":"44","GS":"36","CG":"15","SHO":"4","SV":"2","IPOUTS":"812","H":"237","ER":"104","HR":"26","BB":"93","SO":"242","BAOPP":"0.23","ERA":"3.46","IBB":"9","WP":"4","HBP":"18","BK":"2","BFP":"1142","GF":"7","R":"113","SH":"-1","SF":"-1","GIDP":"-1"}},{"pitcher":{,"PLAYERID":"dulibbo01","YEARID":"1959","STINT":"1","TEAMID":"SLN","LGID":"NL","W":"0","L":"1","G":"11","GS":"0","CG":"0","SHO":"0","SV":"1","IPOUTS":"68","H":"19","ER":"7","HR":"2","BB":"12","SO":"14","BAOPP":"0.23","ERA":"2.78","IBB":"1","WP":"2","HBP":"0","BK":"0","BFP":"94","GF":"5","R":"7","SH":"-1","SF":"-1","GIDP":"-1"}},{"pitcher":{,"PLAYERID":"durenry01","YEARID":"1959","STINT":"1","TEAMID":"NYA","LGID":"AL","W":"3","L":"6","G":"41","GS":"0","CG":"0","SHO":"0","SV":"14","IPOUTS":"230","H":"49","ER":"16","HR":"6","BB":"43","SO":"96","BAOPP":"0.18","ERA":"1.88","IBB":"2","WP":"4","HBP":"3","BK":"0","BFP":"322","GF":"29","R":"18","SH":"-1","SF":"-1","GIDP":"-1"}},{"pitcher":{,"PLAYERID":"elstodo01","YEARID":"1959","STINT":"1","TEAMID":"CHN","LGID":"NL","W":"10","L":"8","G":"65","GS":"0","CG":"0","SHO":"0","SV":"13","IPOUTS":"293","H":"77","ER":"36","HR":"11","BB":"46","SO":"82","BAOPP":"0.21","ERA":"3.32","IBB":"7","WP":"2","HBP":"3","BK":"0","BFP":"413","GF":"49","R":"40","SH":"-1","SF":"-1","GIDP":"-1"}},{"pitcher":{,"PLAYERID":"erskica01","YEARID":"1959","STINT":"1","TEAMID":"LAN","LGID":"NL","W":"0","L":"3","G":"10","GS":"3","CG":"0","SHO":"0","SV":"1","IPOUTS":"70","H":"33","ER":"20","HR":"5","BB":"13","SO":"15","BAOPP":"0.32","ERA":"7.71","IBB":"1","WP":"1","HBP":"0","BK":"0","BFP":"117","GF":"2","R":"22","SH":"-1","SF":"-1","GIDP":"-1"}},{"pitcher":{,"PLAYERID":"facero01","YEARID":"1959","STINT":"1","TEAMID":"PIT","LGID":"NL","W":"18","L":"1","G":"57","GS":"0","CG":"0","SHO":"0","SV":"10","IPOUTS":"280","H":"91","ER":"28","HR":"5","BB":"25","SO":"69","BAOPP":"0.26","ERA":"2.7","IBB":"8","WP":"4","HBP":"1","BK":"0","BFP":"380","GF":"47","R":"29","SH":"-1","SF":"-1","GIDP":"-1"}},{"pitcher":{,"PLAYERID":"farretu01","YEARID":"1959","STINT":"1","TEAMID":"PHI","LGID":"NL","W":"1","L":"6","G":"38","GS":"0","CG":"0","SHO":"0","SV":"6","IPOUTS":"171","H":"61","ER":"30","HR":"9","BB":"25","SO":"31","BAOPP":"0.28","ERA":"4.74","IBB":"7","WP":"3","HBP":"0","BK":"0","BFP":"252","GF":"27","R":"30","SH":"-1","SF":"-1","GIDP":"-1"}},{"pitcher":{,"PLAYERID":"ferrado01","YEARID":"1959","STINT":"1","TEAMID":"CLE","LGID":"AL","W":"5","L":"3","G":"15","GS":"10","CG":"4","SHO":"0","SV":"0","IPOUTS":"228","H":"58","ER":"27","HR":"6","BB":"51","SO":"45","BAOPP":"0.21","ERA":"3.2","IBB":"2","WP":"1","HBP":"1","BK":"0","BFP":"322","GF":"1","R":"29","SH":"-1","SF":"-1","GIDP":"-1"}},{"pitcher":{,"PLAYERID":"fischbi01","YEARID":"1959","STINT":"1","TEAMID":"WS1","LGID":"AL","W":"9","L":"11","G":"34","GS":"29","CG":"6","SHO":"1","SV":"0","IPOUTS":"562","H":"211","ER":"89","HR":"16","BB":"43","SO":"62","BAOPP":"0.28","ERA":"4.28","IBB":"2","WP":"2","HBP":"4","BK":"1","BFP":"814","GF":"5","R":"98","SH":"-1","SF":"-1","GIDP":"-1"}},{"pitcher":{,"PLAYERID":"fisheed02","YEARID":"1959","STINT":"1","TEAMID":"SFN","LGID":"NL","W":"2","L":"6","G":"17","GS":"5","CG":"0","SHO":"0","SV":"1","IPOUTS":"120","H":"57","ER":"35","HR":"8","BB":"8","SO":"15","BAOPP":"0.33","ERA":"7.88","IBB":"0","WP":"0","HBP":"1","BK":"0","BFP":"181","GF":"6","R":"37","SH":"-1","SF":"-1","GIDP":"-1"}},{"pitcher":{,"PLAYERID":"fisheja01","YEARID":"1959","STINT":"1","TEAMID":"BAL","LGID":"AL","W":"1","L":"6","G":"27","GS":"7","CG":"1","SHO":"1","SV":"2","IPOUTS":"266","H":"76","ER":"30","HR":"7","BB":"38","SO":"52","BAOPP":"0.23","ERA":"3.05","IBB":"1","WP":"0","HBP":"1","BK":"1","BFP":"375","GF":"10","R":"36","SH":"-1","SF":"-1","GIDP":"-1"}},{"pitcher":{,"PLAYERID":"fordwh01","YEARID":"1959","STINT":"1","TEAMID":"NYA","LGID":"AL","W":"16","L":"10","G":"35","GS":"29","CG":"9","SHO":"2","SV":"1","IPOUTS":"612","H":"194","ER":"69","HR":"13","BB":"89","SO":"114","BAOPP":"0.25","ERA":"3.04","IBB":"5","WP":"5","HBP":"1","BK":"1","BFP":"877","GF":"4","R":"82","SH":"-1","SF":"-1","GIDP":"-1"}},{"pitcher":{,"PLAYERID":"fornimi01","YEARID":"1959","STINT":"1","TEAMID":"BOS","LGID":"AL","W":"5","L":"3","G":"46","GS":"0","CG":"0","SHO":"0","SV":"11","IPOUTS":"246","H":"77","ER":"28","HR":"6","BB":"29","SO":"54","BAOPP":"0.25","ERA":"3.07","IBB":"3","WP":"2","HBP":"1","BK":"0","BFP":"342","GF":"26","R":"29","SH":"-1","SF":"-1","GIDP":"-1"}},{"pitcher":{,"PLAYERID":"fowlear01","YEARID":"1959","STINT":"1","TEAMID":"LAN","LGID":"NL","W":"3","L":"4","G":"36","GS":"0","CG":"0","SHO":"0","SV":"2","IPOUTS":"183","H":"70","ER":"36","HR":"8","BB":"23","SO":"47","BAOPP":"0.29","ERA":"5.31","IBB":"7","WP":"0","HBP":"0","BK":"1","BFP":"271","GF":"17","R":"39","SH":"-1","SF":"-1","GIDP":"-1"}},{"pitcher":{,"PLAYERID":"foytapa01","YEARID":"1959","STINT":"1","TEAMID":"DET","LGID":"AL","W":"14","L":"14","G":"39","GS":"37","CG":"11","SHO":"2","SV":"1","IPOUTS":"721","H":"239","ER":"124","HR":"34","BB":"64","SO":"110","BAOPP":"0.25","ERA":"4.64","IBB":"3","WP":"6","HBP":"2","BK":"1","BFP":"1000","GF":"1","R":"137","SH":"-1","SF":"-1","GIDP":"-1"}},{"pitcher":{,"PLAYERID":"freemma01","YEARID":"1959","STINT":"2","TEAMID":"NYA","LGID":"AL","W":"0","L":"0","G":"1","GS":"1","CG":"0","SHO":"0","SV":"0","IPOUTS":"21","H":"6","ER":"2","HR":"0","BB":"2","SO":"4","BAOPP":"0.24","ERA":"2.57","IBB":"0","WP":"0","HBP":"1","BK":"0","BFP":"29","GF":"0","R":"2","SH":"-1","SF":"-1","GIDP":"-1"}},{"pitcher":{,"PLAYERID":"freemma01","YEARID":"1959","STINT":"1","TEAMID":"KC1","LGID":"AL","W":"0","L":"0","G":"3","GS":"0","CG":"0","SHO":"0","SV":"0","IPOUTS":"11","H":"6","ER":"4","HR":"0","BB":"3","SO":"1","BAOPP":"0.37","ERA":"9.82","IBB":"0","WP":"0","HBP":"0","BK":"0","BFP":"20","GF":"0","R":"6","SH":"-1","SF":"-1","GIDP":"-1"}},{"pitcher":{,"PLAYERID":"frienbo01","YEARID":"1959","STINT":"1","TEAMID":"PIT","LGID":"NL","W":"8","L":"19","G":"35","GS":"35","CG":"7","SHO":"2","SV":"0","IPOUTS":"704","H":"267","ER":"105","HR":"19","BB":"52","SO":"104","BAOPP":"0.28","ERA":"4.03","IBB":"9","WP":"5","HBP":"7","BK":"0","BFP":"1015","GF":"0","R":"129","SH":"-1","SF":"-1","GIDP":"-1"}},{"pitcher":{,"PLAYERID":"gablega02","YEARID":"1959","STINT":"1","TEAMID":"NYA","LGID":"AL","W":"1","L":"1","G":"3","GS":"1","CG":"0","SHO":"0","SV":"0","IPOUTS":"58","H":"21","ER":"6","HR":"1","BB":"10","SO":"11","BAOPP":"0.28","ERA":"2.79","IBB":"0","WP":"1","HBP":"1","BK":"0","BFP":"85","GF":"0","R":"6","SH":"-1","SF":"-1","GIDP":"-1"}},{"pitcher":{,"PLAYERID":"garcimi01","YEARID":"1959","STINT":"1","TEAMID":"CLE","LGID":"AL","W":"3","L":"6","G":"29","GS":"8","CG":"1","SHO":"0","SV":"1","IPOUTS":"216","H":"72","ER":"32","HR":"4","BB":"31","SO":"49","BAOPP":"0.26","ERA":"4.0","IBB":"3","WP":"3","HBP":"0","BK":"0","BFP":"310","GF":"9","R":"39","SH":"-1","SF":"-1","GIDP":"-1"}},{"pitcher":{,"PLAYERID":"garvene01","YEARID":"1959","STINT":"1","TEAMID":"KC1","LGID":"AL","W":"10","L":"13","G":"32","GS":"30","CG":"9","SHO":"2","SV":"1","IPOUTS":"604","H":"214","ER":"83","HR":"22","BB":"42","SO":"61","BAOPP":"0.27","ERA":"3.71","IBB":"0","WP":"4","HBP":"3","BK":"0","BFP":"848","GF":"1","R":"94","SH":"-1","SF":"-1","GIDP":"-1"}},{"pitcher":{,"PLAYERID":"gibsobo01","YEARID":"1959","STINT":"1","TEAMID":"SLN","LGID":"NL","W":"3","L":"5","G":"13","GS":"9","CG":"2","SHO":"1","SV":"0","IPOUTS":"227","H":"77","ER":"28","HR":"4","BB":"39","SO":"48","BAOPP":"0.27","ERA":"3.33","IBB":"2","WP":"4","HBP":"1","BK":"0","BFP":"333","GF":"3","R":"35","SH":"-1","SF":"-1","GIDP":"-1"}},{"pitcher":{,"PLAYERID":"gielpa01","YEARID":"1959","STINT":"1","TEAMID":"PIT","LGID":"NL","W":"0","L":"0","G":"4","GS":"0","CG":"0","SHO":"0","SV":"0","IPOUTS":"23","H":"17","ER":"12","HR":"0","BB":"6","SO":"3","BAOPP":"0.47","ERA":"14.09","IBB":"1","WP":"1","HBP":"0","BK":"0","BFP":"45","GF":"0","R":"12","SH":"-1","SF":"-1","GIDP":"-1"}},{"pitcher":{,"PLAYERID":"giggibo01","YEARID":"1959","STINT":"1","TEAMID":"ML1","LGID":"NL","W":"1","L":"0","G":"13","GS":"0","CG":"0","SHO":"0","SV":"1","IPOUTS":"60","H":"24","ER":"9","HR":"2","BB":"10","SO":"15","BAOPP":"0.31","ERA":"4.05","IBB":"0","WP":"0","HBP":"0","BK":"1","BFP":"88","GF":"7","R":"10","SH":"-1","SF":"-1","GIDP":"-1"}},{"pitcher":{,"PLAYERID":"gomezru01","YEARID":"1959","STINT":"1","TEAMID":"PHI","LGID":"NL","W":"3","L":"8","G":"20","GS":"12","CG":"2","SHO":"1","SV":"1","IPOUTS":"217","H":"90","ER":"49","HR":"12","BB":"24","SO":"37","BAOPP":"0.3","ERA":"6.1","IBB":"2","WP":"3","HBP":"0","BK":"1","BFP":"327","GF":"6","R":"55","SH":"-1","SF":"-1","GIDP":"-1"}},{"pitcher":{,"PLAYERID":"gormato02","YEARID":"1959","STINT":"1","TEAMID":"KC1","LGID":"AL","W":"1","L":"0","G":"17","GS":"0","CG":"0","SHO":"0","SV":"1","IPOUTS":"61","H":"24","ER":"16","HR":"3","BB":"14","SO":"9","BAOPP":"0.29","ERA":"7.08","IBB":"0","WP":"1","HBP":"1","BK":"0","BFP":"101","GF":"9","R":"21","SH":"-1","SF":"-1","GIDP":"-1"}},{"pitcher":{,"PLAYERID":"grantmu01","YEARID":"1959","STINT":"1","TEAMID":"CLE","LGID":"AL","W":"10","L":"7","G":"38","GS":"19","CG":"6","SHO":"1","SV":"3","IPOUTS":"496","H":"140","ER":"76","HR":"23","BB":"81","SO":"85","BAOPP":"0.23","ERA":"4.14","IBB":"4","WP":"4","HBP":"2","BK":"0","BFP":"699","GF":"7","R":"80","SH":"-1","SF":"-1","GIDP":"-1"}},{"pitcher":{,"PLAYERID":"grbael01","YEARID":"1959","STINT":"1","TEAMID":"NYA","LGID":"AL","W":"2","L":"5","G":"19","GS":"6","CG":"0","SHO":"0","SV":"0","IPOUTS":"151","H":"52","ER":"36","HR":"6","BB":"39","SO":"23","BAOPP":"0.26","ERA":"6.44","IBB":"0","WP":"0","HBP":"0","BK":"0","BFP":"240","GF":"5","R":"44","SH":"-1","SF":"-1","GIDP":"-1"}},{"pitcher":{,"PLAYERID":"greenfr01","YEARID":"1959","STINT":"1","TEAMID":"PIT","LGID":"NL","W":"1","L":"2","G":"17","GS":"1","CG":"0","SHO":"0","SV":"1","IPOUTS":"112","H":"37","ER":"13","HR":"2","BB":"15","SO":"20","BAOPP":"0.25","ERA":"3.13","IBB":"8","WP":"2","HBP":"0","BK":"0","BFP":"161","GF":"4","R":"16","SH":"-1","SF":"-1","GIDP":"-1"}},{"pitcher":{,"PLAYERID":"griggha01","YEARID":"1959","STINT":"1","TEAMID":"WS1","LGID":"AL","W":"2","L":"8","G":"37","GS":"10","CG":"2","SHO":"1","SV":"2","IPOUTS":"293","H":"103","ER":"57","HR":"8","BB":"52","SO":"43","BAOPP":"0.27","ERA":"5.25","IBB":"4","WP":"4","HBP":"1","BK":"0","BFP":"443","GF":"13","R":"63","SH":"-1","SF":"-1","GIDP":"-1"}},{"pitcher":{,"PLAYERID":"grimbo01","YEARID":"1959","STINT":"1","TEAMID":"KC1","LGID":"AL","W":"6","L":"10","G":"40","GS":"9","CG":"3","SHO":"1","SV":"4","IPOUTS":"376","H":"124","ER":"57","HR":"10","BB":"57","SO":"65","BAOPP":"0.26","ERA":"4.09","IBB":"6","WP":"4","HBP":"3","BK":"0","BFP":"548","GF":"16","R":"69","SH":"-1","SF":"-1","GIDP":"-1"}},{"pitcher":{,"PLAYERID":"grissma01","YEARID":"1959","STINT":"1","TEAMID":"SLN","LGID":"NL","W":"0","L":"0","G":"3","GS":"0","CG":"0","SHO":"0","SV":"0","IPOUTS":"6","H":"6","ER":"5","HR":"2","BB":"0","SO":"0","BAOPP":"0.5","ERA":"22.5","IBB":"0","WP":"0","HBP":"0","BK":"0","BFP":"12","GF":"2","R":"5","SH":"-1","SF":"-1","GIDP":"-1"}},{"pitcher":{,"PLAYERID":"grossdo01","YEARID":"1959","STINT":"1","TEAMID":"PIT","LGID":"NL","W":"1","L":"1","G":"21","GS":"0","CG":"0","SHO":"0","SV":"2","IPOUTS":"99","H":"28","ER":"13","HR":"3","BB":"10","SO":"15","BAOPP":"0.22","ERA":"3.55","IBB":"3","WP":"0","HBP":"1","BK":"0","BFP":"136","GF":"10","R":"16","SH":"-1","SF":"-1","GIDP":"-1"}},{"pitcher":{,"PLAYERID":"grunwal01","YEARID":"1959","STINT":"1","TEAMID":"KC1","LGID":"AL","W":"0","L":"1","G":"6","GS":"1","CG":"0","SHO":"0","SV":"1","IPOUTS":"34","H":"18","ER":"10","HR":"1","BB":"11","SO":"9","BAOPP":"0.36","ERA":"7.94","IBB":"1","WP":"0","HBP":"0","BK":"0","BFP":"62","GF":"3","R":"14","SH":"-1","SF":"-1","GIDP":"-1"}},{"pitcher":{,"PLAYERID":"haddiha01","YEARID":"1959","STINT":"1","TEAMID":"PIT","LGID":"NL","W":"12","L":"12","G":"31","GS":"29","CG":"14","SHO":"2","SV":"0","IPOUTS":"673","H":"189","ER":"78","HR":"26","BB":"49","SO":"149","BAOPP":"0.22","ERA":"3.13","IBB":"12","WP":"4","HBP":"2","BK":"0","BFP":"897","GF":"2","R":"88","SH":"-1","SF":"-1","GIDP":"-1"}},{"pitcher":{,"PLAYERID":"halldi01","YEARID":"1959","STINT":"1","TEAMID":"PIT","LGID":"NL","W":"0","L":"0","G":"2","GS":"1","CG":"0","SHO":"0","SV":"0","IPOUTS":"26","H":"12","ER":"3","HR":"1","BB":"1","SO":"3","BAOPP":"0.33","ERA":"3.12","IBB":"1","WP":"0","HBP":"0","BK":"0","BFP":"39","GF":"0","R":"5","SH":"-1","SF":"-1","GIDP":"-1"}},{"pitcher":{,"PLAYERID":"harribi03","YEARID":"1959","STINT":"1","TEAMID":"LAN","LGID":"NL","W":"0","L":"0","G":"1","GS":"0","CG":"0","SHO":"0","SV":"0","IPOUTS":"5","H":"0","ER":"0","HR":"0","BB":"3","SO":"0","BAOPP":"0.0","ERA":"0.0","IBB":"1","WP":"0","HBP":"0","BK":"0","BFP":"8","GF":"0","R":"0","SH":"-1","SF":"-1","GIDP":"-1"}},{"pitcher":{,"PLAYERID":"harshja01","YEARID":"1959","STINT":"3","TEAMID":"CLE","LGID":"AL","W":"5","L":"1","G":"13","GS":"6","CG":"5","SHO":"1","SV":"1","IPOUTS":"198","H":"46","ER":"19","HR":"6","BB":"13","SO":"35","BAOPP":"0.17","ERA":"2.59","IBB":"0","WP":"1","HBP":"0","BK":"0","BFP":"277","GF":"6","R":"21","SH":"-1","SF":"-1","GIDP":"-1"}},{"pitcher":{,"PLAYERID":"harshja01","YEARID":"1959","STINT":"2","TEAMID":"BOS","LGID":"AL","W":"2","L":"3","G":"8","GS":"2","CG":"0","SHO":"0","SV":"0","IPOUTS":"74","H":"29","ER":"18","HR":"2","BB":"10","SO":"14","BAOPP":"0.28","ERA":"6.57","IBB":"0","WP":"0","HBP":"0","BK":"0","BFP":"114","GF":"3","R":"19","SH":"-1","SF":"-1","GIDP":"-1"}},{"pitcher":{,"PLAYERID":"harshja01","YEARID":"1959","STINT":"1","TEAMID":"BAL","LGID":"AL","W":"0","L":"6","G":"14","GS":"8","CG":"0","SHO":"0","SV":"0","IPOUTS":"142","H":"58","ER":"36","HR":"6","BB":"28","SO":"24","BAOPP":"0.31","ERA":"6.85","IBB":"5","WP":"2","HBP":"2","BK":"0","BFP":"221","GF":"5","R":"39","SH":"-1","SF":"-1","GIDP":"-1"}},{"pitcher":{,"PLAYERID":"hartmbo01","YEARID":"1959","STINT":"1","TEAMID":"ML1","LGID":"NL","W":"0","L":"0","G":"3","GS":"0","CG":"0","SHO":"0","SV":"0","IPOUTS":"5","H":"6","ER":"5","HR":"0","BB":"2","SO":"1","BAOPP":"0.54","ERA":"27.0","IBB":"0","WP":"0","HBP":"0","BK":"0","BFP":"13","GF":"0","R":"5","SH":"-1","SF":"-1","GIDP":"-1"}},{"pitcher":{,"PLAYERID":"hearnji01","YEARID":"1959","STINT":"1","TEAMID":"PHI","LGID":"NL","W":"0","L":"2","G":"6","GS":"0","CG":"0","SHO":"0","SV":"0","IPOUTS":"33","H":"15","ER":"7","HR":"2","BB":"6","SO":"1","BAOPP":"0.33","ERA":"5.73","IBB":"1","WP":"0","HBP":"0","BK":"0","BFP":"53","GF":"1","R":"7","SH":"-1","SF":"-1","GIDP":"-1"}},{"pitcher":{,"PLAYERID":"henrybi01","YEARID":"1959","STINT":"1","TEAMID":"CHN","LGID":"NL","W":"9","L":"8","G":"65","GS":"0","CG":"0","SHO":"0","SV":"12","IPOUTS":"403","H":"111","ER":"40","HR":"19","BB":"26","SO":"115","BAOPP":"0.22","ERA":"2.68","IBB":"3","WP":"3","HBP":"1","BK":"1","BFP":"526","GF":"35","R":"42","SH":"-1","SF":"-1","GIDP":"-1"}},{"pitcher":{,"PLAYERID":"herbera01","YEARID":"1959","STINT":"1","TEAMID":"KC1","LGID":"AL","W":"11","L":"11","G":"37","GS":"26","CG":"10","SHO":"2","SV":"1","IPOUTS":"551","H":"196","ER":"99","HR":"24","BB":"62","SO":"99","BAOPP":"0.27","ERA":"4.85","IBB":"4","WP":"2","HBP":"1","BK":"0","BFP":"795","GF":"3","R":"108","SH":"-1","SF":"-1","GIDP":"-1"}},{"pitcher":{,"PLAYERID":"hillmda01","YEARID":"1959","STINT":"1","TEAMID":"CHN","LGID":"NL","W":"8","L":"11","G":"39","GS":"24","CG":"4","SHO":"1","SV":"0","IPOUTS":"573","H":"178","ER":"75","HR":"17","BB":"43","SO":"88","BAOPP":"0.24","ERA":"3.53","IBB":"3","WP":"1","HBP":"1","BK":"0","BFP":"780","GF":"5","R":"84","SH":"-1","SF":"-1","GIDP":"-1"}},{"pitcher":{,"PLAYERID":"hobbigl01","YEARID":"1959","STINT":"1","TEAMID":"CHN","LGID":"NL","W":"16","L":"13","G":"46","GS":"33","CG":"10","SHO":"3","SV":"0","IPOUTS":"702","H":"204","ER":"96","HR":"15","BB":"106","SO":"138","BAOPP":"0.23","ERA":"3.69","IBB":"1","WP":"9","HBP":"6","BK":"0","BFP":"991","GF":"3","R":"105","SH":"-1","SF":"-1","GIDP":"-1"}},{"pitcher":{,"PLAYERID":"hoeftbi01","YEARID":"1959","STINT":"1","TEAMID":"DET","LGID":"AL","W":"1","L":"1","G":"2","GS":"2","CG":"0","SHO":"0","SV":"0","IPOUTS":"27","H":"6","ER":"5","HR":"0","BB":"4","SO":"2","BAOPP":"0.18","ERA":"5.0","IBB":"0","WP":"0","HBP":"1","BK":"0","BFP":"37","GF":"0","R":"5","SH":"-1","SF":"-1","GIDP":"-1"}},{"pitcher":{,"PLAYERID":"hoeftbi01","YEARID":"1959","STINT":"2","TEAMID":"BOS","LGID":"AL","W":"0","L":"3","G":"5","GS":"3","CG":"0","SHO":"0","SV":"0","IPOUTS":"53","H":"22","ER":"11","HR":"1","BB":"8","SO":"8","BAOPP":"0.31","ERA":"5.6","IBB":"1","WP":"0","HBP":"1","BK":"0","BFP":"83","GF":"0","R":"12","SH":"-1","SF":"-1","GIDP":"-1"}},{"pitcher":{,"PLAYERID":"hoeftbi01","YEARID":"1959","STINT":"3","TEAMID":"BAL","LGID":"AL","W":"1","L":"1","G":"16","GS":"3","CG":"0","SHO":"0","SV":"0","IPOUTS":"123","H":"50","ER":"26","HR":"6","BB":"19","SO":"30","BAOPP":"0.3","ERA":"5.71","IBB":"3","WP":"2","HBP":"0","BK":"0","BFP":"186","GF":"6","R":"29","SH":"-1","SF":"-1","GIDP":"-1"}},{"pitcher":{,"PLAYERID":"hookja01","YEARID":"1959","STINT":"1","TEAMID":"CIN","LGID":"NL","W":"5","L":"5","G":"17","GS":"15","CG":"4","SHO":"0","SV":"0","IPOUTS":"237","H":"79","ER":"45","HR":"11","BB":"39","SO":"37","BAOPP":"0.26","ERA":"5.13","IBB":"1","WP":"1","HBP":"3","BK":"0","BFP":"341","GF":"1","R":"46","SH":"-1","SF":"-1","GIDP":"-1"}},{"pitcher":{,"PLAYERID":"hugheto05","YEARID":"1959","STINT":"1","TEAMID":"SLN","LGID":"NL","W":"0","L":"2","G":"2","GS":"2","CG":"0","SHO":"0","SV":"0","IPOUTS":"12","H":"9","ER":"7","HR":"2","BB":"2","SO":"2","BAOPP":"0.4","ERA":"15.75","IBB":"0","WP":"0","HBP":"0","BK":"0","BFP":"24","GF":"0","R":"9","SH":"-1","SF":"-1","GIDP":"-1"}},{"pitcher":{,"PLAYERID":"hydedi01","YEARID":"1959","STINT":"1","TEAMID":"WS1","LGID":"AL","W":"2","L":"5","G":"37","GS":"0","CG":"0","SHO":"0","SV":"4","IPOUTS":"163","H":"56","ER":"30","HR":"5","BB":"27","SO":"29","BAOPP":"0.26","ERA":"4.97","IBB":"3","WP":"1","HBP":"2","BK":"1","BFP":"247","GF":"20","R":"34","SH":"-1","SF":"-1","GIDP":"-1"}},{"pitcher":{,"PLAYERID":"jacksal01","YEARID":"1959","STINT":"1","TEAMID":"PIT","LGID":"NL","W":"0","L":"0","G":"8","GS":"3","CG":"0","SHO":"0","SV":"0","IPOUTS":"54","H":"30","ER":"13","HR":"1","BB":"8","SO":"13","BAOPP":"0.4","ERA":"6.5","IBB":"3","WP":"2","HBP":"0","BK":"0","BFP":"84","GF":"1","R":"14","SH":"-1","SF":"-1","GIDP":"-1"}},{"pitcher":{,"PLAYERID":"jacksla01","YEARID":"1959","STINT":"1","TEAMID":"SLN","LGID":"NL","W":"14","L":"13","G":"40","GS":"37","CG":"12","SHO":"3","SV":"0","IPOUTS":"768","H":"271","ER":"94","HR":"13","BB":"64","SO":"145","BAOPP":"0.27","ERA":"3.3","IBB":"3","WP":"7","HBP":"4","BK":"0","BFP":"1081","GF":"2","R":"103","SH":"-1","SF":"-1","GIDP":"-1"}},{"pitcher":{,"PLAYERID":"jayjo01","YEARID":"1959","STINT":"1","TEAMID":"ML1","LGID":"NL","W":"6","L":"11","G":"34","GS":"19","CG":"4","SHO":"1","SV":"0","IPOUTS":"409","H":"130","ER":"62","HR":"11","BB":"64","SO":"88","BAOPP":"0.24","ERA":"4.09","IBB":"6","WP":"1","HBP":"5","BK":"0","BFP":"601","GF":"5","R":"71","SH":"-1","SF":"-1","GIDP":"-1"}},{"pitcher":{,"PLAYERID":"jeffcha01","YEARID":"1959","STINT":"1","TEAMID":"CIN","LGID":"NL","W":"0","L":"1","G":"17","GS":"0","CG":"0","SHO":"0","SV":"1","IPOUTS":"65","H":"21","ER":"8","HR":"3","BB":"10","SO":"12","BAOPP":"0.25","ERA":"3.32","IBB":"2","WP":"1","HBP":"0","BK":"0","BFP":"93","GF":"11","R":"8","SH":"-1","SF":"-1","GIDP":"-1"}},{"pitcher":{,"PLAYERID":"jeffcha01","YEARID":"1959","STINT":"2","TEAMID":"SLN","LGID":"NL","W":"0","L":"1","G":"11","GS":"0","CG":"0","SHO":"0","SV":"0","IPOUTS":"53","H":"33","ER":"18","HR":"4","BB":"9","SO":"7","BAOPP":"0.4","ERA":"9.17","IBB":"2","WP":"1","HBP":"0","BK":"0","BFP":"91","GF":"6","R":"18","SH":"-1","SF":"-1","GIDP":"-1"}},{"pitcher":{,"PLAYERID":"johnsbe01","YEARID":"1959","STINT":"1","TEAMID":"CHN","LGID":"NL","W":"0","L":"0","G":"4","GS":"2","CG":"0","SHO":"0","SV":"0","IPOUTS":"50","H":"17","ER":"4","HR":"1","BB":"4","SO":"6","BAOPP":"0.26","ERA":"2.16","IBB":"0","WP":"0","HBP":"0","BK":"0","BFP":"69","GF":"1","R":"5","SH":"-1","SF":"-1","GIDP":"-1"}},{"pitcher":{,"PLAYERID":"johnser02","YEARID":"1959","STINT":"1","TEAMID":"BAL","LGID":"AL","W":"4","L":"1","G":"31","GS":"1","CG":"0","SHO":"0","SV":"1","IPOUTS":"151","H":"57","ER":"23","HR":"6","BB":"19","SO":"29","BAOPP":"0.28","ERA":"4.11","IBB":"2","WP":"2","HBP":"3","BK":"1","BFP":"230","GF":"16","R":"32","SH":"-1","SF":"-1","GIDP":"-1"}},{"pitcher":{,"PLAYERID":"johnske02","YEARID":"1959","STINT":"1","TEAMID":"KC1","LGID":"AL","W":"1","L":"1","G":"2","GS":"2","CG":"0","SHO":"0","SV":"0","IPOUTS":"33","H":"11","ER":"5","HR":"2","BB":"5","SO":"8","BAOPP":"0.26","ERA":"4.09","IBB":"0","WP":"0","HBP":"0","BK":"0","BFP":"47","GF":"0","R":"6","SH":"-1","SF":"-1","GIDP":"-1"}},{"pitcher":{,"PLAYERID":"jonesgo01","YEARID":"1959","STINT":"1","TEAMID":"SFN","LGID":"NL","W":"3","L":"2","G":"31","GS":"0","CG":"0","SHO":"0","SV":"2","IPOUTS":"131","H":"45","ER":"21","HR":"6","BB":"19","SO":"29","BAOPP":"0.28","ERA":"4.33","IBB":"5","WP":"0","HBP":"1","BK":"0","BFP":"192","GF":"10","R":"23","SH":"-1","SF":"-1","GIDP":"-1"}},{"pitcher":{,"PLAYERID":"jonessa02","YEARID":"1959","STINT":"1","TEAMID":"SFN","LGID":"NL","W":"21","L":"15","G":"50","GS":"35","CG":"16","SHO":"4","SV":"4","IPOUTS":"812","H":"232","ER":"85","HR":"18","BB":"109","SO":"209","BAOPP":"0.22","ERA":"2.83","IBB":"6","WP":"5","HBP":"8","BK":"0","BFP":"1148","GF":"12","R":"99","SH":"-1","SF":"-1","GIDP":"-1"}},{"pitcher":{,"PLAYERID":"kaatji01","YEARID":"1959","STINT":"1","TEAMID":"WS1","LGID":"AL","W":"0","L":"2","G":"3","GS":"2","CG":"0","SHO":"0","SV":"0","IPOUTS":"15","H":"7","ER":"7","HR":"1","BB":"4","SO":"2","BAOPP":"0.35","ERA":"12.6","IBB":"0","WP":"0","HBP":"2","BK":"0","BFP":"29","GF":"0","R":"9","SH":"-1","SF":"-1","GIDP":"-1"}},{"pitcher":{,"PLAYERID":"keegaed01","YEARID":"1959","STINT":"1","TEAMID":"PHI","LGID":"NL","W":"0","L":"3","G":"3","GS":"3","CG":"0","SHO":"0","SV":"0","IPOUTS":"27","H":"19","ER":"18","HR":"2","BB":"13","SO":"3","BAOPP":"0.43","ERA":"18.0","IBB":"0","WP":"2","HBP":"1","BK":"0","BFP":"59","GF":"0","R":"18","SH":"-1","SF":"-1","GIDP":"-1"}},{"pitcher":{,"PLAYERID":"kellnal01","YEARID":"1959","STINT":"1","TEAMID":"SLN","LGID":"NL","W":"2","L":"1","G":"12","GS":"4","CG":"0","SHO":"0","SV":"0","IPOUTS":"111","H":"31","ER":"13","HR":"9","BB":"10","SO":"19","BAOPP":"0.22","ERA":"3.16","IBB":"2","WP":"0","HBP":"1","BK":"0","BFP":"154","GF":"2","R":"17","SH":"-1","SF":"-1","GIDP":"-1"}},{"pitcher":{,"PLAYERID":"kemmeru01","YEARID":"1959","STINT":"1","TEAMID":"WS1","LGID":"AL","W":"8","L":"17","G":"37","GS":"28","CG":"8","SHO":"0","SV":"0","IPOUTS":"618","H":"221","ER":"103","HR":"20","BB":"71","SO":"89","BAOPP":"0.27","ERA":"4.5","IBB":"3","WP":"10","HBP":"4","BK":"2","BFP":"894","GF":"5","R":"116","SH":"-1","SF":"-1","GIDP":"-1"}},{"pitcher":{,"PLAYERID":"kielyle01","YEARID":"1959","STINT":"1","TEAMID":"BOS","LGID":"AL","W":"3","L":"3","G":"41","GS":"0","CG":"0","SHO":"0","SV":"7","IPOUTS":"167","H":"67","ER":"26","HR":"8","BB":"18","SO":"30","BAOPP":"0.29","ERA":"4.2","IBB":"3","WP":"1","HBP":"1","BK":"0","BFP":"249","GF":"23","R":"26","SH":"-1","SF":"-1","GIDP":"-1"}},{"pitcher":{,"PLAYERID":"killeev01","YEARID":"1959","STINT":"1","TEAMID":"KC1","LGID":"AL","W":"0","L":"0","G":"4","GS":"0","CG":"0","SHO":"0","SV":"0","IPOUTS":"17","H":"4","ER":"3","HR":"0","BB":"4","SO":"1","BAOPP":"0.21","ERA":"4.76","IBB":"0","WP":"1","HBP":"0","BK":"0","BFP":"23","GF":"2","R":"3","SH":"-1","SF":"-1","GIDP":"-1"}},{"pitcher":{,"PLAYERID":"kippfr01","YEARID":"1959","STINT":"1","TEAMID":"LAN","LGID":"NL","W":"0","L":"0","G":"2","GS":"0","CG":"0","SHO":"0","SV":"0","IPOUTS":"8","H":"2","ER":"0","HR":"0","BB":"3","SO":"1","BAOPP":"0.22","ERA":"0.0","IBB":"1","WP":"0","HBP":"0","BK":"0","BFP":"13","GF":"0","R":"0","SH":"-1","SF":"-1","GIDP":"-1"}},{"pitcher":{,"PLAYERID":"klinero01","YEARID":"1959","STINT":"1","TEAMID":"PIT","LGID":"NL","W":"11","L":"13","G":"33","GS":"29","CG":"7","SHO":"0","SV":"0","IPOUTS":"558","H":"186","ER":"88","HR":"23","BB":"70","SO":"91","BAOPP":"0.26","ERA":"4.26","IBB":"9","WP":"9","HBP":"2","BK":"1","BFP":"796","GF":"1","R":"95","SH":"-1","SF":"-1","GIDP":"-1"}},{"pitcher":{,"PLAYERID":"klippjo01","YEARID":"1959","STINT":"1","TEAMID":"LAN","LGID":"NL","W":"4","L":"0","G":"28","GS":"0","CG":"0","SHO":"0","SV":"2","IPOUTS":"137","H":"48","ER":"30","HR":"8","BB":"33","SO":"30","BAOPP":"0.27","ERA":"5.91","IBB":"5","WP":"2","HBP":"2","BK":"0","BFP":"214","GF":"10","R":"31","SH":"-1","SF":"-1","GIDP":"-1"}},{"pitcher":{,"PLAYERID":"koufasa01","YEARID":"1959","STINT":"1","TEAMID":"LAN","LGID":"NL","W":"8","L":"6","G":"35","GS":"23","CG":"6","SHO":"1","SV":"2","IPOUTS":"460","H":"136","ER":"69","HR":"23","BB":"92","SO":"173","BAOPP":"0.23","ERA":"4.05","IBB":"4","WP":"5","HBP":"0","BK":"1","BFP":"679","GF":"6","R":"74","SH":"-1","SF":"-1","GIDP":"-1"}},{"pitcher":{,"PLAYERID":"kralija01","YEARID":"1959","STINT":"1","TEAMID":"WS1","LGID":"AL","W":"0","L":"0","G":"6","GS":"0","CG":"0","SHO":"0","SV":"0","IPOUTS":"37","H":"13","ER":"9","HR":"5","BB":"6","SO":"7","BAOPP":"0.28","ERA":"6.57","IBB":"0","WP":"0","HBP":"0","BK":"0","BFP":"53","GF":"2","R":"9","SH":"-1","SF":"-1","GIDP":"-1"}},{"pitcher":{,"PLAYERID":"kucksjo01","YEARID":"1959","STINT":"2","TEAMID":"KC1","LGID":"AL","W":"8","L":"11","G":"33","GS":"23","CG":"6","SHO":"1","SV":"1","IPOUTS":"454","H":"163","ER":"65","HR":"10","BB":"42","SO":"51","BAOPP":"0.27","ERA":"3.87","IBB":"0","WP":"0","HBP":"12","BK":"0","BFP":"649","GF":"6","R":"76","SH":"-1","SF":"-1","GIDP":"-1"}},{"pitcher":{,"PLAYERID":"kucksjo01","YEARID":"1959","STINT":"1","TEAMID":"NYA","LGID":"AL","W":"0","L":"1","G":"9","GS":"1","CG":"0","SHO":"0","SV":"0","IPOUTS":"50","H":"21","ER":"16","HR":"5","BB":"9","SO":"9","BAOPP":"0.32","ERA":"8.64","IBB":"0","WP":"1","HBP":"0","BK":"0","BFP":"76","GF":"4","R":"16","SH":"-1","SF":"-1","GIDP":"-1"}},{"pitcher":{,"PLAYERID":"kutynma01","YEARID":"1959","STINT":"1","TEAMID":"KC1","LGID":"AL","W":"0","L":"0","G":"4","GS":"0","CG":"0","SHO":"0","SV":"1","IPOUTS":"22","H":"7","ER":"0","HR":"0","BB":"1","SO":"1","BAOPP":"0.25","ERA":"0.0","IBB":"0","WP":"0","HBP":"0","BK":"0","BFP":"30","GF":"4","R":"0","SH":"-1","SF":"-1","GIDP":"-1"}},{"pitcher":{,"PLAYERID":"labincl01","YEARID":"1959","STINT":"1","TEAMID":"LAN","LGID":"NL","W":"5","L":"10","G":"56","GS":"0","CG":"0","SHO":"0","SV":"9","IPOUTS":"254","H":"91","ER":"37","HR":"11","BB":"25","SO":"37","BAOPP":"0.28","ERA":"3.93","IBB":"10","WP":"0","HBP":"1","BK":"0","BFP":"358","GF":"33","R":"39","SH":"-1","SF":"-1","GIDP":"-1"}},{"pitcher":{,"PLAYERID":"larsedo01","YEARID":"1959","STINT":"1","TEAMID":"NYA","LGID":"AL","W":"6","L":"7","G":"25","GS":"18","CG":"3","SHO":"1","SV":"3","IPOUTS":"374","H":"122","ER":"60","HR":"14","BB":"76","SO":"69","BAOPP":"0.26","ERA":"4.33","IBB":"2","WP":"7","HBP":"2","BK":"0","BFP":"560","GF":"3","R":"65","SH":"-1","SF":"-1","GIDP":"-1"}},{"pitcher":{,"PLAYERID":"laryfr01","YEARID":"1959","STINT":"1","TEAMID":"DET","LGID":"AL","W":"17","L":"10","G":"32","GS":"32","CG":"11","SHO":"3","SV":"0","IPOUTS":"669","H":"225","ER":"88","HR":"23","BB":"46","SO":"137","BAOPP":"0.26","ERA":"3.55","IBB":"4","WP":"2","HBP":"11","BK":"1","BFP":"931","GF":"0","R":"109","SH":"-1","SF":"-1","GIDP":"-1"}},{"pitcher":{,"PLAYERID":"latmaba01","YEARID":"1959","STINT":"1","TEAMID":"CHA","LGID":"AL","W":"8","L":"5","G":"37","GS":"21","CG":"5","SHO":"2","SV":"0","IPOUTS":"468","H":"138","ER":"65","HR":"15","BB":"72","SO":"97","BAOPP":"0.23","ERA":"3.75","IBB":"3","WP":"3","HBP":"4","BK":"1","BFP":"675","GF":"3","R":"71","SH":"-1","SF":"-1","GIDP":"-1"}},{"pitcher":{,"PLAYERID":"lawrebr01","YEARID":"1959","STINT":"1","TEAMID":"CIN","LGID":"NL","W":"7","L":"12","G":"43","GS":"14","CG":"3","SHO":"0","SV":"10","IPOUTS":"385","H":"144","ER":"68","HR":"17","BB":"45","SO":"64","BAOPP":"0.28","ERA":"4.77","IBB":"9","WP":"4","HBP":"4","BK":"0","BFP":"564","GF":"22","R":"74","SH":"-1","SF":"-1","GIDP":"-1"}},{"pitcher":{,"PLAYERID":"lawve01","YEARID":"1959","STINT":"1","TEAMID":"PIT","LGID":"NL","W":"18","L":"9","G":"34","GS":"33","CG":"20","SHO":"2","SV":"1","IPOUTS":"798","H":"245","ER":"88","HR":"25","BB":"53","SO":"110","BAOPP":"0.24","ERA":"2.98","IBB":"11","WP":"5","HBP":"2","BK":"0","BFP":"1080","GF":"1","R":"91","SH":"-1","SF":"-1","GIDP":"-1"}},{"pitcher":{,"PLAYERID":"lockebo01","YEARID":"1959","STINT":"1","TEAMID":"CLE","LGID":"AL","W":"3","L":"2","G":"24","GS":"7","CG":"0","SHO":"0","SV":"2","IPOUTS":"233","H":"66","ER":"27","HR":"6","BB":"41","SO":"40","BAOPP":"0.23","ERA":"3.13","IBB":"2","WP":"3","HBP":"3","BK":"0","BFP":"338","GF":"8","R":"33","SH":"-1","SF":"-1","GIDP":"-1"}},{"pitcher":{,"PLAYERID":"loesbi01","YEARID":"1959","STINT":"1","TEAMID":"BAL","LGID":"AL","W":"4","L":"7","G":"37","GS":"0","CG":"0","SHO":"0","SV":"14","IPOUTS":"193","H":"58","ER":"29","HR":"5","BB":"25","SO":"34","BAOPP":"0.23","ERA":"4.06","IBB":"3","WP":"0","HBP":"3","BK":"0","BFP":"275","GF":"31","R":"31","SH":"-1","SF":"-1","GIDP":"-1"}},{"pitcher":{,"PLAYERID":"lowntu01","YEARID":"1959","STINT":"1","TEAMID":"CHA","LGID":"AL","W":"9","L":"2","G":"60","GS":"0","CG":"0","SHO":"0","SV":"15","IPOUTS":"280","H":"73","ER":"30","HR":"12","BB":"42","SO":"63","BAOPP":"0.21","ERA":"2.89","IBB":"4","WP":"1","HBP":"2","BK":"1","BFP":"391","GF":"37","R":"32","SH":"-1","SF":"-1","GIDP":"-1"}},{"pitcher":{,"PLAYERID":"lumenra01","YEARID":"1959","STINT":"1","TEAMID":"WS1","LGID":"AL","W":"0","L":"0","G":"2","GS":"0","CG":"0","SHO":"0","SV":"0","IPOUTS":"9","H":"2","ER":"0","HR":"0","BB":"1","SO":"2","BAOPP":"0.2","ERA":"0.0","IBB":"0","WP":"0","HBP":"0","BK":"0","BFP":"11","GF":"2","R":"0","SH":"-1","SF":"-1","GIDP":"-1"}},{"pitcher":{,"PLAYERID":"maasdu01","YEARID":"1959","STINT":"1","TEAMID":"NYA","LGID":"AL","W":"14","L":"8","G":"38","GS":"21","CG":"3","SHO":"1","SV":"4","IPOUTS":"414","H":"149","ER":"68","HR":"14","BB":"53","SO":"67","BAOPP":"0.27","ERA":"4.43","IBB":"1","WP":"1","HBP":"2","BK":"0","BFP":"600","GF":"9","R":"82","SH":"-1","SF":"-1","GIDP":"-1"}},{"pitcher":{,"PLAYERID":"mabebo01","YEARID":"1959","STINT":"1","TEAMID":"CIN","LGID":"NL","W":"4","L":"2","G":"18","GS":"1","CG":"0","SHO":"0","SV":"3","IPOUTS":"89","H":"29","ER":"18","HR":"6","BB":"19","SO":"8","BAOPP":"0.25","ERA":"5.46","IBB":"2","WP":"0","HBP":"0","BK":"0","BFP":"134","GF":"9","R":"28","SH":"-1","SF":"-1","GIDP":"-1"}},{"pitcher":{,"PLAYERID":"martimo01","YEARID":"1959","STINT":"1","TEAMID":"CHN","LGID":"NL","W":"0","L":"0","G":"3","GS":"0","CG":"0","SHO":"0","SV":"0","IPOUTS":"7","H":"5","ER":"5","HR":"2","BB":"1","SO":"1","BAOPP":"0.45","ERA":"19.29","IBB":"0","WP":"0","HBP":"1","BK":"0","BFP":"14","GF":"1","R":"5","SH":"-1","SF":"-1","GIDP":"-1"}},{"pitcher":{,"PLAYERID":"mcavoto01","YEARID":"1959","STINT":"1","TEAMID":"WS1","LGID":"AL","W":"0","L":"0","G":"1","GS":"0","CG":"0","SHO":"0","SV":"0","IPOUTS":"8","H":"1","ER":"0","HR":"0","BB":"2","SO":"0","BAOPP":"0.12","ERA":"0.0","IBB":"0","WP":"0","HBP":"0","BK":"0","BFP":"10","GF":"0","R":"0","SH":"-1","SF":"-1","GIDP":"-1"}},{"pitcher":{,"PLAYERID":"mcbrike01","YEARID":"1959","STINT":"1","TEAMID":"CHA","LGID":"AL","W":"0","L":"1","G":"11","GS":"2","CG":"0","SHO":"0","SV":"1","IPOUTS":"68","H":"20","ER":"8","HR":"1","BB":"17","SO":"12","BAOPP":"0.23","ERA":"3.18","IBB":"0","WP":"2","HBP":"0","BK":"0","BFP":"105","GF":"4","R":"11","SH":"-1","SF":"-1","GIDP":"-1"}},{"pitcher":{,"PLAYERID":"mccormi03","YEARID":"1959","STINT":"1","TEAMID":"SFN","LGID":"NL","W":"12","L":"16","G":"47","GS":"31","CG":"7","SHO":"3","SV":"4","IPOUTS":"677","H":"213","ER":"100","HR":"24","BB":"86","SO":"151","BAOPP":"0.24","ERA":"3.99","IBB":"13","WP":"9","HBP":"1","BK":"0","BFP":"972","GF":"9","R":"117","SH":"-1","SF":"-1","GIDP":"-1"}},{"pitcher":{,"PLAYERID":"mcdanli01","YEARID":"1959","STINT":"1","TEAMID":"SLN","LGID":"NL","W":"14","L":"12","G":"62","GS":"7","CG":"1","SHO":"0","SV":"15","IPOUTS":"396","H":"144","ER":"56","HR":"11","BB":"41","SO":"86","BAOPP":"0.28","ERA":"3.82","IBB":"8","WP":"10","HBP":"1","BK":"0","BFP":"562","GF":"47","R":"61","SH":"-1","SF":"-1","GIDP":"-1"}},{"pitcher":{,"PLAYERID":"mcdevda01","YEARID":"1959","STINT":"1","TEAMID":"LAN","LGID":"NL","W":"10","L":"8","G":"39","GS":"22","CG":"6","SHO":"2","SV":"4","IPOUTS":"435","H":"149","ER":"64","HR":"16","BB":"51","SO":"106","BAOPP":"0.26","ERA":"3.97","IBB":"5","WP":"3","HBP":"14","BK":"0","BFP":"645","GF":"8","R":"83","SH":"-1","SF":"-1","GIDP":"-1"}},{"pitcher":{,"PLAYERID":"mclisca01","YEARID":"1959","STINT":"1","TEAMID":"CLE","LGID":"AL","W":"19","L":"8","G":"35","GS":"32","CG":"13","SHO":"0","SV":"1","IPOUTS":"706","H":"253","ER":"95","HR":"26","BB":"72","SO":"113","BAOPP":"0.27","ERA":"3.63","IBB":"6","WP":"4","HBP":"5","BK":"0","BFP":"1021","GF":"1","R":"110","SH":"-1","SF":"-1","GIDP":"-1"}},{"pitcher":{,"PLAYERID":"mcmahdo02","YEARID":"1959","STINT":"1","TEAMID":"ML1","LGID":"NL","W":"5","L":"3","G":"60","GS":"0","CG":"0","SHO":"0","SV":"15","IPOUTS":"242","H":"81","ER":"23","HR":"5","BB":"37","SO":"55","BAOPP":"0.25","ERA":"2.57","IBB":"5","WP":"3","HBP":"1","BK":"1","BFP":"359","GF":"49","R":"26","SH":"-1","SF":"-1","GIDP":"-1"}},{"pitcher":{,"PLAYERID":"meyerja01","YEARID":"1959","STINT":"1","TEAMID":"PHI","LGID":"NL","W":"5","L":"3","G":"47","GS":"1","CG":"1","SHO":"0","SV":"1","IPOUTS":"281","H":"76","ER":"35","HR":"9","BB":"53","SO":"71","BAOPP":"0.22","ERA":"3.36","IBB":"2","WP":"3","HBP":"1","BK":"0","BFP":"405","GF":"21","R":"43","SH":"-1","SF":"-1","GIDP":"-1"}},{"pitcher":{,"PLAYERID":"meyerru01","YEARID":"1959","STINT":"1","TEAMID":"KC1","LGID":"AL","W":"1","L":"0","G":"18","GS":"0","CG":"0","SHO":"0","SV":"1","IPOUTS":"72","H":"24","ER":"12","HR":"3","BB":"11","SO":"10","BAOPP":"0.26","ERA":"4.5","IBB":"0","WP":"2","HBP":"1","BK":"0","BFP":"107","GF":"7","R":"12","SH":"-1","SF":"-1","GIDP":"-1"}},{"pitcher":{,"PLAYERID":"millebo04","YEARID":"1959","STINT":"1","TEAMID":"SLN","LGID":"NL","W":"4","L":"3","G":"11","GS":"10","CG":"3","SHO":"0","SV":"0","IPOUTS":"212","H":"66","ER":"26","HR":"2","BB":"21","SO":"43","BAOPP":"0.24","ERA":"3.31","IBB":"2","WP":"0","HBP":"1","BK":"1","BFP":"294","GF":"1","R":"31","SH":"-1","SF":"-1","GIDP":"-1"}},{"pitcher":{,"PLAYERID":"millest01","YEARID":"1959","STINT":"1","TEAMID":"SFN","LGID":"NL","W":"8","L":"7","G":"59","GS":"9","CG":"2","SHO":"0","SV":"8","IPOUTS":"503","H":"164","ER":"53","HR":"15","BB":"57","SO":"95","BAOPP":"0.26","ERA":"2.84","IBB":"13","WP":"1","HBP":"5","BK":"0","BFP":"716","GF":"29","R":"66","SH":"-1","SF":"-1","GIDP":"-1"}},{"pitcher":{,"PLAYERID":"mizelvi01","YEARID":"1959","STINT":"1","TEAMID":"SLN","LGID":"NL","W":"13","L":"10","G":"31","GS":"30","CG":"8","SHO":"1","SV":"0","IPOUTS":"604","H":"196","ER":"94","HR":"21","BB":"89","SO":"108","BAOPP":"0.25","ERA":"4.2","IBB":"7","WP":"2","HBP":"8","BK":"1","BFP":"890","GF":"1","R":"104","SH":"-1","SF":"-1","GIDP":"-1"}},{"pitcher":{,"PLAYERID":"moforhe01","YEARID":"1959","STINT":"1","TEAMID":"BOS","LGID":"AL","W":"0","L":"2","G":"4","GS":"2","CG":"0","SHO":"0","SV":"0","IPOUTS":"26","H":"10","ER":"11","HR":"3","BB":"6","SO":"7","BAOPP":"0.28","ERA":"11.42","IBB":"0","WP":"0","HBP":"0","BK":"0","BFP":"41","GF":"1","R":"11","SH":"-1","SF":"-1","GIDP":"-1"}},{"pitcher":{,"PLAYERID":"monbobi01","YEARID":"1959","STINT":"1","TEAMID":"BOS","LGID":"AL","W":"7","L":"7","G":"34","GS":"17","CG":"4","SHO":"0","SV":"0","IPOUTS":"455","H":"165","ER":"70","HR":"15","BB":"33","SO":"87","BAOPP":"0.28","ERA":"4.15","IBB":"1","WP":"3","HBP":"3","BK":"0","BFP":"631","GF":"3","R":"86","SH":"-1","SF":"-1","GIDP":"-1"}},{"pitcher":{,"PLAYERID":"monroza01","YEARID":"1959","STINT":"1","TEAMID":"NYA","LGID":"AL","W":"0","L":"0","G":"3","GS":"0","CG":"0","SHO":"0","SV":"0","IPOUTS":"10","H":"3","ER":"2","HR":"2","BB":"2","SO":"1","BAOPP":"0.23","ERA":"5.4","IBB":"0","WP":"0","HBP":"0","BK":"0","BFP":"15","GF":"2","R":"2","SH":"-1","SF":"-1","GIDP":"-1"}},{"pitcher":{,"PLAYERID":"moorera02","YEARID":"1959","STINT":"1","TEAMID":"CHA","LGID":"AL","W":"3","L":"6","G":"29","GS":"8","CG":"0","SHO":"0","SV":"0","IPOUTS":"269","H":"86","ER":"41","HR":"10","BB":"46","SO":"49","BAOPP":"0.26","ERA":"4.12","IBB":"3","WP":"1","HBP":"1","BK":"0","BFP":"389","GF":"2","R":"46","SH":"-1","SF":"-1","GIDP":"-1"}},{"pitcher":{,"PLAYERID":"morehse01","YEARID":"1959","STINT":"2","TEAMID":"CHN","LGID":"NL","W":"0","L":"1","G":"11","GS":"2","CG":"0","SHO":"0","SV":"0","IPOUTS":"56","H":"25","ER":"10","HR":"1","BB":"8","SO":"9","BAOPP":"0.31","ERA":"4.82","IBB":"2","WP":"0","HBP":"0","BK":"0","BFP":"88","GF":"1","R":"13","SH":"-1","SF":"-1","GIDP":"-1"}},{"pitcher":{,"PLAYERID":"morehse01","YEARID":"1959","STINT":"1","TEAMID":"PHI","LGID":"NL","W":"0","L":"2","G":"3","GS":"3","CG":"0","SHO":"0","SV":"0","IPOUTS":"30","H":"15","ER":"11","HR":"3","BB":"3","SO":"8","BAOPP":"0.33","ERA":"9.9","IBB":"0","WP":"0","HBP":"1","BK":"0","BFP":"49","GF":"0","R":"11","SH":"-1","SF":"-1","GIDP":"-1"}},{"pitcher":{,"PLAYERID":"morgato01","YEARID":"1959","STINT":"1","TEAMID":"DET","LGID":"AL","W":"1","L":"4","G":"46","GS":"1","CG":"0","SHO":"0","SV":"9","IPOUTS":"278","H":"94","ER":"41","HR":"11","BB":"18","SO":"39","BAOPP":"0.26","ERA":"3.98","IBB":"3","WP":"2","HBP":"6","BK":"1","BFP":"386","GF":"22","R":"48","SH":"-1","SF":"-1","GIDP":"-1"}},{"pitcher":{,"PLAYERID":"mossido01","YEARID":"1959","STINT":"1","TEAMID":"DET","LGID":"AL","W":"17","L":"9","G":"34","GS":"30","CG":"15","SHO":"3","SV":"0","IPOUTS":"684","H":"210","ER":"85","HR":"20","BB":"49","SO":"125","BAOPP":"0.24","ERA":"3.36","IBB":"0","WP":"2","HBP":"3","BK":"1","BFP":"927","GF":"2","R":"92","SH":"-1","SF":"-1","GIDP":"-1"}},{"pitcher":{,"PLAYERID":"muffebi01","YEARID":"1959","STINT":"1","TEAMID":"SFN","LGID":"NL","W":"0","L":"0","G":"5","GS":"0","CG":"0","SHO":"0","SV":"0","IPOUTS":"20","H":"11","ER":"4","HR":"2","BB":"3","SO":"3","BAOPP":"0.4","ERA":"5.4","IBB":"1","WP":"0","HBP":"0","BK":"0","BFP":"31","GF":"2","R":"6","SH":"-1","SF":"-1","GIDP":"-1"}},{"pitcher":{,"PLAYERID":"narlera01","YEARID":"1959","STINT":"1","TEAMID":"DET","LGID":"AL","W":"4","L":"12","G":"42","GS":"10","CG":"1","SHO":"0","SV":"5","IPOUTS":"313","H":"105","ER":"67","HR":"21","BB":"59","SO":"71","BAOPP":"0.25","ERA":"5.78","IBB":"3","WP":"4","HBP":"1","BK":"0","BFP":"487","GF":"21","R":"83","SH":"-1","SF":"-1","GIDP":"-1"}},{"pitcher":{,"PLAYERID":"newcodo01","YEARID":"1959","STINT":"1","TEAMID":"CIN","LGID":"NL","W":"13","L":"8","G":"30","GS":"29","CG":"17","SHO":"2","SV":"1","IPOUTS":"666","H":"216","ER":"78","HR":"25","BB":"27","SO":"100","BAOPP":"0.25","ERA":"3.16","IBB":"3","WP":"4","HBP":"5","BK":"0","BFP":"899","GF":"1","R":"87","SH":"-1","SF":"-1","GIDP":"-1"}},{"pitcher":{,"PLAYERID":"nunnho01","YEARID":"1959","STINT":"1","TEAMID":"SLN","LGID":"NL","W":"2","L":"2","G":"16","GS":"0","CG":"0","SHO":"0","SV":"0","IPOUTS":"64","H":"23","ER":"18","HR":"3","BB":"15","SO":"20","BAOPP":"0.29","ERA":"7.59","IBB":"5","WP":"1","HBP":"0","BK":"0","BFP":"97","GF":"4","R":"18","SH":"-1","SF":"-1","GIDP":"-1"}},{"pitcher":{,"PLAYERID":"nuxhajo01","YEARID":"1959","STINT":"1","TEAMID":"CIN","LGID":"NL","W":"9","L":"9","G":"28","GS":"21","CG":"6","SHO":"1","SV":"1","IPOUTS":"395","H":"155","ER":"62","HR":"10","BB":"35","SO":"75","BAOPP":"0.29","ERA":"4.24","IBB":"1","WP":"0","HBP":"1","BK":"1","BFP":"574","GF":"3","R":"76","SH":"-1","SF":"-1","GIDP":"-1"}},{"pitcher":{,"PLAYERID":"odellbi01","YEARID":"1959","STINT":"1","TEAMID":"BAL","LGID":"AL","W":"10","L":"12","G":"38","GS":"24","CG":"6","SHO":"2","SV":"1","IPOUTS":"598","H":"163","ER":"65","HR":"18","BB":"67","SO":"88","BAOPP":"0.22","ERA":"2.93","IBB":"7","WP":"2","HBP":"1","BK":"0","BFP":"826","GF":"9","R":"74","SH":"-1","SF":"-1","GIDP":"-1"}},{"pitcher":{,"PLAYERID":"osteecl01","YEARID":"1959","STINT":"1","TEAMID":"CIN","LGID":"NL","W":"0","L":"0","G":"2","GS":"0","CG":"0","SHO":"0","SV":"0","IPOUTS":"23","H":"11","ER":"6","HR":"1","BB":"9","SO":"3","BAOPP":"0.33","ERA":"7.04","IBB":"1","WP":"0","HBP":"0","BK":"0","BFP":"44","GF":"0","R":"10","SH":"-1","SF":"-1","GIDP":"-1"}},{"pitcher":{,"PLAYERID":"otoolji01","YEARID":"1959","STINT":"1","TEAMID":"CIN","LGID":"NL","W":"5","L":"8","G":"28","GS":"19","CG":"3","SHO":"1","SV":"0","IPOUTS":"388","H":"144","ER":"74","HR":"14","BB":"73","SO":"68","BAOPP":"0.28","ERA":"5.15","IBB":"2","WP":"8","HBP":"4","BK":"1","BFP":"592","GF":"4","R":"78","SH":"-1","SF":"-1","GIDP":"-1"}},{"pitcher":{,"PLAYERID":"owensji01","YEARID":"1959","STINT":"1","TEAMID":"PHI","LGID":"NL","W":"12","L":"12","G":"31","GS":"30","CG":"11","SHO":"1","SV":"1","IPOUTS":"664","H":"203","ER":"79","HR":"14","BB":"73","SO":"135","BAOPP":"0.24","ERA":"3.21","IBB":"11","WP":"8","HBP":"4","BK":"0","BFP":"925","GF":"1","R":"97","SH":"-1","SF":"-1","GIDP":"-1"}},{"pitcher":{,"PLAYERID":"pappami01","YEARID":"1959","STINT":"1","TEAMID":"BAL","LGID":"AL","W":"15","L":"9","G":"33","GS":"27","CG":"15","SHO":"4","SV":"3","IPOUTS":"628","H":"175","ER":"76","HR":"8","BB":"75","SO":"120","BAOPP":"0.22","ERA":"3.27","IBB":"2","WP":"14","HBP":"4","BK":"1","BFP":"858","GF":"4","R":"82","SH":"-1","SF":"-1","GIDP":"-1"}},{"pitcher":{,"PLAYERID":"pascuca02","YEARID":"1959","STINT":"1","TEAMID":"WS1","LGID":"AL","W":"17","L":"10","G":"32","GS":"30","CG":"17","SHO":"6","SV":"0","IPOUTS":"716","H":"202","ER":"70","HR":"10","BB":"69","SO":"185","BAOPP":"0.22","ERA":"2.64","IBB":"7","WP":"5","HBP":"3","BK":"3","BFP":"984","GF":"1","R":"80","SH":"-1","SF":"-1","GIDP":"-1"}},{"pitcher":{,"PLAYERID":"penaor01","YEARID":"1959","STINT":"1","TEAMID":"CIN","LGID":"NL","W":"5","L":"9","G":"46","GS":"8","CG":"1","SHO":"0","SV":"5","IPOUTS":"408","H":"150","ER":"72","HR":"26","BB":"39","SO":"76","BAOPP":"0.28","ERA":"4.76","IBB":"5","WP":"1","HBP":"0","BK":"0","BFP":"587","GF":"16","R":"80","SH":"-1","SF":"-1","GIDP":"-1"}},{"pitcher":{,"PLAYERID":"perryji01","YEARID":"1959","STINT":"1","TEAMID":"CLE","LGID":"AL","W":"12","L":"10","G":"44","GS":"13","CG":"8","SHO":"2","SV":"4","IPOUTS":"459","H":"122","ER":"45","HR":"10","BB":"55","SO":"79","BAOPP":"0.22","ERA":"2.65","IBB":"7","WP":"2","HBP":"2","BK":"1","BFP":"615","GF":"18","R":"54","SH":"-1","SF":"-1","GIDP":"-1"}},{"pitcher":{,"PLAYERID":"peterga01","YEARID":"1959","STINT":"1","TEAMID":"CHA","LGID":"AL","W":"0","L":"0","G":"2","GS":"0","CG":"0","SHO":"0","SV":"0","IPOUTS":"3","H":"2","ER":"0","HR":"0","BB":"2","SO":"1","BAOPP":"0.4","ERA":"0.0","IBB":"0","WP":"0","HBP":"0","BK":"0","BFP":"7","GF":"1","R":"0","SH":"-1","SF":"-1","GIDP":"-1"}},{"pitcher":{,"PLAYERID":"phillta01","YEARID":"1959","STINT":"2","TEAMID":"PHI","LGID":"NL","W":"1","L":"4","G":"32","GS":"3","CG":"1","SHO":"0","SV":"1","IPOUTS":"189","H":"72","ER":"35","HR":"4","BB":"31","SO":"35","BAOPP":"0.3","ERA":"5.0","IBB":"1","WP":"4","HBP":"4","BK":"0","BFP":"281","GF":"12","R":"35","SH":"-1","SF":"-1","GIDP":"-1"}},{"pitcher":{,"PLAYERID":"phillta01","YEARID":"1959","STINT":"1","TEAMID":"CHN","LGID":"NL","W":"0","L":"2","G":"7","GS":"2","CG":"0","SHO":"0","SV":"0","IPOUTS":"50","H":"22","ER":"14","HR":"3","BB":"11","SO":"5","BAOPP":"0.31","ERA":"7.56","IBB":"2","WP":"0","HBP":"2","BK":"0","BFP":"84","GF":"0","R":"14","SH":"-1","SF":"-1","GIDP":"-1"}},{"pitcher":{,"PLAYERID":"piercbi02","YEARID":"1959","STINT":"1","TEAMID":"CHA","LGID":"AL","W":"14","L":"15","G":"34","GS":"33","CG":"12","SHO":"2","SV":"0","IPOUTS":"672","H":"217","ER":"90","HR":"26","BB":"62","SO":"114","BAOPP":"0.25","ERA":"3.62","IBB":"4","WP":"2","HBP":"3","BK":"1","BFP":"934","GF":"0","R":"98","SH":"-1","SF":"-1","GIDP":"-1"}},{"pitcher":{,"PLAYERID":"pizarju01","YEARID":"1959","STINT":"1","TEAMID":"ML1","LGID":"NL","W":"6","L":"2","G":"29","GS":"14","CG":"6","SHO":"2","SV":"0","IPOUTS":"401","H":"117","ER":"56","HR":"13","BB":"70","SO":"126","BAOPP":"0.23","ERA":"3.77","IBB":"3","WP":"4","HBP":"8","BK":"0","BFP":"578","GF":"4","R":"61","SH":"-1","SF":"-1","GIDP":"-1"}},{"pitcher":{,"PLAYERID":"podbibu01","YEARID":"1959","STINT":"1","TEAMID":"CLE","LGID":"AL","W":"0","L":"1","G":"6","GS":"0","CG":"0","SHO":"0","SV":"0","IPOUTS":"37","H":"17","ER":"8","HR":"1","BB":"2","SO":"5","BAOPP":"0.35","ERA":"5.84","IBB":"0","WP":"0","HBP":"0","BK":"0","BFP":"53","GF":"1","R":"8","SH":"-1","SF":"-1","GIDP":"-1"}},{"pitcher":{,"PLAYERID":"podrejo01","YEARID":"1959","STINT":"1","TEAMID":"LAN","LGID":"NL","W":"14","L":"9","G":"34","GS":"29","CG":"6","SHO":"2","SV":"0","IPOUTS":"585","H":"192","ER":"89","HR":"23","BB":"74","SO":"145","BAOPP":"0.26","ERA":"4.11","IBB":"7","WP":"8","HBP":"3","BK":"0","BFP":"823","GF":"1","R":"93","SH":"-1","SF":"-1","GIDP":"-1"}},{"pitcher":{,"PLAYERID":"portebo01","YEARID":"1959","STINT":"1","TEAMID":"PIT","LGID":"NL","W":"0","L":"0","G":"6","GS":"0","CG":"0","SHO":"0","SV":"0","IPOUTS":"16","H":"6","ER":"1","HR":"1","BB":"2","SO":"1","BAOPP":"0.0","ERA":"1.69","IBB":"1","WP":"0","HBP":"0","BK":"0","BFP":"26","GF":"2","R":"2","SH":"-1","SF":"-1","GIDP":"-1"}},{"pitcher":{,"PLAYERID":"portebo01","YEARID":"1959","STINT":"3","TEAMID":"PIT","LGID":"NL","W":"1","L":"2","G":"30","GS":"0","CG":"0","SHO":"0","SV":"1","IPOUTS":"108","H":"45","ER":"19","HR":"2","BB":"17","SO":"18","BAOPP":"0.32","ERA":"4.75","IBB":"5","WP":"5","HBP":"0","BK":"0","BFP":"160","GF":"12","R":"20","SH":"-1","SF":"-1","GIDP":"-1"}},{"pitcher":{,"PLAYERID":"portebo01","YEARID":"1959","STINT":"2","TEAMID":"CHN","LGID":"NL","W":"0","L":"0","G":"4","GS":"0","CG":"0","SHO":"0","SV":"0","IPOUTS":"19","H":"14","ER":"8","HR":"1","BB":"3","SO":"0","BAOPP":"0.42","ERA":"11.37","IBB":"0","WP":"0","HBP":"0","BK":"0","BFP":"36","GF":"0","R":"9","SH":"-1","SF":"-1","GIDP":"-1"}},{"pitcher":{,"PLAYERID":"portoar01","YEARID":"1959","STINT":"1","TEAMID":"BAL","LGID":"AL","W":"2","L":"7","G":"27","GS":"14","CG":"1","SHO":"0","SV":"0","IPOUTS":"270","H":"107","ER":"68","HR":"10","BB":"32","SO":"23","BAOPP":"0.29","ERA":"6.8","IBB":"0","WP":"1","HBP":"2","BK":"0","BFP":"408","GF":"8","R":"73","SH":"-1","SF":"-1","GIDP":"-1"}},{"pitcher":{,"PLAYERID":"proctji01","YEARID":"1959","STINT":"1","TEAMID":"DET","LGID":"AL","W":"0","L":"1","G":"2","GS":"1","CG":"0","SHO":"0","SV":"0","IPOUTS":"8","H":"8","ER":"5","HR":"0","BB":"3","SO":"0","BAOPP":"0.53","ERA":"16.88","IBB":"0","WP":"0","HBP":"0","BK":"0","BFP":"19","GF":"0","R":"5","SH":"-1","SF":"-1","GIDP":"-1"}},{"pitcher":{,"PLAYERID":"purkebo01","YEARID":"1959","STINT":"1","TEAMID":"CIN","LGID":"NL","W":"13","L":"18","G":"38","GS":"33","CG":"9","SHO":"1","SV":"1","IPOUTS":"654","H":"241","ER":"103","HR":"25","BB":"43","SO":"78","BAOPP":"0.27","ERA":"4.25","IBB":"2","WP":"4","HBP":"6","BK":"0","BFP":"927","GF":"5","R":"118","SH":"-1","SF":"-1","GIDP":"-1"}},{"pitcher":{,"PLAYERID":"ramospe01","YEARID":"1959","STINT":"1","TEAMID":"WS1","LGID":"AL","W":"13","L":"19","G":"37","GS":"35","CG":"11","SHO":"0","SV":"0","IPOUTS":"701","H":"233","ER":"108","HR":"29","BB":"52","SO":"95","BAOPP":"0.25","ERA":"4.16","IBB":"4","WP":"5","HBP":"9","BK":"1","BFP":"978","GF":"2","R":"127","SH":"-1","SF":"-1","GIDP":"-1"}},{"pitcher":{,"PLAYERID":"raymocl01","YEARID":"1959","STINT":"1","TEAMID":"CHA","LGID":"AL","W":"0","L":"0","G":"3","GS":"0","CG":"0","SHO":"0","SV":"0","IPOUTS":"12","H":"5","ER":"4","HR":"2","BB":"2","SO":"1","BAOPP":"0.33","ERA":"9.0","IBB":"0","WP":"1","HBP":"0","BK":"0","BFP":"19","GF":"1","R":"4","SH":"-1","SF":"-1","GIDP":"-1"}},{"pitcher":{,"PLAYERID":"reedho01","YEARID":"1959","STINT":"1","TEAMID":"KC1","LGID":"AL","W":"0","L":"3","G":"6","GS":"3","CG":"0","SHO":"0","SV":"0","IPOUTS":"62","H":"26","ER":"17","HR":"3","BB":"10","SO":"11","BAOPP":"0.31","ERA":"7.4","IBB":"0","WP":"3","HBP":"0","BK":"0","BFP":"97","GF":"2","R":"19","SH":"-1","SF":"-1","GIDP":"-1"}},{"pitcher":{,"PLAYERID":"renfrma01","YEARID":"1959","STINT":"1","TEAMID":"SFN","LGID":"NL","W":"0","L":"0","G":"1","GS":"1","CG":"0","SHO":"0","SV":"0","IPOUTS":"6","H":"3","ER":"6","HR":"1","BB":"3","SO":"3","BAOPP":"0.33","ERA":"27.0","IBB":"0","WP":"0","HBP":"0","BK":"0","BFP":"12","GF":"0","R":"6","SH":"-1","SF":"-1","GIDP":"-1"}},{"pitcher":{,"PLAYERID":"rickedi01","YEARID":"1959","STINT":"1","TEAMID":"SLN","LGID":"NL","W":"1","L":"6","G":"12","GS":"9","CG":"0","SHO":"0","SV":"0","IPOUTS":"167","H":"68","ER":"36","HR":"7","BB":"30","SO":"25","BAOPP":"0.3","ERA":"5.82","IBB":"4","WP":"1","HBP":"0","BK":"0","BFP":"259","GF":"2","R":"42","SH":"-1","SF":"-1","GIDP":"-1"}},{"pitcher":{,"PLAYERID":"roberro01","YEARID":"1959","STINT":"1","TEAMID":"PHI","LGID":"NL","W":"15","L":"17","G":"35","GS":"35","CG":"19","SHO":"2","SV":"0","IPOUTS":"772","H":"267","ER":"122","HR":"34","BB":"35","SO":"137","BAOPP":"0.26","ERA":"4.27","IBB":"4","WP":"1","HBP":"5","BK":"2","BFP":"1075","GF":"0","R":"137","SH":"-1","SF":"-1","GIDP":"-1"}},{"pitcher":{,"PLAYERID":"robinhu01","YEARID":"1959","STINT":"2","TEAMID":"PHI","LGID":"NL","W":"2","L":"4","G":"31","GS":"4","CG":"1","SHO":"0","SV":"1","IPOUTS":"219","H":"70","ER":"27","HR":"6","BB":"24","SO":"32","BAOPP":"0.25","ERA":"3.33","IBB":"6","WP":"3","HBP":"0","BK":"1","BFP":"310","GF":"14","R":"36","SH":"-1","SF":"-1","GIDP":"-1"}},{"pitcher":{,"PLAYERID":"robinhu01","YEARID":"1959","STINT":"1","TEAMID":"CLE","LGID":"AL","W":"1","L":"0","G":"5","GS":"0","CG":"0","SHO":"0","SV":"0","IPOUTS":"26","H":"9","ER":"4","HR":"0","BB":"4","SO":"6","BAOPP":"0.28","ERA":"4.15","IBB":"1","WP":"0","HBP":"0","BK":"0","BFP":"37","GF":"2","R":"4","SH":"-1","SF":"-1","GIDP":"-1"}},{"pitcher":{,"PLAYERID":"rodrifr01","YEARID":"1959","STINT":"1","TEAMID":"PHI","LGID":"NL","W":"0","L":"0","G":"1","GS":"0","CG":"0","SHO":"0","SV":"0","IPOUTS":"6","H":"4","ER":"3","HR":"1","BB":"0","SO":"1","BAOPP":"0.4","ERA":"13.5","IBB":"0","WP":"0","HBP":"1","BK":"0","BFP":"11","GF":"0","R":"3","SH":"-1","SF":"-1","GIDP":"-1"}},{"pitcher":{,"PLAYERID":"romonjo01","YEARID":"1959","STINT":"1","TEAMID":"WS1","LGID":"AL","W":"1","L":"0","G":"12","GS":"2","CG":"0","SHO":"0","SV":"0","IPOUTS":"115","H":"36","ER":"14","HR":"4","BB":"19","SO":"22","BAOPP":"0.25","ERA":"3.29","IBB":"0","WP":"1","HBP":"3","BK":"1","BFP":"166","GF":"6","R":"15","SH":"-1","SF":"-1","GIDP":"-1"}},{"pitcher":{,"PLAYERID":"rudoldo01","YEARID":"1959","STINT":"1","TEAMID":"CHA","LGID":"AL","W":"0","L":"0","G":"4","GS":"0","CG":"0","SHO":"0","SV":"1","IPOUTS":"9","H":"4","ER":"0","HR":"0","BB":"2","SO":"0","BAOPP":"0.33","ERA":"0.0","IBB":"1","WP":"0","HBP":"0","BK":"1","BFP":"14","GF":"1","R":"0","SH":"-1","SF":"-1","GIDP":"-1"}},{"pitcher":{,"PLAYERID":"rudoldo01","YEARID":"1959","STINT":"2","TEAMID":"CIN","LGID":"NL","W":"0","L":"0","G":"5","GS":"0","CG":"0","SHO":"0","SV":"0","IPOUTS":"22","H":"13","ER":"4","HR":"1","BB":"3","SO":"8","BAOPP":"0.39","ERA":"4.91","IBB":"1","WP":"0","HBP":"0","BK":"0","BFP":"36","GF":"2","R":"4","SH":"-1","SF":"-1","GIDP":"-1"}},{"pitcher":{,"PLAYERID":"rushbo01","YEARID":"1959","STINT":"1","TEAMID":"ML1","LGID":"NL","W":"5","L":"6","G":"31","GS":"9","CG":"1","SHO":"1","SV":"0","IPOUTS":"304","H":"102","ER":"27","HR":"5","BB":"23","SO":"64","BAOPP":"0.25","ERA":"2.4","IBB":"2","WP":"2","HBP":"1","BK":"0","BFP":"427","GF":"6","R":"39","SH":"-1","SF":"-1","GIDP":"-1"}},{"pitcher":{,"PLAYERID":"sanfoja02","YEARID":"1959","STINT":"1","TEAMID":"SFN","LGID":"NL","W":"15","L":"12","G":"36","GS":"31","CG":"10","SHO":"0","SV":"1","IPOUTS":"667","H":"198","ER":"78","HR":"22","BB":"70","SO":"132","BAOPP":"0.23","ERA":"3.16","IBB":"4","WP":"7","HBP":"7","BK":"2","BFP":"933","GF":"2","R":"90","SH":"-1","SF":"-1","GIDP":"-1"}},{"pitcher":{,"PLAYERID":"schafjo01","YEARID":"1959","STINT":"1","TEAMID":"CHN","LGID":"NL","W":"1","L":"0","G":"5","GS":"1","CG":"0","SHO":"0","SV":"0","IPOUTS":"23","H":"11","ER":"7","HR":"1","BB":"4","SO":"3","BAOPP":"0.35","ERA":"8.22","IBB":"0","WP":"0","HBP":"0","BK":"0","BFP":"36","GF":"1","R":"7","SH":"-1","SF":"-1","GIDP":"-1"}},{"pitcher":{,"PLAYERID":"schmiwi01","YEARID":"1959","STINT":"1","TEAMID":"CIN","LGID":"NL","W":"3","L":"2","G":"36","GS":"4","CG":"0","SHO":"0","SV":"0","IPOUTS":"212","H":"80","ER":"31","HR":"4","BB":"30","SO":"40","BAOPP":"0.29","ERA":"3.95","IBB":"4","WP":"2","HBP":"1","BK":"0","BFP":"307","GF":"10","R":"36","SH":"-1","SF":"-1","GIDP":"-1"}},{"pitcher":{,"PLAYERID":"schroal01","YEARID":"1959","STINT":"2","TEAMID":"BOS","LGID":"AL","W":"1","L":"4","G":"14","GS":"5","CG":"1","SHO":"0","SV":"0","IPOUTS":"138","H":"47","ER":"24","HR":"3","BB":"22","SO":"26","BAOPP":"0.26","ERA":"4.7","IBB":"1","WP":"2","HBP":"1","BK":"0","BFP":"203","GF":"4","R":"29","SH":"-1","SF":"-1","GIDP":"-1"}},{"pitcher":{,"PLAYERID":"schroal01","YEARID":"1959","STINT":"1","TEAMID":"PHI","LGID":"NL","W":"1","L":"1","G":"3","GS":"0","CG":"0","SHO":"0","SV":"0","IPOUTS":"28","H":"12","ER":"9","HR":"1","BB":"6","SO":"4","BAOPP":"0.35","ERA":"8.68","IBB":"0","WP":"0","HBP":"0","BK":"0","BFP":"42","GF":"2","R":"9","SH":"-1","SF":"-1","GIDP":"-1"}},{"pitcher":{,"PLAYERID":"schulba01","YEARID":"1959","STINT":"1","TEAMID":"DET","LGID":"AL","W":"1","L":"2","G":"13","GS":"0","CG":"0","SHO":"0","SV":"0","IPOUTS":"55","H":"17","ER":"9","HR":"1","BB":"14","SO":"17","BAOPP":"0.25","ERA":"4.42","IBB":"1","WP":"0","HBP":"1","BK":"0","BFP":"85","GF":"7","R":"12","SH":"-1","SF":"-1","GIDP":"-1"}},{"pitcher":{,"PLAYERID":"scorehe01","YEARID":"1959","STINT":"1","TEAMID":"CLE","LGID":"AL","W":"9","L":"11","G":"30","GS":"25","CG":"9","SHO":"1","SV":"0","IPOUTS":"482","H":"123","ER":"84","HR":"28","BB":"115","SO":"147","BAOPP":"0.21","ERA":"4.71","IBB":"0","WP":"14","HBP":"1","BK":"1","BFP":"712","GF":"2","R":"93","SH":"-1","SF":"-1","GIDP":"-1"}},{"pitcher":{,"PLAYERID":"semprra01","YEARID":"1959","STINT":"1","TEAMID":"PHI","LGID":"NL","W":"3","L":"10","G":"30","GS":"18","CG":"2","SHO":"0","SV":"3","IPOUTS":"335","H":"119","ER":"67","HR":"12","BB":"59","SO":"54","BAOPP":"0.27","ERA":"5.4","IBB":"1","WP":"2","HBP":"3","BK":"0","BFP":"503","GF":"7","R":"76","SH":"-1","SF":"-1","GIDP":"-1"}},{"pitcher":{,"PLAYERID":"shantbo01","YEARID":"1959","STINT":"1","TEAMID":"NYA","LGID":"AL","W":"7","L":"3","G":"33","GS":"4","CG":"2","SHO":"2","SV":"3","IPOUTS":"284","H":"64","ER":"25","HR":"4","BB":"33","SO":"66","BAOPP":"0.18","ERA":"2.38","IBB":"5","WP":"3","HBP":"0","BK":"0","BFP":"376","GF":"14","R":"33","SH":"-1","SF":"-1","GIDP":"-1"}},{"pitcher":{,"PLAYERID":"shawbo01","YEARID":"1959","STINT":"1","TEAMID":"CHA","LGID":"AL","W":"18","L":"6","G":"47","GS":"26","CG":"8","SHO":"3","SV":"3","IPOUTS":"692","H":"217","ER":"69","HR":"15","BB":"54","SO":"89","BAOPP":"0.24","ERA":"2.69","IBB":"5","WP":"3","HBP":"6","BK":"0","BFP":"949","GF":"12","R":"72","SH":"-1","SF":"-1","GIDP":"-1"}},{"pitcher":{,"PLAYERID":"sherrla01","YEARID":"1959","STINT":"1","TEAMID":"LAN","LGID":"NL","W":"7","L":"2","G":"23","GS":"9","CG":"1","SHO":"1","SV":"3","IPOUTS":"283","H":"75","ER":"23","HR":"9","BB":"43","SO":"72","BAOPP":"0.21","ERA":"2.19","IBB":"5","WP":"1","HBP":"2","BK":"0","BFP":"392","GF":"10","R":"27","SH":"-1","SF":"-1","GIDP":"-1"}},{"pitcher":{,"PLAYERID":"shipljo01","YEARID":"1959","STINT":"1","TEAMID":"SFN","LGID":"NL","W":"0","L":"0","G":"10","GS":"1","CG":"0","SHO":"0","SV":"0","IPOUTS":"54","H":"16","ER":"9","HR":"2","BB":"17","SO":"11","BAOPP":"0.23","ERA":"4.5","IBB":"0","WP":"1","HBP":"1","BK":"0","BFP":"87","GF":"7","R":"11","SH":"-1","SF":"-1","GIDP":"-1"}},{"pitcher":{,"PLAYERID":"shortch02","YEARID":"1959","STINT":"1","TEAMID":"PHI","LGID":"NL","W":"0","L":"0","G":"3","GS":"2","CG":"0","SHO":"0","SV":"0","IPOUTS":"43","H":"19","ER":"13","HR":"3","BB":"10","SO":"8","BAOPP":"0.31","ERA":"8.16","IBB":"0","WP":"2","HBP":"1","BK":"0","BFP":"72","GF":"0","R":"13","SH":"-1","SF":"-1","GIDP":"-1"}},{"pitcher":{,"PLAYERID":"simmocu01","YEARID":"1959","STINT":"1","TEAMID":"PHI","LGID":"NL","W":"0","L":"0","G":"7","GS":"0","CG":"0","SHO":"0","SV":"0","IPOUTS":"30","H":"16","ER":"5","HR":"2","BB":"0","SO":"4","BAOPP":"0.4","ERA":"4.5","IBB":"0","WP":"0","HBP":"1","BK":"0","BFP":"42","GF":"4","R":"5","SH":"-1","SF":"-1","GIDP":"-1"}},{"pitcher":{,"PLAYERID":"singlel01","YEARID":"1959","STINT":"1","TEAMID":"CHN","LGID":"NL","W":"2","L":"1","G":"21","GS":"1","CG":"0","SHO":"0","SV":"0","IPOUTS":"129","H":"40","ER":"13","HR":"2","BB":"12","SO":"25","BAOPP":"0.25","ERA":"2.72","IBB":"2","WP":"0","HBP":"0","BK":"0","BFP":"180","GF":"12","R":"15","SH":"-1","SF":"-1","GIDP":"-1"}},{"pitcher":{,"PLAYERID":"sisleda01","YEARID":"1959","STINT":"2","TEAMID":"DET","LGID":"AL","W":"1","L":"3","G":"32","GS":"0","CG":"0","SHO":"0","SV":"7","IPOUTS":"155","H":"46","ER":"23","HR":"4","BB":"36","SO":"29","BAOPP":"0.24","ERA":"4.01","IBB":"1","WP":"3","HBP":"1","BK":"0","BFP":"232","GF":"18","R":"28","SH":"-1","SF":"-1","GIDP":"-1"}},{"pitcher":{,"PLAYERID":"sisleda01","YEARID":"1959","STINT":"1","TEAMID":"BOS","LGID":"AL","W":"0","L":"0","G":"3","GS":"0","CG":"0","SHO":"0","SV":"0","IPOUTS":"20","H":"9","ER":"5","HR":"3","BB":"1","SO":"3","BAOPP":"0.31","ERA":"6.75","IBB":"0","WP":"0","HBP":"0","BK":"0","BFP":"30","GF":"2","R":"5","SH":"-1","SF":"-1","GIDP":"-1"}},{"pitcher":{,"PLAYERID":"smithbi04","YEARID":"1959","STINT":"1","TEAMID":"SLN","LGID":"NL","W":"0","L":"0","G":"6","GS":"0","CG":"0","SHO":"0","SV":"1","IPOUTS":"25","H":"11","ER":"1","HR":"0","BB":"3","SO":"4","BAOPP":"0.33","ERA":"1.08","IBB":"1","WP":"0","HBP":"0","BK":"0","BFP":"36","GF":"2","R":"3","SH":"-1","SF":"-1","GIDP":"-1"}},{"pitcher":{,"PLAYERID":"smithbo03","YEARID":"1959","STINT":"1","TEAMID":"PIT","LGID":"NL","W":"0","L":"0","G":"20","GS":"0","CG":"0","SHO":"0","SV":"0","IPOUTS":"85","H":"32","ER":"11","HR":"1","BB":"17","SO":"12","BAOPP":"0.29","ERA":"3.49","IBB":"0","WP":"0","HBP":"0","BK":"0","BFP":"130","GF":"6","R":"16","SH":"-1","SF":"-1","GIDP":"-1"}},{"pitcher":{,"PLAYERID":"smithbo03","YEARID":"1959","STINT":"2","TEAMID":"DET","LGID":"AL","W":"0","L":"3","G":"9","GS":"0","CG":"0","SHO":"0","SV":"0","IPOUTS":"33","H":"20","ER":"10","HR":"5","BB":"3","SO":"10","BAOPP":"0.41","ERA":"8.18","IBB":"1","WP":"0","HBP":"0","BK":"0","BFP":"53","GF":"6","R":"15","SH":"-1","SF":"-1","GIDP":"-1"}},{"pitcher":{,"PLAYERID":"smithbo05","YEARID":"1959","STINT":"2","TEAMID":"CLE","LGID":"AL","W":"0","L":"1","G":"12","GS":"3","CG":"0","SHO":"0","SV":"0","IPOUTS":"88","H":"31","ER":"17","HR":"2","BB":"12","SO":"17","BAOPP":"0.28","ERA":"5.22","IBB":"0","WP":"2","HBP":"0","BK":"0","BFP":"129","GF":"3","R":"19","SH":"-1","SF":"-1","GIDP":"-1"}},{"pitcher":{,"PLAYERID":"smithbo05","YEARID":"1959","STINT":"1","TEAMID":"CHN","LGID":"NL","W":"0","L":"0","G":"1","GS":"0","CG":"0","SHO":"0","SV":"0","IPOUTS":"2","H":"5","ER":"6","HR":"0","BB":"2","SO":"0","BAOPP":"0.83","ERA":"81.0","IBB":"1","WP":"1","HBP":"0","BK":"0","BFP":"9","GF":"0","R":"6","SH":"-1","SF":"-1","GIDP":"-1"}},{"pitcher":{,"PLAYERID":"snydege02","YEARID":"1959","STINT":"1","TEAMID":"LAN","LGID":"NL","W":"1","L":"1","G":"11","GS":"2","CG":"0","SHO":"0","SV":"0","IPOUTS":"79","H":"32","ER":"16","HR":"1","BB":"20","SO":"20","BAOPP":"0.29","ERA":"5.47","IBB":"2","WP":"7","HBP":"0","BK":"0","BFP":"128","GF":"2","R":"19","SH":"-1","SF":"-1","GIDP":"-1"}},{"pitcher":{,"PLAYERID":"spahnwa01","YEARID":"1959","STINT":"1","TEAMID":"ML1","LGID":"NL","W":"21","L":"15","G":"40","GS":"36","CG":"21","SHO":"4","SV":"0","IPOUTS":"876","H":"282","ER":"96","HR":"21","BB":"70","SO":"143","BAOPP":"0.25","ERA":"2.96","IBB":"9","WP":"2","HBP":"1","BK":"0","BFP":"1203","GF":"3","R":"106","SH":"-1","SF":"-1","GIDP":"-1"}},{"pitcher":{,"PLAYERID":"stalege01","YEARID":"1959","STINT":"1","TEAMID":"CHA","LGID":"AL","W":"8","L":"5","G":"67","GS":"0","CG":"0","SHO":"0","SV":"14","IPOUTS":"349","H":"111","ER":"29","HR":"5","BB":"25","SO":"54","BAOPP":"0.25","ERA":"2.24","IBB":"9","WP":"2","HBP":"0","BK":"0","BFP":"471","GF":"37","R":"39","SH":"-1","SF":"-1","GIDP":"-1"}},{"pitcher":{,"PLAYERID":"stankjo01","YEARID":"1959","STINT":"1","TEAMID":"CHA","LGID":"AL","W":"1","L":"0","G":"2","GS":"0","CG":"0","SHO":"0","SV":"0","IPOUTS":"16","H":"2","ER":"2","HR":"1","BB":"4","SO":"3","BAOPP":"0.11","ERA":"3.38","IBB":"1","WP":"0","HBP":"0","BK":"0","BFP":"22","GF":"1","R":"2","SH":"-1","SF":"-1","GIDP":"-1"}},{"pitcher":{,"PLAYERID":"stobbch01","YEARID":"1959","STINT":"1","TEAMID":"WS1","LGID":"AL","W":"1","L":"8","G":"41","GS":"7","CG":"0","SHO":"0","SV":"7","IPOUTS":"272","H":"82","ER":"30","HR":"13","BB":"24","SO":"50","BAOPP":"0.23","ERA":"2.98","IBB":"1","WP":"1","HBP":"2","BK":"0","BFP":"383","GF":"19","R":"42","SH":"-1","SF":"-1","GIDP":"-1"}},{"pitcher":{,"PLAYERID":"stockwe01","YEARID":"1959","STINT":"1","TEAMID":"BAL","LGID":"AL","W":"0","L":"0","G":"7","GS":"0","CG":"0","SHO":"0","SV":"1","IPOUTS":"38","H":"16","ER":"5","HR":"1","BB":"2","SO":"8","BAOPP":"0.3","ERA":"3.55","IBB":"0","WP":"2","HBP":"0","BK":"0","BFP":"55","GF":"2","R":"6","SH":"-1","SF":"-1","GIDP":"-1"}},{"pitcher":{,"PLAYERID":"stonede01","YEARID":"1959","STINT":"1","TEAMID":"SLN","LGID":"NL","W":"0","L":"1","G":"18","GS":"1","CG":"0","SHO":"0","SV":"1","IPOUTS":"90","H":"30","ER":"14","HR":"4","BB":"16","SO":"17","BAOPP":"0.27","ERA":"4.2","IBB":"4","WP":"2","HBP":"0","BK":"0","BFP":"132","GF":"5","R":"15","SH":"-1","SF":"-1","GIDP":"-1"}},{"pitcher":{,"PLAYERID":"strikja01","YEARID":"1959","STINT":"1","TEAMID":"CLE","LGID":"AL","W":"1","L":"0","G":"1","GS":"1","CG":"0","SHO":"0","SV":"0","IPOUTS":"20","H":"8","ER":"2","HR":"0","BB":"4","SO":"5","BAOPP":"0.29","ERA":"2.7","IBB":"0","WP":"0","HBP":"0","BK":"0","BFP":"32","GF":"0","R":"2","SH":"-1","SF":"-1","GIDP":"-1"}},{"pitcher":{,"PLAYERID":"stumpji01","YEARID":"1959","STINT":"1","TEAMID":"DET","LGID":"AL","W":"0","L":"0","G":"5","GS":"0","CG":"0","SHO":"0","SV":"0","IPOUTS":"34","H":"12","ER":"3","HR":"1","BB":"4","SO":"6","BAOPP":"0.27","ERA":"2.38","IBB":"0","WP":"0","HBP":"0","BK":"0","BFP":"48","GF":"2","R":"3","SH":"-1","SF":"-1","GIDP":"-1"}},{"pitcher":{,"PLAYERID":"sturdto01","YEARID":"1959","STINT":"2","TEAMID":"KC1","LGID":"AL","W":"2","L":"6","G":"36","GS":"3","CG":"0","SHO":"0","SV":"5","IPOUTS":"215","H":"70","ER":"37","HR":"9","BB":"34","SO":"57","BAOPP":"0.25","ERA":"4.65","IBB":"4","WP":"3","HBP":"6","BK":"0","BFP":"323","GF":"16","R":"45","SH":"-1","SF":"-1","GIDP":"-1"}},{"pitcher":{,"PLAYERID":"sturdto01","YEARID":"1959","STINT":"1","TEAMID":"NYA","LGID":"AL","W":"0","L":"2","G":"7","GS":"3","CG":"0","SHO":"0","SV":"0","IPOUTS":"76","H":"20","ER":"14","HR":"4","BB":"9","SO":"16","BAOPP":"0.22","ERA":"4.97","IBB":"0","WP":"1","HBP":"0","BK":"0","BFP":"103","GF":"1","R":"16","SH":"-1","SF":"-1","GIDP":"-1"}},{"pitcher":{,"PLAYERID":"sullifr01","YEARID":"1959","STINT":"1","TEAMID":"BOS","LGID":"AL","W":"9","L":"11","G":"30","GS":"26","CG":"5","SHO":"2","SV":"1","IPOUTS":"533","H":"172","ER":"78","HR":"17","BB":"67","SO":"107","BAOPP":"0.25","ERA":"3.95","IBB":"2","WP":"2","HBP":"7","BK":"1","BFP":"751","GF":"1","R":"86","SH":"-1","SF":"-1","GIDP":"-1"}},{"pitcher":{,"PLAYERID":"suscege02","YEARID":"1959","STINT":"1","TEAMID":"DET","LGID":"AL","W":"0","L":"0","G":"9","GS":"0","CG":"0","SHO":"0","SV":"0","IPOUTS":"44","H":"24","ER":"21","HR":"4","BB":"9","SO":"9","BAOPP":"0.35","ERA":"12.89","IBB":"0","WP":"0","HBP":"2","BK":"0","BFP":"80","GF":"3","R":"22","SH":"-1","SF":"-1","GIDP":"-1"}},{"pitcher":{,"PLAYERID":"terryra01","YEARID":"1959","STINT":"2","TEAMID":"NYA","LGID":"AL","W":"3","L":"7","G":"24","GS":"16","CG":"5","SHO":"1","SV":"0","IPOUTS":"382","H":"130","ER":"48","HR":"7","BB":"30","SO":"55","BAOPP":"0.27","ERA":"3.39","IBB":"5","WP":"2","HBP":"2","BK":"0","BFP":"529","GF":"1","R":"55","SH":"-1","SF":"-1","GIDP":"-1"}},{"pitcher":{,"PLAYERID":"terryra01","YEARID":"1959","STINT":"1","TEAMID":"KC1","LGID":"AL","W":"2","L":"4","G":"9","GS":"7","CG":"2","SHO":"0","SV":"0","IPOUTS":"139","H":"56","ER":"27","HR":"9","BB":"19","SO":"35","BAOPP":"0.3","ERA":"5.24","IBB":"1","WP":"1","HBP":"1","BK":"0","BFP":"205","GF":"1","R":"29","SH":"-1","SF":"-1","GIDP":"-1"}},{"pitcher":{,"PLAYERID":"tomandi01","YEARID":"1959","STINT":"1","TEAMID":"KC1","LGID":"AL","W":"0","L":"1","G":"16","GS":"0","CG":"0","SHO":"0","SV":"2","IPOUTS":"62","H":"27","ER":"15","HR":"6","BB":"12","SO":"13","BAOPP":"0.31","ERA":"6.53","IBB":"1","WP":"5","HBP":"2","BK":"1","BFP":"104","GF":"12","R":"15","SH":"-1","SF":"-1","GIDP":"-1"}},{"pitcher":{,"PLAYERID":"trowbbo01","YEARID":"1959","STINT":"1","TEAMID":"ML1","LGID":"NL","W":"1","L":"0","G":"16","GS":"0","CG":"0","SHO":"0","SV":"1","IPOUTS":"91","H":"45","ER":"20","HR":"2","BB":"10","SO":"22","BAOPP":"0.34","ERA":"5.93","IBB":"2","WP":"3","HBP":"0","BK":"0","BFP":"146","GF":"6","R":"25","SH":"-1","SF":"-1","GIDP":"-1"}},{"pitcher":{,"PLAYERID":"tsitojo01","YEARID":"1959","STINT":"1","TEAMID":"KC1","LGID":"AL","W":"4","L":"3","G":"24","GS":"10","CG":"0","SHO":"0","SV":"0","IPOUTS":"250","H":"90","ER":"46","HR":"3","BB":"35","SO":"50","BAOPP":"0.27","ERA":"4.97","IBB":"3","WP":"4","HBP":"3","BK":"1","BFP":"377","GF":"4","R":"52","SH":"-1","SF":"-1","GIDP":"-1"}},{"pitcher":{,"PLAYERID":"turlebo01","YEARID":"1959","STINT":"1","TEAMID":"NYA","LGID":"AL","W":"8","L":"11","G":"33","GS":"22","CG":"7","SHO":"3","SV":"0","IPOUTS":"463","H":"141","ER":"74","HR":"15","BB":"83","SO":"111","BAOPP":"0.24","ERA":"4.32","IBB":"3","WP":"2","HBP":"3","BK":"0","BFP":"678","GF":"6","R":"80","SH":"-1","SF":"-1","GIDP":"-1"}},{"pitcher":{,"PLAYERID":"umbriji01","YEARID":"1959","STINT":"1","TEAMID":"PIT","LGID":"NL","W":"0","L":"0","G":"1","GS":"1","CG":"0","SHO":"0","SV":"0","IPOUTS":"21","H":"7","ER":"5","HR":"3","BB":"4","SO":"3","BAOPP":"0.25","ERA":"6.43","IBB":"0","WP":"0","HBP":"0","BK":"0","BFP":"31","GF":"0","R":"5","SH":"-1","SF":"-1","GIDP":"-1"}},{"pitcher":{,"PLAYERID":"urbanja01","YEARID":"1959","STINT":"1","TEAMID":"SLN","LGID":"NL","W":"0","L":"0","G":"8","GS":"0","CG":"0","SHO":"0","SV":"0","IPOUTS":"32","H":"18","ER":"11","HR":"1","BB":"7","SO":"4","BAOPP":"0.4","ERA":"9.28","IBB":"4","WP":"0","HBP":"0","BK":"0","BFP":"53","GF":"3","R":"11","SH":"-1","SF":"-1","GIDP":"-1"}},{"pitcher":{,"PLAYERID":"valenvi01","YEARID":"1959","STINT":"1","TEAMID":"WS1","LGID":"AL","W":"0","L":"2","G":"7","GS":"1","CG":"0","SHO":"0","SV":"0","IPOUTS":"32","H":"16","ER":"12","HR":"0","BB":"10","SO":"7","BAOPP":"0.35","ERA":"10.13","IBB":"0","WP":"1","HBP":"1","BK":"0","BFP":"58","GF":"3","R":"12","SH":"-1","SF":"-1","GIDP":"-1"}},{"pitcher":{,"PLAYERID":"walkeje01","YEARID":"1959","STINT":"1","TEAMID":"BAL","LGID":"AL","W":"11","L":"10","G":"30","GS":"22","CG":"7","SHO":"2","SV":"4","IPOUTS":"546","H":"160","ER":"59","HR":"13","BB":"52","SO":"100","BAOPP":"0.24","ERA":"2.92","IBB":"9","WP":"2","HBP":"3","BK":"1","BFP":"736","GF":"6","R":"68","SH":"-1","SF":"-1","GIDP":"-1"}},{"pitcher":{,"PLAYERID":"wallmu01","YEARID":"1959","STINT":"1","TEAMID":"BOS","LGID":"AL","W":"1","L":"4","G":"15","GS":"0","CG":"0","SHO":"0","SV":"3","IPOUTS":"95","H":"31","ER":"19","HR":"5","BB":"15","SO":"8","BAOPP":"0.26","ERA":"5.4","IBB":"4","WP":"1","HBP":"1","BK":"0","BFP":"135","GF":"11","R":"21","SH":"-1","SF":"-1","GIDP":"-1"}},{"pitcher":{,"PLAYERID":"wallmu01","YEARID":"1959","STINT":"3","TEAMID":"BOS","LGID":"AL","W":"1","L":"1","G":"11","GS":"0","CG":"0","SHO":"0","SV":"0","IPOUTS":"52","H":"26","ER":"11","HR":"2","BB":"11","SO":"6","BAOPP":"0.0","ERA":"5.71","IBB":"2","WP":"1","HBP":"0","BK":"0","BFP":"86","GF":"8","R":"11","SH":"-1","SF":"-1","GIDP":"-1"}},{"pitcher":{,"PLAYERID":"wallmu01","YEARID":"1959","STINT":"2","TEAMID":"WS1","LGID":"AL","W":"0","L":"0","G":"1","GS":"0","CG":"0","SHO":"0","SV":"0","IPOUTS":"4","H":"3","ER":"1","HR":"1","BB":"0","SO":"0","BAOPP":"0.6","ERA":"6.75","IBB":"0","WP":"0","HBP":"0","BK":"0","BFP":"5","GF":"0","R":"1","SH":"-1","SF":"-1","GIDP":"-1"}},{"pitcher":{,"PLAYERID":"wilheho01","YEARID":"1959","STINT":"1","TEAMID":"BAL","LGID":"AL","W":"15","L":"11","G":"32","GS":"27","CG":"13","SHO":"3","SV":"0","IPOUTS":"678","H":"178","ER":"55","HR":"13","BB":"77","SO":"139","BAOPP":"0.22","ERA":"2.19","IBB":"3","WP":"5","HBP":"10","BK":"0","BFP":"902","GF":"2","R":"64","SH":"-1","SF":"-1","GIDP":"-1"}},{"pitcher":{,"PLAYERID":"willeca01","YEARID":"1959","STINT":"1","TEAMID":"ML1","LGID":"NL","W":"5","L":"9","G":"26","GS":"15","CG":"5","SHO":"2","SV":"0","IPOUTS":"351","H":"126","ER":"54","HR":"12","BB":"31","SO":"51","BAOPP":"0.27","ERA":"4.15","IBB":"4","WP":"4","HBP":"2","BK":"0","BFP":"503","GF":"4","R":"60","SH":"-1","SF":"-1","GIDP":"-1"}},{"pitcher":{,"PLAYERID":"willido01","YEARID":"1959","STINT":"1","TEAMID":"PIT","LGID":"NL","W":"0","L":"0","G":"6","GS":"0","CG":"0","SHO":"0","SV":"0","IPOUTS":"36","H":"17","ER":"9","HR":"1","BB":"3","SO":"3","BAOPP":"0.36","ERA":"6.75","IBB":"1","WP":"1","HBP":"0","BK":"0","BFP":"53","GF":"2","R":"9","SH":"-1","SF":"-1","GIDP":"-1"}},{"pitcher":{,"PLAYERID":"willist02","YEARID":"1959","STINT":"1","TEAMID":"LAN","LGID":"NL","W":"5","L":"5","G":"35","GS":"15","CG":"2","SHO":"0","SV":"0","IPOUTS":"374","H":"102","ER":"55","HR":"12","BB":"86","SO":"89","BAOPP":"0.22","ERA":"3.97","IBB":"7","WP":"7","HBP":"9","BK":"0","BFP":"558","GF":"8","R":"64","SH":"-1","SF":"-1","GIDP":"-1"}},{"pitcher":{,"PLAYERID":"willste01","YEARID":"1959","STINT":"1","TEAMID":"BOS","LGID":"AL","W":"2","L":"6","G":"9","GS":"8","CG":"2","SHO":"0","SV":"0","IPOUTS":"169","H":"68","ER":"33","HR":"9","BB":"24","SO":"24","BAOPP":"0.3","ERA":"5.27","IBB":"2","WP":"3","HBP":"1","BK":"0","BFP":"254","GF":"1","R":"35","SH":"-1","SF":"-1","GIDP":"-1"}},{"pitcher":{,"PLAYERID":"wilsoea01","YEARID":"1959","STINT":"1","TEAMID":"BOS","LGID":"AL","W":"1","L":"1","G":"9","GS":"4","CG":"0","SHO":"0","SV":"0","IPOUTS":"71","H":"21","ER":"16","HR":"2","BB":"31","SO":"17","BAOPP":"0.24","ERA":"6.08","IBB":"0","WP":"1","HBP":"0","BK":"0","BFP":"122","GF":"3","R":"17","SH":"-1","SF":"-1","GIDP":"-1"}},{"pitcher":{,"PLAYERID":"wittge01","YEARID":"1959","STINT":"1","TEAMID":"PIT","LGID":"NL","W":"0","L":"7","G":"15","GS":"11","CG":"0","SHO":"0","SV":"0","IPOUTS":"152","H":"58","ER":"39","HR":"7","BB":"32","SO":"30","BAOPP":"0.29","ERA":"6.93","IBB":"2","WP":"0","HBP":"1","BK":"1","BFP":"234","GF":"2","R":"43","SH":"-1","SF":"-1","GIDP":"-1"}},{"pitcher":{,"PLAYERID":"woodeha01","YEARID":"1959","STINT":"1","TEAMID":"WS1","LGID":"AL","W":"2","L":"4","G":"31","GS":"3","CG":"0","SHO":"0","SV":"0","IPOUTS":"183","H":"58","ER":"25","HR":"2","BB":"36","SO":"30","BAOPP":"0.25","ERA":"3.69","IBB":"8","WP":"4","HBP":"1","BK":"0","BFP":"277","GF":"9","R":"39","SH":"-1","SF":"-1","GIDP":"-1"}},{"pitcher":{,"PLAYERID":"worthal01","YEARID":"1959","STINT":"1","TEAMID":"SFN","LGID":"NL","W":"2","L":"3","G":"42","GS":"3","CG":"0","SHO":"0","SV":"2","IPOUTS":"220","H":"68","ER":"30","HR":"8","BB":"37","SO":"45","BAOPP":"0.25","ERA":"3.68","IBB":"4","WP":"4","HBP":"5","BK":"0","BFP":"323","GF":"15","R":"34","SH":"-1","SF":"-1","GIDP":"-1"}},{"pitcher":{,"PLAYERID":"wynnea01","YEARID":"1959","STINT":"1","TEAMID":"CHA","LGID":"AL","W":"22","L":"10","G":"37","GS":"37","CG":"14","SHO":"5","SV":"0","IPOUTS":"767","H":"202","ER":"90","HR":"20","BB":"119","SO":"179","BAOPP":"0.21","ERA":"3.17","IBB":"5","WP":"5","HBP":"9","BK":"0","BFP":"1076","GF":"0","R":"106","SH":"-1","SF":"-1","GIDP":"-1"}},{"pitcher":{,"PLAYERID":"zannido01","YEARID":"1959","STINT":"1","TEAMID":"SFN","LGID":"NL","W":"0","L":"0","G":"9","GS":"0","CG":"0","SHO":"0","SV":"0","IPOUTS":"33","H":"12","ER":"8","HR":"2","BB":"8","SO":"11","BAOPP":"0.27","ERA":"6.55","IBB":"0","WP":"1","HBP":"1","BK":"0","BFP":"54","GF":"3","R":"10","SH":"-1","SF":"-1","GIDP":"-1"}},{"pitcher":{,"PLAYERID":"zuverge01","YEARID":"1959","STINT":"1","TEAMID":"BAL","LGID":"AL","W":"0","L":"1","G":"6","GS":"0","CG":"0","SHO":"0","SV":"0","IPOUTS":"39","H":"15","ER":"6","HR":"1","BB":"6","SO":"1","BAOPP":"0.3","ERA":"4.15","IBB":"0","WP":"1","HBP":"0","BK":"0","BFP":"55","GF":"1","R":"7","SH":"-1","SF":"-1","GIDP":"-1"}}]