{"pitchers":[{"pitcher":{,"PLAYERID":"aguirha01","YEARID":"1961","STINT":"1","TEAMID":"DET","LGID":"AL","W":"4","L":"4","G":"45","GS":"0","CG":"0","SHO":"0","SV":"8","IPOUTS":"166","H":"44","ER":"20","HR":"5","BB":"38","SO":"32","BAOPP":"0.22","ERA":"3.25","IBB":"3","WP":"4","HBP":"2","BK":"0","BFP":"244","GF":"21","R":"22","SH":"-1","SF":"-1","GIDP":"-1"}},{"pitcher":{,"PLAYERID":"allenbo04","YEARID":"1961","STINT":"1","TEAMID":"CLE","LGID":"AL","W":"3","L":"2","G":"48","GS":"0","CG":"0","SHO":"0","SV":"3","IPOUTS":"245","H":"96","ER":"34","HR":"7","BB":"40","SO":"42","BAOPP":"0.29","ERA":"3.75","IBB":"5","WP":"4","HBP":"1","BK":"0","BFP":"373","GF":"17","R":"42","SH":"-1","SF":"-1","GIDP":"-1"}},{"pitcher":{,"PLAYERID":"anderbo01","YEARID":"1961","STINT":"1","TEAMID":"CHN","LGID":"NL","W":"7","L":"10","G":"57","GS":"12","CG":"1","SHO":"0","SV":"8","IPOUTS":"456","H":"162","ER":"72","HR":"14","BB":"56","SO":"96","BAOPP":"0.27","ERA":"4.26","IBB":"11","WP":"4","HBP":"2","BK":"0","BFP":"659","GF":"21","R":"85","SH":"-1","SF":"-1","GIDP":"-1"}},{"pitcher":{,"PLAYERID":"andercr01","YEARID":"1961","STINT":"1","TEAMID":"SLN","LGID":"NL","W":"4","L":"3","G":"25","GS":"0","CG":"0","SHO":"0","SV":"1","IPOUTS":"116","H":"38","ER":"14","HR":"3","BB":"12","SO":"21","BAOPP":"0.25","ERA":"3.26","IBB":"0","WP":"3","HBP":"1","BK":"0","BFP":"164","GF":"13","R":"15","SH":"-1","SF":"-1","GIDP":"-1"}},{"pitcher":{,"PLAYERID":"antonjo02","YEARID":"1961","STINT":"1","TEAMID":"CLE","LGID":"AL","W":"0","L":"4","G":"11","GS":"7","CG":"0","SHO":"0","SV":"0","IPOUTS":"144","H":"68","ER":"35","HR":"8","BB":"18","SO":"23","BAOPP":"0.33","ERA":"6.56","IBB":"0","WP":"1","HBP":"1","BK":"0","BFP":"225","GF":"0","R":"39","SH":"-1","SF":"-1","GIDP":"-1"}},{"pitcher":{,"PLAYERID":"antonjo02","YEARID":"1961","STINT":"2","TEAMID":"ML1","LGID":"NL","W":"1","L":"0","G":"9","GS":"0","CG":"0","SHO":"0","SV":"0","IPOUTS":"32","H":"16","ER":"9","HR":"2","BB":"3","SO":"8","BAOPP":"0.34","ERA":"7.59","IBB":"0","WP":"0","HBP":"0","BK":"0","BFP":"51","GF":"4","R":"9","SH":"-1","SF":"-1","GIDP":"-1"}},{"pitcher":{,"PLAYERID":"archeji02","YEARID":"1961","STINT":"1","TEAMID":"KC1","LGID":"AL","W":"9","L":"15","G":"39","GS":"27","CG":"9","SHO":"2","SV":"5","IPOUTS":"616","H":"204","ER":"73","HR":"11","BB":"60","SO":"110","BAOPP":"0.25","ERA":"3.2","IBB":"6","WP":"2","HBP":"5","BK":"4","BFP":"879","GF":"7","R":"99","SH":"-1","SF":"-1","GIDP":"-1"}},{"pitcher":{,"PLAYERID":"arrigge01","YEARID":"1961","STINT":"1","TEAMID":"MIN","LGID":"AL","W":"0","L":"1","G":"7","GS":"2","CG":"0","SHO":"0","SV":"0","IPOUTS":"29","H":"9","ER":"11","HR":"0","BB":"10","SO":"6","BAOPP":"0.26","ERA":"10.24","IBB":"0","WP":"0","HBP":"2","BK":"0","BFP":"51","GF":"3","R":"12","SH":"-1","SF":"-1","GIDP":"-1"}},{"pitcher":{,"PLAYERID":"arroylu01","YEARID":"1961","STINT":"1","TEAMID":"NYA","LGID":"AL","W":"15","L":"5","G":"65","GS":"0","CG":"0","SHO":"0","SV":"29","IPOUTS":"357","H":"83","ER":"29","HR":"5","BB":"49","SO":"87","BAOPP":"0.19","ERA":"2.19","IBB":"8","WP":"4","HBP":"3","BK":"0","BFP":"484","GF":"54","R":"34","SH":"-1","SF":"-1","GIDP":"-1"}},{"pitcher":{,"PLAYERID":"baldsja01","YEARID":"1961","STINT":"1","TEAMID":"PHI","LGID":"NL","W":"5","L":"3","G":"65","GS":"0","CG":"0","SHO":"0","SV":"3","IPOUTS":"299","H":"90","ER":"43","HR":"7","BB":"49","SO":"59","BAOPP":"0.24","ERA":"3.88","IBB":"11","WP":"11","HBP":"5","BK":"0","BFP":"435","GF":"39","R":"53","SH":"-1","SF":"-1","GIDP":"-1"}},{"pitcher":{,"PLAYERID":"barbest01","YEARID":"1961","STINT":"1","TEAMID":"BAL","LGID":"AL","W":"18","L":"12","G":"37","GS":"34","CG":"14","SHO":"8","SV":"1","IPOUTS":"745","H":"194","ER":"92","HR":"13","BB":"130","SO":"150","BAOPP":"0.21","ERA":"3.33","IBB":"4","WP":"9","HBP":"2","BK":"1","BFP":"1040","GF":"1","R":"102","SH":"-1","SF":"-1","GIDP":"-1"}},{"pitcher":{,"PLAYERID":"bassno01","YEARID":"1961","STINT":"1","TEAMID":"KC1","LGID":"AL","W":"11","L":"11","G":"40","GS":"23","CG":"6","SHO":"2","SV":"0","IPOUTS":"512","H":"164","ER":"89","HR":"17","BB":"82","SO":"74","BAOPP":"0.25","ERA":"4.69","IBB":"0","WP":"5","HBP":"4","BK":"0","BFP":"744","GF":"9","R":"98","SH":"-1","SF":"-1","GIDP":"-1"}},{"pitcher":{,"PLAYERID":"baumafr01","YEARID":"1961","STINT":"1","TEAMID":"CHA","LGID":"AL","W":"10","L":"13","G":"53","GS":"23","CG":"5","SHO":"1","SV":"3","IPOUTS":"563","H":"249","ER":"117","HR":"22","BB":"59","SO":"75","BAOPP":"0.31","ERA":"5.61","IBB":"4","WP":"3","HBP":"2","BK":"0","BFP":"860","GF":"13","R":"128","SH":"-1","SF":"-1","GIDP":"-1"}},{"pitcher":{,"PLAYERID":"bautaed01","YEARID":"1961","STINT":"1","TEAMID":"SLN","LGID":"NL","W":"2","L":"0","G":"13","GS":"0","CG":"0","SHO":"0","SV":"5","IPOUTS":"58","H":"12","ER":"3","HR":"2","BB":"5","SO":"12","BAOPP":"0.17","ERA":"1.4","IBB":"1","WP":"0","HBP":"0","BK":"0","BFP":"76","GF":"9","R":"5","SH":"-1","SF":"-1","GIDP":"-1"}},{"pitcher":{,"PLAYERID":"becquju01","YEARID":"1961","STINT":"2","TEAMID":"MIN","LGID":"AL","W":"0","L":"0","G":"1","GS":"0","CG":"0","SHO":"0","SV":"0","IPOUTS":"4","H":"4","ER":"3","HR":"0","BB":"1","SO":"0","BAOPP":"0.5","ERA":"20.25","IBB":"0","WP":"0","HBP":"0","BK":"0","BFP":"9","GF":"1","R":"3","SH":"-1","SF":"-1","GIDP":"-1"}},{"pitcher":{,"PLAYERID":"bellga01","YEARID":"1961","STINT":"1","TEAMID":"CLE","LGID":"AL","W":"12","L":"16","G":"34","GS":"34","CG":"11","SHO":"2","SV":"0","IPOUTS":"685","H":"214","ER":"104","HR":"32","BB":"100","SO":"163","BAOPP":"0.24","ERA":"4.1","IBB":"2","WP":"3","HBP":"6","BK":"0","BFP":"994","GF":"0","R":"125","SH":"-1","SF":"-1","GIDP":"-1"}},{"pitcher":{,"PLAYERID":"bolinbo01","YEARID":"1961","STINT":"1","TEAMID":"SFN","LGID":"NL","W":"2","L":"2","G":"37","GS":"1","CG":"0","SHO":"0","SV":"5","IPOUTS":"144","H":"37","ER":"17","HR":"6","BB":"37","SO":"48","BAOPP":"0.21","ERA":"3.19","IBB":"8","WP":"4","HBP":"3","BK":"1","BFP":"224","GF":"18","R":"20","SH":"-1","SF":"-1","GIDP":"-1"}},{"pitcher":{,"PLAYERID":"borlato01","YEARID":"1961","STINT":"1","TEAMID":"BOS","LGID":"AL","W":"0","L":"0","G":"1","GS":"0","CG":"0","SHO":"0","SV":"0","IPOUTS":"3","H":"3","ER":"2","HR":"0","BB":"0","SO":"0","BAOPP":"0.5","ERA":"18.0","IBB":"0","WP":"0","HBP":"0","BK":"0","BFP":"6","GF":"1","R":"2","SH":"-1","SF":"-1","GIDP":"-1"}},{"pitcher":{,"PLAYERID":"bouldca01","YEARID":"1961","STINT":"1","TEAMID":"WS2","LGID":"AL","W":"0","L":"1","G":"2","GS":"1","CG":"0","SHO":"0","SV":"0","IPOUTS":"10","H":"9","ER":"6","HR":"0","BB":"2","SO":"2","BAOPP":"0.5","ERA":"16.2","IBB":"0","WP":"1","HBP":"0","BK":"0","BFP":"20","GF":"0","R":"6","SH":"-1","SF":"-1","GIDP":"-1"}},{"pitcher":{,"PLAYERID":"bowsfte01","YEARID":"1961","STINT":"1","TEAMID":"LAA","LGID":"AL","W":"11","L":"8","G":"41","GS":"21","CG":"4","SHO":"1","SV":"0","IPOUTS":"471","H":"154","ER":"65","HR":"18","BB":"63","SO":"88","BAOPP":"0.25","ERA":"3.73","IBB":"3","WP":"3","HBP":"1","BK":"0","BFP":"683","GF":"6","R":"75","SH":"-1","SF":"-1","GIDP":"-1"}},{"pitcher":{,"PLAYERID":"breweji01","YEARID":"1961","STINT":"1","TEAMID":"CHN","LGID":"NL","W":"1","L":"7","G":"36","GS":"11","CG":"0","SHO":"0","SV":"0","IPOUTS":"260","H":"116","ER":"56","HR":"17","BB":"21","SO":"57","BAOPP":"0.32","ERA":"5.82","IBB":"2","WP":"4","HBP":"1","BK":"0","BFP":"388","GF":"11","R":"65","SH":"-1","SF":"-1","GIDP":"-1"}},{"pitcher":{,"PLAYERID":"breweto01","YEARID":"1961","STINT":"1","TEAMID":"BOS","LGID":"AL","W":"3","L":"2","G":"10","GS":"9","CG":"0","SHO":"0","SV":"0","IPOUTS":"126","H":"37","ER":"16","HR":"4","BB":"29","SO":"13","BAOPP":"0.24","ERA":"3.43","IBB":"0","WP":"4","HBP":"0","BK":"0","BFP":"189","GF":"1","R":"21","SH":"-1","SF":"-1","GIDP":"-1"}},{"pitcher":{,"PLAYERID":"briceal01","YEARID":"1961","STINT":"1","TEAMID":"CHA","LGID":"AL","W":"0","L":"1","G":"3","GS":"0","CG":"0","SHO":"0","SV":"0","IPOUTS":"10","H":"4","ER":"0","HR":"0","BB":"3","SO":"3","BAOPP":"0.3","ERA":"0.0","IBB":"0","WP":"0","HBP":"0","BK":"0","BFP":"16","GF":"0","R":"2","SH":"-1","SF":"-1","GIDP":"-1"}},{"pitcher":{,"PLAYERID":"bridgma01","YEARID":"1961","STINT":"1","TEAMID":"CIN","LGID":"NL","W":"0","L":"1","G":"13","GS":"0","CG":"0","SHO":"0","SV":"0","IPOUTS":"62","H":"26","ER":"18","HR":"4","BB":"11","SO":"17","BAOPP":"0.31","ERA":"7.84","IBB":"0","WP":"1","HBP":"1","BK":"0","BFP":"98","GF":"5","R":"19","SH":"-1","SF":"-1","GIDP":"-1"}},{"pitcher":{,"PLAYERID":"brogler01","YEARID":"1961","STINT":"1","TEAMID":"SLN","LGID":"NL","W":"9","L":"12","G":"29","GS":"26","CG":"7","SHO":"2","SV":"0","IPOUTS":"524","H":"166","ER":"80","HR":"19","BB":"75","SO":"113","BAOPP":"0.24","ERA":"4.12","IBB":"5","WP":"1","HBP":"1","BK":"0","BFP":"762","GF":"2","R":"97","SH":"-1","SF":"-1","GIDP":"-1"}},{"pitcher":{,"PLAYERID":"brosnji01","YEARID":"1961","STINT":"1","TEAMID":"CIN","LGID":"NL","W":"10","L":"4","G":"53","GS":"0","CG":"0","SHO":"0","SV":"16","IPOUTS":"240","H":"77","ER":"27","HR":"7","BB":"18","SO":"40","BAOPP":"0.24","ERA":"3.04","IBB":"3","WP":"1","HBP":"0","BK":"1","BFP":"335","GF":"34","R":"34","SH":"-1","SF":"-1","GIDP":"-1"}},{"pitcher":{,"PLAYERID":"brownha01","YEARID":"1961","STINT":"1","TEAMID":"BAL","LGID":"AL","W":"10","L":"6","G":"27","GS":"23","CG":"6","SHO":"3","SV":"1","IPOUTS":"500","H":"153","ER":"59","HR":"14","BB":"33","SO":"61","BAOPP":"0.24","ERA":"3.19","IBB":"0","WP":"3","HBP":"1","BK":"0","BFP":"668","GF":"3","R":"62","SH":"-1","SF":"-1","GIDP":"-1"}},{"pitcher":{,"PLAYERID":"brownpa01","YEARID":"1961","STINT":"1","TEAMID":"PHI","LGID":"NL","W":"0","L":"1","G":"5","GS":"1","CG":"0","SHO":"0","SV":"0","IPOUTS":"30","H":"13","ER":"9","HR":"3","BB":"8","SO":"1","BAOPP":"0.32","ERA":"8.1","IBB":"0","WP":"0","HBP":"1","BK":"0","BFP":"50","GF":"1","R":"9","SH":"-1","SF":"-1","GIDP":"-1"}},{"pitcher":{,"PLAYERID":"brucebo01","YEARID":"1961","STINT":"1","TEAMID":"DET","LGID":"AL","W":"1","L":"2","G":"14","GS":"6","CG":"0","SHO":"0","SV":"0","IPOUTS":"134","H":"57","ER":"22","HR":"6","BB":"24","SO":"25","BAOPP":"0.32","ERA":"4.43","IBB":"2","WP":"0","HBP":"2","BK":"0","BFP":"210","GF":"2","R":"28","SH":"-1","SF":"-1","GIDP":"-1"}},{"pitcher":{,"PLAYERID":"bruckfr01","YEARID":"1961","STINT":"1","TEAMID":"MIN","LGID":"AL","W":"0","L":"0","G":"1","GS":"0","CG":"0","SHO":"0","SV":"0","IPOUTS":"0","H":"3","ER":"3","HR":"0","BB":"1","SO":"0","BAOPP":"1.0","ERA":"-1.0","IBB":"0","WP":"0","HBP":"0","BK":"0","BFP":"4","GF":"0","R":"3","SH":"-1","SF":"-1","GIDP":"-1"}},{"pitcher":{,"PLAYERID":"brunege01","YEARID":"1961","STINT":"1","TEAMID":"ML1","LGID":"NL","W":"0","L":"0","G":"5","GS":"0","CG":"0","SHO":"0","SV":"0","IPOUTS":"15","H":"7","ER":"3","HR":"1","BB":"2","SO":"0","BAOPP":"0.41","ERA":"5.4","IBB":"0","WP":"1","HBP":"0","BK":"0","BFP":"23","GF":"3","R":"3","SH":"-1","SF":"-1","GIDP":"-1"}},{"pitcher":{,"PLAYERID":"buhlbo01","YEARID":"1961","STINT":"1","TEAMID":"ML1","LGID":"NL","W":"9","L":"10","G":"32","GS":"28","CG":"9","SHO":"1","SV":"0","IPOUTS":"565","H":"180","ER":"86","HR":"23","BB":"98","SO":"77","BAOPP":"0.25","ERA":"4.11","IBB":"4","WP":"3","HBP":"5","BK":"0","BFP":"820","GF":"2","R":"99","SH":"-1","SF":"-1","GIDP":"-1"}},{"pitcher":{,"PLAYERID":"bunniji01","YEARID":"1961","STINT":"1","TEAMID":"DET","LGID":"AL","W":"17","L":"11","G":"38","GS":"37","CG":"12","SHO":"4","SV":"1","IPOUTS":"804","H":"232","ER":"95","HR":"25","BB":"71","SO":"194","BAOPP":"0.22","ERA":"3.19","IBB":"3","WP":"2","HBP":"9","BK":"0","BFP":"1110","GF":"1","R":"113","SH":"-1","SF":"-1","GIDP":"-1"}},{"pitcher":{,"PLAYERID":"burdele01","YEARID":"1961","STINT":"1","TEAMID":"ML1","LGID":"NL","W":"18","L":"11","G":"40","GS":"36","CG":"14","SHO":"3","SV":"0","IPOUTS":"817","H":"295","ER":"121","HR":"31","BB":"33","SO":"92","BAOPP":"0.27","ERA":"4.0","IBB":"3","WP":"1","HBP":"3","BK":"1","BFP":"1126","GF":"4","R":"131","SH":"-1","SF":"-1","GIDP":"-1"}},{"pitcher":{,"PLAYERID":"burnspe01","YEARID":"1961","STINT":"1","TEAMID":"WS2","LGID":"AL","W":"4","L":"9","G":"33","GS":"16","CG":"4","SHO":"2","SV":"2","IPOUTS":"340","H":"106","ER":"57","HR":"11","BB":"51","SO":"56","BAOPP":"0.25","ERA":"4.53","IBB":"2","WP":"3","HBP":"3","BK":"0","BFP":"492","GF":"9","R":"66","SH":"-1","SF":"-1","GIDP":"-1"}},{"pitcher":{,"PLAYERID":"burwedi01","YEARID":"1961","STINT":"1","TEAMID":"CHN","LGID":"NL","W":"0","L":"0","G":"2","GS":"0","CG":"0","SHO":"0","SV":"0","IPOUTS":"12","H":"6","ER":"4","HR":"0","BB":"4","SO":"0","BAOPP":"0.37","ERA":"9.0","IBB":"0","WP":"1","HBP":"0","BK":"0","BFP":"21","GF":"0","R":"4","SH":"-1","SF":"-1","GIDP":"-1"}},{"pitcher":{,"PLAYERID":"buzhajo01","YEARID":"1961","STINT":"1","TEAMID":"PHI","LGID":"NL","W":"6","L":"18","G":"41","GS":"27","CG":"6","SHO":"1","SV":"0","IPOUTS":"607","H":"200","ER":"101","HR":"28","BB":"65","SO":"92","BAOPP":"0.26","ERA":"4.49","IBB":"6","WP":"3","HBP":"6","BK":"0","BFP":"848","GF":"4","R":"107","SH":"-1","SF":"-1","GIDP":"-1"}},{"pitcher":{,"PLAYERID":"cardwdo01","YEARID":"1961","STINT":"1","TEAMID":"CHN","LGID":"NL","W":"15","L":"14","G":"39","GS":"38","CG":"13","SHO":"3","SV":"0","IPOUTS":"778","H":"243","ER":"110","HR":"22","BB":"88","SO":"156","BAOPP":"0.24","ERA":"3.82","IBB":"0","WP":"6","HBP":"10","BK":"2","BFP":"1106","GF":"1","R":"121","SH":"-1","SF":"-1","GIDP":"-1"}},{"pitcher":{,"PLAYERID":"casalje01","YEARID":"1961","STINT":"2","TEAMID":"DET","LGID":"AL","W":"0","L":"0","G":"3","GS":"1","CG":"0","SHO":"0","SV":"0","IPOUTS":"36","H":"15","ER":"7","HR":"3","BB":"3","SO":"6","BAOPP":"0.31","ERA":"5.25","IBB":"0","WP":"2","HBP":"0","BK":"0","BFP":"51","GF":"0","R":"8","SH":"-1","SF":"-1","GIDP":"-1"}},{"pitcher":{,"PLAYERID":"casalje01","YEARID":"1961","STINT":"1","TEAMID":"LAA","LGID":"AL","W":"1","L":"5","G":"13","GS":"7","CG":"0","SHO":"0","SV":"1","IPOUTS":"128","H":"52","ER":"31","HR":"9","BB":"25","SO":"35","BAOPP":"0.29","ERA":"6.54","IBB":"0","WP":"6","HBP":"1","BK":"0","BFP":"202","GF":"1","R":"34","SH":"-1","SF":"-1","GIDP":"-1"}},{"pitcher":{,"PLAYERID":"chancde01","YEARID":"1961","STINT":"1","TEAMID":"LAA","LGID":"AL","W":"0","L":"2","G":"5","GS":"4","CG":"0","SHO":"0","SV":"0","IPOUTS":"55","H":"33","ER":"14","HR":"0","BB":"5","SO":"11","BAOPP":"0.41","ERA":"6.87","IBB":"1","WP":"1","HBP":"1","BK":"0","BFP":"88","GF":"1","R":"15","SH":"-1","SF":"-1","GIDP":"-1"}},{"pitcher":{,"PLAYERID":"cheneto01","YEARID":"1961","STINT":"2","TEAMID":"WS2","LGID":"AL","W":"1","L":"3","G":"10","GS":"7","CG":"0","SHO":"0","SV":"0","IPOUTS":"89","H":"32","ER":"29","HR":"8","BB":"26","SO":"20","BAOPP":"0.28","ERA":"8.8","IBB":"0","WP":"3","HBP":"0","BK":"0","BFP":"143","GF":"2","R":"30","SH":"-1","SF":"-1","GIDP":"-1"}},{"pitcher":{,"PLAYERID":"cheneto01","YEARID":"1961","STINT":"1","TEAMID":"PIT","LGID":"NL","W":"0","L":"0","G":"1","GS":"0","CG":"0","SHO":"0","SV":"0","IPOUTS":"0","H":"1","ER":"4","HR":"1","BB":"4","SO":"0","BAOPP":"0.5","ERA":"-1.0","IBB":"0","WP":"1","HBP":"0","BK":"0","BFP":"6","GF":"0","R":"5","SH":"-1","SF":"-1","GIDP":"-1"}},{"pitcher":{,"PLAYERID":"cicotal01","YEARID":"1961","STINT":"1","TEAMID":"SLN","LGID":"NL","W":"2","L":"6","G":"29","GS":"7","CG":"0","SHO":"0","SV":"1","IPOUTS":"225","H":"83","ER":"44","HR":"16","BB":"34","SO":"51","BAOPP":"0.28","ERA":"5.28","IBB":"2","WP":"3","HBP":"2","BK":"0","BFP":"333","GF":"9","R":"47","SH":"-1","SF":"-1","GIDP":"-1"}},{"pitcher":{,"PLAYERID":"ciscoga01","YEARID":"1961","STINT":"1","TEAMID":"BOS","LGID":"AL","W":"2","L":"4","G":"17","GS":"8","CG":"0","SHO":"0","SV":"0","IPOUTS":"157","H":"67","ER":"39","HR":"5","BB":"28","SO":"26","BAOPP":"0.32","ERA":"6.71","IBB":"0","WP":"1","HBP":"0","BK":"1","BFP":"242","GF":"4","R":"40","SH":"-1","SF":"-1","GIDP":"-1"}},{"pitcher":{,"PLAYERID":"clevete01","YEARID":"1961","STINT":"1","TEAMID":"LAA","LGID":"AL","W":"2","L":"1","G":"12","GS":"0","CG":"0","SHO":"0","SV":"1","IPOUTS":"48","H":"13","ER":"3","HR":"1","BB":"13","SO":"11","BAOPP":"0.22","ERA":"1.69","IBB":"1","WP":"1","HBP":"0","BK":"0","BFP":"72","GF":"7","R":"5","SH":"-1","SF":"-1","GIDP":"-1"}},{"pitcher":{,"PLAYERID":"clevete01","YEARID":"1961","STINT":"2","TEAMID":"NYA","LGID":"AL","W":"1","L":"1","G":"21","GS":"0","CG":"0","SHO":"0","SV":"0","IPOUTS":"95","H":"35","ER":"17","HR":"3","BB":"21","SO":"14","BAOPP":"0.28","ERA":"4.83","IBB":"1","WP":"2","HBP":"1","BK":"0","BFP":"146","GF":"9","R":"20","SH":"-1","SF":"-1","GIDP":"-1"}},{"pitcher":{,"PLAYERID":"clonito01","YEARID":"1961","STINT":"1","TEAMID":"ML1","LGID":"NL","W":"7","L":"2","G":"19","GS":"10","CG":"3","SHO":"0","SV":"0","IPOUTS":"252","H":"84","ER":"49","HR":"16","BB":"33","SO":"51","BAOPP":"0.25","ERA":"5.25","IBB":"1","WP":"7","HBP":"1","BK":"4","BFP":"363","GF":"4","R":"49","SH":"-1","SF":"-1","GIDP":"-1"}},{"pitcher":{,"PLAYERID":"coateji01","YEARID":"1961","STINT":"1","TEAMID":"NYA","LGID":"AL","W":"11","L":"5","G":"43","GS":"11","CG":"4","SHO":"1","SV":"5","IPOUTS":"424","H":"128","ER":"54","HR":"15","BB":"53","SO":"80","BAOPP":"0.24","ERA":"3.44","IBB":"0","WP":"2","HBP":"7","BK":"0","BFP":"595","GF":"15","R":"60","SH":"-1","SF":"-1","GIDP":"-1"}},{"pitcher":{,"PLAYERID":"conlege01","YEARID":"1961","STINT":"1","TEAMID":"BOS","LGID":"AL","W":"11","L":"14","G":"33","GS":"30","CG":"6","SHO":"2","SV":"1","IPOUTS":"599","H":"229","ER":"109","HR":"33","BB":"65","SO":"113","BAOPP":"0.28","ERA":"4.91","IBB":"2","WP":"0","HBP":"3","BK":"0","BFP":"877","GF":"3","R":"116","SH":"-1","SF":"-1","GIDP":"-1"}},{"pitcher":{,"PLAYERID":"craigro01","YEARID":"1961","STINT":"1","TEAMID":"LAN","LGID":"NL","W":"5","L":"6","G":"40","GS":"14","CG":"2","SHO":"0","SV":"2","IPOUTS":"338","H":"130","ER":"77","HR":"22","BB":"52","SO":"63","BAOPP":"0.28","ERA":"6.15","IBB":"7","WP":"7","HBP":"4","BK":"1","BFP":"513","GF":"7","R":"87","SH":"-1","SF":"-1","GIDP":"-1"}},{"pitcher":{,"PLAYERID":"cuetobe01","YEARID":"1961","STINT":"1","TEAMID":"MIN","LGID":"AL","W":"1","L":"3","G":"7","GS":"5","CG":"0","SHO":"0","SV":"0","IPOUTS":"64","H":"27","ER":"17","HR":"7","BB":"10","SO":"5","BAOPP":"0.3","ERA":"7.17","IBB":"0","WP":"0","HBP":"1","BK":"0","BFP":"102","GF":"0","R":"24","SH":"-1","SF":"-1","GIDP":"-1"}},{"pitcher":{,"PLAYERID":"curtija01","YEARID":"1961","STINT":"1","TEAMID":"CHN","LGID":"NL","W":"10","L":"13","G":"31","GS":"27","CG":"6","SHO":"0","SV":"0","IPOUTS":"541","H":"220","ER":"98","HR":"23","BB":"51","SO":"57","BAOPP":"0.3","ERA":"4.89","IBB":"6","WP":"1","HBP":"1","BK":"0","BFP":"802","GF":"2","R":"117","SH":"-1","SF":"-1","GIDP":"-1"}},{"pitcher":{,"PLAYERID":"dailebi01","YEARID":"1961","STINT":"1","TEAMID":"CLE","LGID":"AL","W":"1","L":"0","G":"12","GS":"0","CG":"0","SHO":"0","SV":"0","IPOUTS":"57","H":"16","ER":"2","HR":"0","BB":"6","SO":"7","BAOPP":"0.23","ERA":"0.95","IBB":"1","WP":"2","HBP":"0","BK":"0","BFP":"76","GF":"10","R":"4","SH":"-1","SF":"-1","GIDP":"-1"}},{"pitcher":{,"PLAYERID":"daleybu01","YEARID":"1961","STINT":"2","TEAMID":"NYA","LGID":"AL","W":"8","L":"9","G":"23","GS":"17","CG":"7","SHO":"0","SV":"0","IPOUTS":"389","H":"127","ER":"57","HR":"17","BB":"51","SO":"83","BAOPP":"0.25","ERA":"3.96","IBB":"6","WP":"1","HBP":"4","BK":"1","BFP":"558","GF":"0","R":"63","SH":"-1","SF":"-1","GIDP":"-1"}},{"pitcher":{,"PLAYERID":"daleybu01","YEARID":"1961","STINT":"1","TEAMID":"KC1","LGID":"AL","W":"4","L":"8","G":"16","GS":"10","CG":"2","SHO":"0","SV":"1","IPOUTS":"191","H":"84","ER":"35","HR":"6","BB":"22","SO":"36","BAOPP":"0.31","ERA":"4.95","IBB":"2","WP":"0","HBP":"5","BK":"0","BFP":"296","GF":"4","R":"46","SH":"-1","SF":"-1","GIDP":"-1"}},{"pitcher":{,"PLAYERID":"daniebe02","YEARID":"1961","STINT":"1","TEAMID":"WS2","LGID":"AL","W":"12","L":"11","G":"32","GS":"28","CG":"12","SHO":"1","SV":"0","IPOUTS":"636","H":"184","ER":"81","HR":"14","BB":"80","SO":"110","BAOPP":"0.23","ERA":"3.44","IBB":"8","WP":"5","HBP":"3","BK":"1","BFP":"876","GF":"1","R":"90","SH":"-1","SF":"-1","GIDP":"-1"}},{"pitcher":{,"PLAYERID":"degermi01","YEARID":"1961","STINT":"1","TEAMID":"CHA","LGID":"AL","W":"0","L":"0","G":"1","GS":"0","CG":"0","SHO":"0","SV":"0","IPOUTS":"5","H":"2","ER":"1","HR":"0","BB":"1","SO":"0","BAOPP":"0.4","ERA":"5.4","IBB":"0","WP":"1","HBP":"0","BK":"0","BFP":"7","GF":"0","R":"1","SH":"-1","SF":"-1","GIDP":"-1"}},{"pitcher":{,"PLAYERID":"delocik01","YEARID":"1961","STINT":"1","TEAMID":"BOS","LGID":"AL","W":"6","L":"9","G":"28","GS":"28","CG":"3","SHO":"1","SV":"0","IPOUTS":"468","H":"185","ER":"85","HR":"24","BB":"52","SO":"80","BAOPP":"0.29","ERA":"4.9","IBB":"2","WP":"2","HBP":"2","BK":"0","BFP":"698","GF":"0","R":"110","SH":"-1","SF":"-1","GIDP":"-1"}},{"pitcher":{,"PLAYERID":"ditmaar01","YEARID":"1961","STINT":"1","TEAMID":"NYA","LGID":"AL","W":"2","L":"3","G":"12","GS":"8","CG":"1","SHO":"0","SV":"0","IPOUTS":"163","H":"59","ER":"28","HR":"9","BB":"14","SO":"24","BAOPP":"0.28","ERA":"4.64","IBB":"0","WP":"1","HBP":"2","BK":"0","BFP":"231","GF":"1","R":"33","SH":"-1","SF":"-1","GIDP":"-1"}},{"pitcher":{,"PLAYERID":"ditmaar01","YEARID":"1961","STINT":"2","TEAMID":"KC1","LGID":"AL","W":"0","L":"5","G":"20","GS":"5","CG":"0","SHO":"0","SV":"1","IPOUTS":"162","H":"60","ER":"34","HR":"6","BB":"23","SO":"19","BAOPP":"0.28","ERA":"5.67","IBB":"1","WP":"1","HBP":"2","BK":"0","BFP":"242","GF":"2","R":"34","SH":"-1","SF":"-1","GIDP":"-1"}},{"pitcher":{,"PLAYERID":"donohji01","YEARID":"1961","STINT":"1","TEAMID":"DET","LGID":"AL","W":"1","L":"1","G":"14","GS":"0","CG":"0","SHO":"0","SV":"1","IPOUTS":"61","H":"23","ER":"8","HR":"2","BB":"15","SO":"20","BAOPP":"0.28","ERA":"3.54","IBB":"2","WP":"2","HBP":"0","BK":"0","BFP":"98","GF":"8","R":"10","SH":"-1","SF":"-1","GIDP":"-1"}},{"pitcher":{,"PLAYERID":"donohji01","YEARID":"1961","STINT":"2","TEAMID":"LAA","LGID":"AL","W":"4","L":"6","G":"38","GS":"7","CG":"0","SHO":"0","SV":"5","IPOUTS":"301","H":"93","ER":"48","HR":"16","BB":"50","SO":"79","BAOPP":"0.24","ERA":"4.31","IBB":"4","WP":"2","HBP":"0","BK":"0","BFP":"435","GF":"15","R":"48","SH":"-1","SF":"-1","GIDP":"-1"}},{"pitcher":{,"PLAYERID":"donovdi01","YEARID":"1961","STINT":"1","TEAMID":"WS2","LGID":"AL","W":"10","L":"10","G":"23","GS":"22","CG":"11","SHO":"2","SV":"0","IPOUTS":"506","H":"138","ER":"45","HR":"10","BB":"35","SO":"62","BAOPP":"0.22","ERA":"2.4","IBB":"3","WP":"0","HBP":"3","BK":"0","BFP":"671","GF":"0","R":"60","SH":"-1","SF":"-1","GIDP":"-1"}},{"pitcher":{,"PLAYERID":"dottega01","YEARID":"1961","STINT":"1","TEAMID":"MIN","LGID":"AL","W":"0","L":"0","G":"2","GS":"0","CG":"0","SHO":"0","SV":"0","IPOUTS":"18","H":"6","ER":"6","HR":"0","BB":"4","SO":"2","BAOPP":"0.27","ERA":"9.0","IBB":"1","WP":"0","HBP":"0","BK":"0","BFP":"28","GF":"0","R":"6","SH":"-1","SF":"-1","GIDP":"-1"}},{"pitcher":{,"PLAYERID":"downial01","YEARID":"1961","STINT":"1","TEAMID":"NYA","LGID":"AL","W":"0","L":"1","G":"5","GS":"1","CG":"0","SHO":"0","SV":"0","IPOUTS":"27","H":"7","ER":"8","HR":"0","BB":"12","SO":"12","BAOPP":"0.21","ERA":"8.0","IBB":"0","WP":"1","HBP":"1","BK":"1","BFP":"47","GF":"3","R":"8","SH":"-1","SF":"-1","GIDP":"-1"}},{"pitcher":{,"PLAYERID":"drabomo01","YEARID":"1961","STINT":"1","TEAMID":"ML1","LGID":"NL","W":"0","L":"2","G":"16","GS":"0","CG":"0","SHO":"0","SV":"2","IPOUTS":"76","H":"26","ER":"13","HR":"4","BB":"18","SO":"5","BAOPP":"0.27","ERA":"4.62","IBB":"3","WP":"1","HBP":"1","BK":"1","BFP":"118","GF":"7","R":"15","SH":"-1","SF":"-1","GIDP":"-1"}},{"pitcher":{,"PLAYERID":"drottdi01","YEARID":"1961","STINT":"1","TEAMID":"CHN","LGID":"NL","W":"1","L":"4","G":"35","GS":"8","CG":"0","SHO":"0","SV":"0","IPOUTS":"294","H":"75","ER":"46","HR":"13","BB":"51","SO":"48","BAOPP":"0.21","ERA":"4.22","IBB":"0","WP":"7","HBP":"1","BK":"1","BFP":"414","GF":"12","R":"54","SH":"-1","SF":"-1","GIDP":"-1"}},{"pitcher":{,"PLAYERID":"drysddo01","YEARID":"1961","STINT":"1","TEAMID":"LAN","LGID":"NL","W":"13","L":"10","G":"40","GS":"37","CG":"10","SHO":"3","SV":"0","IPOUTS":"732","H":"236","ER":"100","HR":"29","BB":"83","SO":"182","BAOPP":"0.25","ERA":"3.69","IBB":"15","WP":"7","HBP":"20","BK":"1","BFP":"1047","GF":"2","R":"111","SH":"-1","SF":"-1","GIDP":"-1"}},{"pitcher":{,"PLAYERID":"duffaji01","YEARID":"1961","STINT":"1","TEAMID":"SFN","LGID":"NL","W":"5","L":"1","G":"24","GS":"4","CG":"1","SHO":"0","SV":"1","IPOUTS":"185","H":"59","ER":"29","HR":"9","BB":"32","SO":"37","BAOPP":"0.25","ERA":"4.23","IBB":"7","WP":"1","HBP":"2","BK":"0","BFP":"271","GF":"7","R":"31","SH":"-1","SF":"-1","GIDP":"-1"}},{"pitcher":{,"PLAYERID":"durenry01","YEARID":"1961","STINT":"2","TEAMID":"LAA","LGID":"AL","W":"6","L":"12","G":"40","GS":"14","CG":"1","SHO":"1","SV":"2","IPOUTS":"297","H":"87","ER":"57","HR":"13","BB":"75","SO":"108","BAOPP":"0.23","ERA":"5.18","IBB":"1","WP":"7","HBP":"3","BK":"0","BFP":"460","GF":"9","R":"70","SH":"-1","SF":"-1","GIDP":"-1"}},{"pitcher":{,"PLAYERID":"durenry01","YEARID":"1961","STINT":"1","TEAMID":"NYA","LGID":"AL","W":"0","L":"1","G":"4","GS":"0","CG":"0","SHO":"0","SV":"0","IPOUTS":"15","H":"2","ER":"3","HR":"2","BB":"4","SO":"7","BAOPP":"0.12","ERA":"5.4","IBB":"0","WP":"0","HBP":"0","BK":"0","BFP":"21","GF":"2","R":"3","SH":"-1","SF":"-1","GIDP":"-1"}},{"pitcher":{,"PLAYERID":"earlear01","YEARID":"1961","STINT":"1","TEAMID":"BOS","LGID":"AL","W":"2","L":"4","G":"33","GS":"0","CG":"0","SHO":"0","SV":"7","IPOUTS":"149","H":"42","ER":"22","HR":"3","BB":"34","SO":"44","BAOPP":"0.22","ERA":"3.99","IBB":"3","WP":"2","HBP":"0","BK":"0","BFP":"223","GF":"22","R":"31","SH":"-1","SF":"-1","GIDP":"-1"}},{"pitcher":{,"PLAYERID":"ellswdi01","YEARID":"1961","STINT":"1","TEAMID":"CHN","LGID":"NL","W":"10","L":"11","G":"37","GS":"31","CG":"7","SHO":"1","SV":"0","IPOUTS":"560","H":"213","ER":"80","HR":"23","BB":"48","SO":"91","BAOPP":"0.29","ERA":"3.86","IBB":"3","WP":"9","HBP":"3","BK":"0","BFP":"799","GF":"2","R":"90","SH":"-1","SF":"-1","GIDP":"-1"}},{"pitcher":{,"PLAYERID":"elstodo01","YEARID":"1961","STINT":"1","TEAMID":"CHN","LGID":"NL","W":"6","L":"7","G":"58","GS":"0","CG":"0","SHO":"0","SV":"8","IPOUTS":"280","H":"108","ER":"58","HR":"11","BB":"45","SO":"59","BAOPP":"0.29","ERA":"5.59","IBB":"12","WP":"3","HBP":"6","BK":"0","BFP":"421","GF":"32","R":"64","SH":"-1","SF":"-1","GIDP":"-1"}},{"pitcher":{,"PLAYERID":"estrach01","YEARID":"1961","STINT":"1","TEAMID":"BAL","LGID":"AL","W":"15","L":"9","G":"33","GS":"31","CG":"6","SHO":"1","SV":"0","IPOUTS":"636","H":"159","ER":"87","HR":"19","BB":"132","SO":"160","BAOPP":"0.2","ERA":"3.69","IBB":"0","WP":"8","HBP":"10","BK":"2","BFP":"924","GF":"1","R":"91","SH":"-1","SF":"-1","GIDP":"-1"}},{"pitcher":{,"PLAYERID":"facero01","YEARID":"1961","STINT":"1","TEAMID":"PIT","LGID":"NL","W":"6","L":"12","G":"62","GS":"0","CG":"0","SHO":"0","SV":"17","IPOUTS":"276","H":"94","ER":"39","HR":"12","BB":"10","SO":"55","BAOPP":"0.26","ERA":"3.82","IBB":"4","WP":"5","HBP":"1","BK":"0","BFP":"373","GF":"47","R":"44","SH":"-1","SF":"-1","GIDP":"-1"}},{"pitcher":{,"PLAYERID":"farretu01","YEARID":"1961","STINT":"2","TEAMID":"LAN","LGID":"NL","W":"6","L":"6","G":"50","GS":"0","CG":"0","SHO":"0","SV":"10","IPOUTS":"267","H":"107","ER":"50","HR":"12","BB":"43","SO":"80","BAOPP":"0.29","ERA":"5.06","IBB":"14","WP":"10","HBP":"1","BK":"0","BFP":"414","GF":"28","R":"56","SH":"-1","SF":"-1","GIDP":"-1"}},{"pitcher":{,"PLAYERID":"farretu01","YEARID":"1961","STINT":"1","TEAMID":"PHI","LGID":"NL","W":"2","L":"1","G":"5","GS":"0","CG":"0","SHO":"0","SV":"0","IPOUTS":"29","H":"10","ER":"7","HR":"3","BB":"6","SO":"10","BAOPP":"0.27","ERA":"6.52","IBB":"1","WP":"0","HBP":"1","BK":"0","BFP":"46","GF":"3","R":"8","SH":"-1","SF":"-1","GIDP":"-1"}},{"pitcher":{,"PLAYERID":"ferrado01","YEARID":"1961","STINT":"1","TEAMID":"PHI","LGID":"NL","W":"5","L":"12","G":"42","GS":"14","CG":"3","SHO":"1","SV":"1","IPOUTS":"416","H":"120","ER":"58","HR":"14","BB":"68","SO":"89","BAOPP":"0.23","ERA":"3.76","IBB":"4","WP":"2","HBP":"1","BK":"0","BFP":"587","GF":"10","R":"64","SH":"-1","SF":"-1","GIDP":"-1"}},{"pitcher":{,"PLAYERID":"fischbi01","YEARID":"1961","STINT":"2","TEAMID":"KC1","LGID":"AL","W":"1","L":"0","G":"15","GS":"0","CG":"0","SHO":"0","SV":"2","IPOUTS":"63","H":"26","ER":"9","HR":"2","BB":"6","SO":"12","BAOPP":"0.32","ERA":"3.86","IBB":"0","WP":"1","HBP":"0","BK":"0","BFP":"89","GF":"10","R":"9","SH":"-1","SF":"-1","GIDP":"-1"}},{"pitcher":{,"PLAYERID":"fischbi01","YEARID":"1961","STINT":"1","TEAMID":"DET","LGID":"AL","W":"3","L":"2","G":"26","GS":"1","CG":"0","SHO":"0","SV":"3","IPOUTS":"140","H":"54","ER":"26","HR":"10","BB":"17","SO":"18","BAOPP":"0.29","ERA":"5.01","IBB":"2","WP":"2","HBP":"0","BK":"0","BFP":"205","GF":"13","R":"28","SH":"-1","SF":"-1","GIDP":"-1"}},{"pitcher":{,"PLAYERID":"fisheed02","YEARID":"1961","STINT":"1","TEAMID":"SFN","LGID":"NL","W":"0","L":"2","G":"15","GS":"1","CG":"0","SHO":"0","SV":"1","IPOUTS":"101","H":"36","ER":"20","HR":"7","BB":"9","SO":"16","BAOPP":"0.26","ERA":"5.35","IBB":"3","WP":"1","HBP":"0","BK":"0","BFP":"146","GF":"5","R":"23","SH":"-1","SF":"-1","GIDP":"-1"}},{"pitcher":{,"PLAYERID":"fisheja01","YEARID":"1961","STINT":"1","TEAMID":"BAL","LGID":"AL","W":"10","L":"13","G":"36","GS":"25","CG":"10","SHO":"1","SV":"1","IPOUTS":"588","H":"205","ER":"85","HR":"17","BB":"75","SO":"118","BAOPP":"0.27","ERA":"3.9","IBB":"3","WP":"10","HBP":"4","BK":"0","BFP":"853","GF":"7","R":"104","SH":"-1","SF":"-1","GIDP":"-1"}},{"pitcher":{,"PLAYERID":"fordwh01","YEARID":"1961","STINT":"1","TEAMID":"NYA","LGID":"AL","W":"25","L":"4","G":"39","GS":"39","CG":"11","SHO":"3","SV":"0","IPOUTS":"849","H":"242","ER":"101","HR":"23","BB":"92","SO":"209","BAOPP":"0.22","ERA":"3.21","IBB":"3","WP":"8","HBP":"1","BK":"0","BFP":"1159","GF":"0","R":"108","SH":"-1","SF":"-1","GIDP":"-1"}},{"pitcher":{,"PLAYERID":"fornimi01","YEARID":"1961","STINT":"1","TEAMID":"BOS","LGID":"AL","W":"9","L":"8","G":"57","GS":"2","CG":"1","SHO":"0","SV":"15","IPOUTS":"358","H":"121","ER":"62","HR":"18","BB":"54","SO":"70","BAOPP":"0.26","ERA":"4.68","IBB":"7","WP":"5","HBP":"2","BK":"0","BFP":"526","GF":"42","R":"65","SH":"-1","SF":"-1","GIDP":"-1"}},{"pitcher":{,"PLAYERID":"fossla01","YEARID":"1961","STINT":"1","TEAMID":"PIT","LGID":"NL","W":"1","L":"1","G":"3","GS":"3","CG":"0","SHO":"0","SV":"0","IPOUTS":"46","H":"15","ER":"10","HR":"3","BB":"11","SO":"9","BAOPP":"0.27","ERA":"5.87","IBB":"0","WP":"0","HBP":"2","BK":"0","BFP":"70","GF":"0","R":"11","SH":"-1","SF":"-1","GIDP":"-1"}},{"pitcher":{,"PLAYERID":"fowlear01","YEARID":"1961","STINT":"1","TEAMID":"LAA","LGID":"AL","W":"5","L":"8","G":"53","GS":"3","CG":"0","SHO":"0","SV":"11","IPOUTS":"267","H":"68","ER":"36","HR":"12","BB":"29","SO":"78","BAOPP":"0.2","ERA":"3.64","IBB":"3","WP":"1","HBP":"0","BK":"0","BFP":"361","GF":"32","R":"42","SH":"-1","SF":"-1","GIDP":"-1"}},{"pitcher":{,"PLAYERID":"foxte01","YEARID":"1961","STINT":"1","TEAMID":"DET","LGID":"AL","W":"5","L":"2","G":"39","GS":"0","CG":"0","SHO":"0","SV":"12","IPOUTS":"172","H":"42","ER":"9","HR":"6","BB":"16","SO":"32","BAOPP":"0.2","ERA":"1.41","IBB":"1","WP":"0","HBP":"3","BK":"0","BFP":"231","GF":"25","R":"12","SH":"-1","SF":"-1","GIDP":"-1"}},{"pitcher":{,"PLAYERID":"foytapa01","YEARID":"1961","STINT":"1","TEAMID":"DET","LGID":"AL","W":"11","L":"10","G":"32","GS":"20","CG":"6","SHO":"0","SV":"0","IPOUTS":"509","H":"152","ER":"74","HR":"27","BB":"56","SO":"89","BAOPP":"0.23","ERA":"3.93","IBB":"0","WP":"1","HBP":"2","BK":"0","BFP":"702","GF":"4","R":"81","SH":"-1","SF":"-1","GIDP":"-1"}},{"pitcher":{,"PLAYERID":"francea01","YEARID":"1961","STINT":"1","TEAMID":"PIT","LGID":"NL","W":"2","L":"8","G":"23","GS":"15","CG":"0","SHO":"0","SV":"0","IPOUTS":"308","H":"110","ER":"48","HR":"4","BB":"47","SO":"53","BAOPP":"0.27","ERA":"4.21","IBB":"7","WP":"5","HBP":"1","BK":"0","BFP":"458","GF":"4","R":"60","SH":"-1","SF":"-1","GIDP":"-1"}},{"pitcher":{,"PLAYERID":"frienbo01","YEARID":"1961","STINT":"1","TEAMID":"PIT","LGID":"NL","W":"14","L":"19","G":"41","GS":"35","CG":"10","SHO":"1","SV":"1","IPOUTS":"708","H":"271","ER":"101","HR":"16","BB":"45","SO":"108","BAOPP":"0.28","ERA":"3.85","IBB":"10","WP":"4","HBP":"3","BK":"0","BFP":"1001","GF":"3","R":"119","SH":"-1","SF":"-1","GIDP":"-1"}},{"pitcher":{,"PLAYERID":"funkfr01","YEARID":"1961","STINT":"1","TEAMID":"CLE","LGID":"AL","W":"11","L":"11","G":"56","GS":"0","CG":"0","SHO":"0","SV":"11","IPOUTS":"277","H":"79","ER":"34","HR":"9","BB":"31","SO":"64","BAOPP":"0.23","ERA":"3.31","IBB":"6","WP":"3","HBP":"4","BK":"1","BFP":"382","GF":"43","R":"35","SH":"-1","SF":"-1","GIDP":"-1"}},{"pitcher":{,"PLAYERID":"gablega02","YEARID":"1961","STINT":"1","TEAMID":"WS2","LGID":"AL","W":"3","L":"8","G":"29","GS":"9","CG":"0","SHO":"0","SV":"4","IPOUTS":"278","H":"104","ER":"50","HR":"5","BB":"37","SO":"33","BAOPP":"0.28","ERA":"4.86","IBB":"3","WP":"7","HBP":"1","BK":"0","BFP":"411","GF":"11","R":"61","SH":"-1","SF":"-1","GIDP":"-1"}},{"pitcher":{,"PLAYERID":"garcimi01","YEARID":"1961","STINT":"1","TEAMID":"WS2","LGID":"AL","W":"0","L":"1","G":"16","GS":"0","CG":"0","SHO":"0","SV":"0","IPOUTS":"57","H":"23","ER":"10","HR":"1","BB":"13","SO":"14","BAOPP":"0.28","ERA":"4.74","IBB":"3","WP":"0","HBP":"1","BK":"0","BFP":"97","GF":"9","R":"14","SH":"-1","SF":"-1","GIDP":"-1"}},{"pitcher":{,"PLAYERID":"garvene01","YEARID":"1961","STINT":"1","TEAMID":"LAA","LGID":"AL","W":"0","L":"3","G":"12","GS":"2","CG":"0","SHO":"0","SV":"0","IPOUTS":"87","H":"40","ER":"18","HR":"2","BB":"16","SO":"9","BAOPP":"0.34","ERA":"5.59","IBB":"0","WP":"1","HBP":"0","BK":"0","BFP":"134","GF":"3","R":"18","SH":"-1","SF":"-1","GIDP":"-1"}},{"pitcher":{,"PLAYERID":"gibbojo01","YEARID":"1961","STINT":"1","TEAMID":"PIT","LGID":"NL","W":"13","L":"10","G":"30","GS":"29","CG":"7","SHO":"3","SV":"0","IPOUTS":"586","H":"185","ER":"72","HR":"16","BB":"57","SO":"145","BAOPP":"0.25","ERA":"3.32","IBB":"4","WP":"3","HBP":"4","BK":"0","BFP":"816","GF":"1","R":"85","SH":"-1","SF":"-1","GIDP":"-1"}},{"pitcher":{,"PLAYERID":"gibsobo01","YEARID":"1961","STINT":"1","TEAMID":"SLN","LGID":"NL","W":"13","L":"12","G":"35","GS":"27","CG":"10","SHO":"2","SV":"1","IPOUTS":"634","H":"186","ER":"76","HR":"13","BB":"119","SO":"166","BAOPP":"0.23","ERA":"3.24","IBB":"7","WP":"8","HBP":"6","BK":"1","BFP":"916","GF":"3","R":"91","SH":"-1","SF":"-1","GIDP":"-1"}},{"pitcher":{,"PLAYERID":"gielpa01","YEARID":"1961","STINT":"1","TEAMID":"MIN","LGID":"AL","W":"1","L":"0","G":"12","GS":"0","CG":"0","SHO":"0","SV":"0","IPOUTS":"58","H":"24","ER":"21","HR":"6","BB":"17","SO":"14","BAOPP":"0.28","ERA":"9.78","IBB":"1","WP":"0","HBP":"0","BK":"0","BFP":"102","GF":"4","R":"27","SH":"-1","SF":"-1","GIDP":"-1"}},{"pitcher":{,"PLAYERID":"gielpa01","YEARID":"1961","STINT":"2","TEAMID":"KC1","LGID":"AL","W":"0","L":"0","G":"1","GS":"0","CG":"0","SHO":"0","SV":"0","IPOUTS":"5","H":"6","ER":"7","HR":"1","BB":"3","SO":"1","BAOPP":"0.6","ERA":"37.8","IBB":"0","WP":"0","HBP":"0","BK":"0","BFP":"13","GF":"0","R":"7","SH":"-1","SF":"-1","GIDP":"-1"}},{"pitcher":{,"PLAYERID":"gladdfr01","YEARID":"1961","STINT":"1","TEAMID":"DET","LGID":"AL","W":"1","L":"0","G":"8","GS":"0","CG":"0","SHO":"0","SV":"0","IPOUTS":"49","H":"18","ER":"6","HR":"1","BB":"11","SO":"11","BAOPP":"0.28","ERA":"3.31","IBB":"1","WP":"1","HBP":"2","BK":"0","BFP":"79","GF":"2","R":"7","SH":"-1","SF":"-1","GIDP":"-1"}},{"pitcher":{,"PLAYERID":"goldeji01","YEARID":"1961","STINT":"1","TEAMID":"LAN","LGID":"NL","W":"1","L":"1","G":"28","GS":"0","CG":"0","SHO":"0","SV":"0","IPOUTS":"126","H":"52","ER":"27","HR":"7","BB":"20","SO":"18","BAOPP":"0.3","ERA":"5.79","IBB":"2","WP":"1","HBP":"0","BK":"0","BFP":"199","GF":"13","R":"30","SH":"-1","SF":"-1","GIDP":"-1"}},{"pitcher":{,"PLAYERID":"grantmu01","YEARID":"1961","STINT":"1","TEAMID":"CLE","LGID":"AL","W":"15","L":"9","G":"35","GS":"35","CG":"11","SHO":"3","SV":"0","IPOUTS":"734","H":"207","ER":"105","HR":"32","BB":"109","SO":"146","BAOPP":"0.22","ERA":"3.86","IBB":"3","WP":"8","HBP":"3","BK":"0","BFP":"1037","GF":"0","R":"118","SH":"-1","SF":"-1","GIDP":"-1"}},{"pitcher":{,"PLAYERID":"grbael01","YEARID":"1961","STINT":"1","TEAMID":"LAA","LGID":"AL","W":"11","L":"13","G":"40","GS":"30","CG":"8","SHO":"0","SV":"2","IPOUTS":"635","H":"197","ER":"100","HR":"26","BB":"114","SO":"105","BAOPP":"0.24","ERA":"4.25","IBB":"10","WP":"6","HBP":"7","BK":"1","BFP":"941","GF":"5","R":"119","SH":"-1","SF":"-1","GIDP":"-1"}},{"pitcher":{,"PLAYERID":"greenda02","YEARID":"1961","STINT":"1","TEAMID":"PHI","LGID":"NL","W":"2","L":"4","G":"42","GS":"10","CG":"1","SHO":"1","SV":"1","IPOUTS":"384","H":"160","ER":"69","HR":"8","BB":"47","SO":"51","BAOPP":"0.31","ERA":"4.85","IBB":"6","WP":"4","HBP":"2","BK":"0","BFP":"566","GF":"16","R":"77","SH":"-1","SF":"-1","GIDP":"-1"}},{"pitcher":{,"PLAYERID":"greenfr01","YEARID":"1961","STINT":"1","TEAMID":"PIT","LGID":"NL","W":"0","L":"0","G":"13","GS":"0","CG":"0","SHO":"0","SV":"0","IPOUTS":"62","H":"27","ER":"11","HR":"2","BB":"9","SO":"4","BAOPP":"0.32","ERA":"4.79","IBB":"2","WP":"3","HBP":"0","BK":"0","BFP":"95","GF":"3","R":"16","SH":"-1","SF":"-1","GIDP":"-1"}},{"pitcher":{,"PLAYERID":"grzenjo01","YEARID":"1961","STINT":"1","TEAMID":"DET","LGID":"AL","W":"1","L":"0","G":"4","GS":"0","CG":"0","SHO":"0","SV":"0","IPOUTS":"17","H":"9","ER":"5","HR":"2","BB":"2","SO":"0","BAOPP":"0.37","ERA":"7.94","IBB":"1","WP":"0","HBP":"0","BK":"0","BFP":"28","GF":"0","R":"5","SH":"-1","SF":"-1","GIDP":"-1"}},{"pitcher":{,"PLAYERID":"hackewa02","YEARID":"1961","STINT":"1","TEAMID":"CHA","LGID":"AL","W":"3","L":"3","G":"42","GS":"0","CG":"0","SHO":"0","SV":"8","IPOUTS":"172","H":"62","ER":"24","HR":"8","BB":"8","SO":"40","BAOPP":"0.27","ERA":"3.77","IBB":"1","WP":"0","HBP":"1","BK":"0","BFP":"244","GF":"26","R":"26","SH":"-1","SF":"-1","GIDP":"-1"}},{"pitcher":{,"PLAYERID":"haddiha01","YEARID":"1961","STINT":"1","TEAMID":"PIT","LGID":"NL","W":"10","L":"6","G":"29","GS":"22","CG":"5","SHO":"2","SV":"0","IPOUTS":"468","H":"159","ER":"71","HR":"15","BB":"41","SO":"99","BAOPP":"0.26","ERA":"4.1","IBB":"6","WP":"4","HBP":"2","BK":"0","BFP":"646","GF":"4","R":"72","SH":"-1","SF":"-1","GIDP":"-1"}},{"pitcher":{,"PLAYERID":"halldi01","YEARID":"1961","STINT":"1","TEAMID":"BAL","LGID":"AL","W":"7","L":"5","G":"29","GS":"13","CG":"4","SHO":"2","SV":"4","IPOUTS":"367","H":"102","ER":"42","HR":"10","BB":"30","SO":"92","BAOPP":"0.22","ERA":"3.09","IBB":"5","WP":"0","HBP":"0","BK":"0","BFP":"489","GF":"9","R":"47","SH":"-1","SF":"-1","GIDP":"-1"}},{"pitcher":{,"PLAYERID":"hamilst01","YEARID":"1961","STINT":"1","TEAMID":"CLE","LGID":"AL","W":"0","L":"0","G":"2","GS":"0","CG":"0","SHO":"0","SV":"0","IPOUTS":"9","H":"2","ER":"1","HR":"0","BB":"3","SO":"4","BAOPP":"0.2","ERA":"3.0","IBB":"0","WP":"1","HBP":"0","BK":"1","BFP":"15","GF":"0","R":"1","SH":"-1","SF":"-1","GIDP":"-1"}},{"pitcher":{,"PLAYERID":"hawkiwy01","YEARID":"1961","STINT":"1","TEAMID":"CLE","LGID":"AL","W":"7","L":"9","G":"30","GS":"21","CG":"3","SHO":"1","SV":"1","IPOUTS":"399","H":"139","ER":"60","HR":"16","BB":"59","SO":"51","BAOPP":"0.27","ERA":"4.06","IBB":"1","WP":"3","HBP":"2","BK":"1","BFP":"587","GF":"8","R":"72","SH":"-1","SF":"-1","GIDP":"-1"}},{"pitcher":{,"PLAYERID":"heisero01","YEARID":"1961","STINT":"1","TEAMID":"WS2","LGID":"AL","W":"0","L":"0","G":"3","GS":"0","CG":"0","SHO":"0","SV":"0","IPOUTS":"17","H":"6","ER":"4","HR":"1","BB":"9","SO":"1","BAOPP":"0.26","ERA":"6.35","IBB":"0","WP":"0","HBP":"1","BK":"0","BFP":"33","GF":"2","R":"5","SH":"-1","SF":"-1","GIDP":"-1"}},{"pitcher":{,"PLAYERID":"hemanru01","YEARID":"1961","STINT":"2","TEAMID":"LAA","LGID":"AL","W":"0","L":"0","G":"6","GS":"0","CG":"0","SHO":"0","SV":"0","IPOUTS":"30","H":"4","ER":"2","HR":"1","BB":"2","SO":"2","BAOPP":"0.12","ERA":"1.8","IBB":"0","WP":"0","HBP":"1","BK":"0","BFP":"38","GF":"1","R":"3","SH":"-1","SF":"-1","GIDP":"-1"}},{"pitcher":{,"PLAYERID":"hemanru01","YEARID":"1961","STINT":"1","TEAMID":"CLE","LGID":"AL","W":"0","L":"0","G":"6","GS":"0","CG":"0","SHO":"0","SV":"1","IPOUTS":"30","H":"8","ER":"4","HR":"0","BB":"8","SO":"4","BAOPP":"0.21","ERA":"3.6","IBB":"0","WP":"0","HBP":"1","BK":"0","BFP":"46","GF":"6","R":"4","SH":"-1","SF":"-1","GIDP":"-1"}},{"pitcher":{,"PLAYERID":"hendlbo01","YEARID":"1961","STINT":"1","TEAMID":"ML1","LGID":"NL","W":"5","L":"7","G":"19","GS":"13","CG":"3","SHO":"0","SV":"0","IPOUTS":"291","H":"96","ER":"42","HR":"8","BB":"39","SO":"44","BAOPP":"0.26","ERA":"3.9","IBB":"2","WP":"2","HBP":"0","BK":"0","BFP":"412","GF":"2","R":"46","SH":"-1","SF":"-1","GIDP":"-1"}},{"pitcher":{,"PLAYERID":"henrybi01","YEARID":"1961","STINT":"1","TEAMID":"CIN","LGID":"NL","W":"2","L":"1","G":"47","GS":"0","CG":"0","SHO":"0","SV":"16","IPOUTS":"160","H":"50","ER":"13","HR":"8","BB":"15","SO":"53","BAOPP":"0.24","ERA":"2.19","IBB":"4","WP":"0","HBP":"0","BK":"0","BFP":"224","GF":"32","R":"18","SH":"-1","SF":"-1","GIDP":"-1"}},{"pitcher":{,"PLAYERID":"herbera01","YEARID":"1961","STINT":"2","TEAMID":"CHA","LGID":"AL","W":"9","L":"6","G":"21","GS":"20","CG":"4","SHO":"0","SV":"0","IPOUTS":"413","H":"142","ER":"62","HR":"15","BB":"36","SO":"50","BAOPP":"0.26","ERA":"4.05","IBB":"2","WP":"1","HBP":"0","BK":"1","BFP":"586","GF":"1","R":"69","SH":"-1","SF":"-1","GIDP":"-1"}},{"pitcher":{,"PLAYERID":"herbera01","YEARID":"1961","STINT":"1","TEAMID":"KC1","LGID":"AL","W":"3","L":"6","G":"13","GS":"12","CG":"1","SHO":"0","SV":"0","IPOUTS":"251","H":"103","ER":"50","HR":"10","BB":"30","SO":"34","BAOPP":"0.3","ERA":"5.38","IBB":"1","WP":"0","HBP":"2","BK":"1","BFP":"381","GF":"0","R":"56","SH":"-1","SF":"-1","GIDP":"-1"}},{"pitcher":{,"PLAYERID":"hernaru01","YEARID":"1961","STINT":"1","TEAMID":"WS2","LGID":"AL","W":"0","L":"1","G":"7","GS":"0","CG":"0","SHO":"0","SV":"0","IPOUTS":"27","H":"8","ER":"3","HR":"0","BB":"3","SO":"4","BAOPP":"0.25","ERA":"3.0","IBB":"0","WP":"0","HBP":"0","BK":"1","BFP":"37","GF":"5","R":"5","SH":"-1","SF":"-1","GIDP":"-1"}},{"pitcher":{,"PLAYERID":"hillmda01","YEARID":"1961","STINT":"1","TEAMID":"BOS","LGID":"AL","W":"3","L":"2","G":"28","GS":"1","CG":"0","SHO":"0","SV":"0","IPOUTS":"234","H":"70","ER":"24","HR":"8","BB":"23","SO":"39","BAOPP":"0.24","ERA":"2.77","IBB":"0","WP":"1","HBP":"0","BK":"0","BFP":"321","GF":"10","R":"26","SH":"-1","SF":"-1","GIDP":"-1"}},{"pitcher":{,"PLAYERID":"hobaued01","YEARID":"1961","STINT":"1","TEAMID":"WS2","LGID":"AL","W":"7","L":"9","G":"26","GS":"18","CG":"3","SHO":"0","SV":"0","IPOUTS":"379","H":"142","ER":"62","HR":"12","BB":"64","SO":"67","BAOPP":"0.28","ERA":"4.42","IBB":"3","WP":"4","HBP":"1","BK":"0","BFP":"576","GF":"2","R":"68","SH":"-1","SF":"-1","GIDP":"-1"}},{"pitcher":{,"PLAYERID":"hobbigl01","YEARID":"1961","STINT":"1","TEAMID":"CHN","LGID":"NL","W":"7","L":"13","G":"36","GS":"29","CG":"7","SHO":"2","SV":"2","IPOUTS":"596","H":"207","ER":"94","HR":"26","BB":"54","SO":"103","BAOPP":"0.26","ERA":"4.26","IBB":"7","WP":"4","HBP":"6","BK":"0","BFP":"848","GF":"4","R":"113","SH":"-1","SF":"-1","GIDP":"-1"}},{"pitcher":{,"PLAYERID":"hoeftbi01","YEARID":"1961","STINT":"1","TEAMID":"BAL","LGID":"AL","W":"7","L":"4","G":"35","GS":"12","CG":"3","SHO":"1","SV":"3","IPOUTS":"414","H":"106","ER":"31","HR":"7","BB":"55","SO":"100","BAOPP":"0.21","ERA":"2.02","IBB":"3","WP":"5","HBP":"1","BK":"0","BFP":"560","GF":"10","R":"37","SH":"-1","SF":"-1","GIDP":"-1"}},{"pitcher":{,"PLAYERID":"hookja01","YEARID":"1961","STINT":"1","TEAMID":"CIN","LGID":"NL","W":"1","L":"3","G":"22","GS":"5","CG":"0","SHO":"0","SV":"0","IPOUTS":"188","H":"83","ER":"54","HR":"14","BB":"22","SO":"36","BAOPP":"0.32","ERA":"7.76","IBB":"2","WP":"1","HBP":"5","BK":"0","BFP":"291","GF":"3","R":"55","SH":"-1","SF":"-1","GIDP":"-1"}},{"pitcher":{,"PLAYERID":"horlejo01","YEARID":"1961","STINT":"1","TEAMID":"CHA","LGID":"AL","W":"1","L":"3","G":"5","GS":"4","CG":"0","SHO":"0","SV":"0","IPOUTS":"53","H":"25","ER":"13","HR":"2","BB":"13","SO":"11","BAOPP":"0.33","ERA":"6.62","IBB":"0","WP":"2","HBP":"0","BK":"0","BFP":"88","GF":"0","R":"15","SH":"-1","SF":"-1","GIDP":"-1"}},{"pitcher":{,"PLAYERID":"huntke02","YEARID":"1961","STINT":"1","TEAMID":"CIN","LGID":"NL","W":"9","L":"10","G":"29","GS":"22","CG":"4","SHO":"0","SV":"0","IPOUTS":"409","H":"130","ER":"60","HR":"13","BB":"66","SO":"75","BAOPP":"0.25","ERA":"3.96","IBB":"1","WP":"5","HBP":"6","BK":"0","BFP":"586","GF":"3","R":"70","SH":"-1","SF":"-1","GIDP":"-1"}},{"pitcher":{,"PLAYERID":"hydedi01","YEARID":"1961","STINT":"1","TEAMID":"BAL","LGID":"AL","W":"1","L":"2","G":"15","GS":"0","CG":"0","SHO":"0","SV":"0","IPOUTS":"63","H":"18","ER":"13","HR":"1","BB":"13","SO":"15","BAOPP":"0.22","ERA":"5.57","IBB":"3","WP":"0","HBP":"1","BK":"0","BFP":"96","GF":"9","R":"14","SH":"-1","SF":"-1","GIDP":"-1"}},{"pitcher":{,"PLAYERID":"jacksal01","YEARID":"1961","STINT":"1","TEAMID":"PIT","LGID":"NL","W":"1","L":"0","G":"3","GS":"2","CG":"1","SHO":"0","SV":"0","IPOUTS":"71","H":"20","ER":"9","HR":"2","BB":"4","SO":"15","BAOPP":"0.23","ERA":"3.42","IBB":"1","WP":"0","HBP":"0","BK":"0","BFP":"91","GF":"0","R":"10","SH":"-1","SF":"-1","GIDP":"-1"}},{"pitcher":{,"PLAYERID":"jacksla01","YEARID":"1961","STINT":"1","TEAMID":"SLN","LGID":"NL","W":"14","L":"11","G":"33","GS":"28","CG":"12","SHO":"3","SV":"0","IPOUTS":"633","H":"203","ER":"88","HR":"20","BB":"56","SO":"113","BAOPP":"0.25","ERA":"3.75","IBB":"5","WP":"3","HBP":"4","BK":"0","BFP":"880","GF":"2","R":"99","SH":"-1","SF":"-1","GIDP":"-1"}},{"pitcher":{,"PLAYERID":"jamesjo01","YEARID":"1961","STINT":"1","TEAMID":"NYA","LGID":"AL","W":"0","L":"0","G":"1","GS":"0","CG":"0","SHO":"0","SV":"0","IPOUTS":"4","H":"1","ER":"0","HR":"0","BB":"0","SO":"2","BAOPP":"0.25","ERA":"0.0","IBB":"0","WP":"0","HBP":"0","BK":"0","BFP":"4","GF":"0","R":"0","SH":"-1","SF":"-1","GIDP":"-1"}},{"pitcher":{,"PLAYERID":"jamesjo01","YEARID":"1961","STINT":"2","TEAMID":"LAA","LGID":"AL","W":"0","L":"2","G":"36","GS":"3","CG":"0","SHO":"0","SV":"0","IPOUTS":"214","H":"66","ER":"42","HR":"12","BB":"54","SO":"41","BAOPP":"0.24","ERA":"5.3","IBB":"1","WP":"5","HBP":"2","BK":"0","BFP":"330","GF":"10","R":"44","SH":"-1","SF":"-1","GIDP":"-1"}},{"pitcher":{,"PLAYERID":"jayjo01","YEARID":"1961","STINT":"1","TEAMID":"CIN","LGID":"NL","W":"21","L":"10","G":"34","GS":"34","CG":"14","SHO":"4","SV":"0","IPOUTS":"742","H":"217","ER":"97","HR":"25","BB":"92","SO":"157","BAOPP":"0.23","ERA":"3.53","IBB":"1","WP":"9","HBP":"5","BK":"0","BFP":"1032","GF":"0","R":"102","SH":"-1","SF":"-1","GIDP":"-1"}},{"pitcher":{,"PLAYERID":"johnske02","YEARID":"1961","STINT":"2","TEAMID":"CIN","LGID":"NL","W":"6","L":"2","G":"15","GS":"11","CG":"3","SHO":"1","SV":"1","IPOUTS":"249","H":"71","ER":"30","HR":"11","BB":"22","SO":"42","BAOPP":"0.22","ERA":"3.25","IBB":"1","WP":"1","HBP":"2","BK":"0","BFP":"341","GF":"1","R":"33","SH":"-1","SF":"-1","GIDP":"-1"}},{"pitcher":{,"PLAYERID":"johnske02","YEARID":"1961","STINT":"1","TEAMID":"KC1","LGID":"AL","W":"0","L":"4","G":"6","GS":"1","CG":"0","SHO":"0","SV":"0","IPOUTS":"28","H":"11","ER":"11","HR":"2","BB":"7","SO":"4","BAOPP":"0.29","ERA":"10.61","IBB":"0","WP":"0","HBP":"0","BK":"0","BFP":"45","GF":"1","R":"11","SH":"-1","SF":"-1","GIDP":"-1"}},{"pitcher":{,"PLAYERID":"jonesgo01","YEARID":"1961","STINT":"1","TEAMID":"BAL","LGID":"AL","W":"0","L":"0","G":"3","GS":"0","CG":"0","SHO":"0","SV":"1","IPOUTS":"15","H":"5","ER":"3","HR":"3","BB":"0","SO":"4","BAOPP":"0.25","ERA":"5.4","IBB":"0","WP":"0","HBP":"0","BK":"0","BFP":"20","GF":"2","R":"3","SH":"-1","SF":"-1","GIDP":"-1"}},{"pitcher":{,"PLAYERID":"jonessa02","YEARID":"1961","STINT":"1","TEAMID":"SFN","LGID":"NL","W":"8","L":"8","G":"37","GS":"17","CG":"2","SHO":"0","SV":"1","IPOUTS":"385","H":"134","ER":"64","HR":"12","BB":"57","SO":"105","BAOPP":"0.26","ERA":"4.49","IBB":"7","WP":"7","HBP":"8","BK":"0","BFP":"579","GF":"10","R":"72","SH":"-1","SF":"-1","GIDP":"-1"}},{"pitcher":{,"PLAYERID":"jonessh02","YEARID":"1961","STINT":"1","TEAMID":"CIN","LGID":"NL","W":"1","L":"1","G":"24","GS":"2","CG":"0","SHO":"0","SV":"2","IPOUTS":"165","H":"51","ER":"27","HR":"6","BB":"27","SO":"32","BAOPP":"0.25","ERA":"4.42","IBB":"6","WP":"3","HBP":"2","BK":"2","BFP":"239","GF":"9","R":"32","SH":"-1","SF":"-1","GIDP":"-1"}},{"pitcher":{,"PLAYERID":"kaatji01","YEARID":"1961","STINT":"1","TEAMID":"MIN","LGID":"AL","W":"9","L":"17","G":"36","GS":"29","CG":"8","SHO":"1","SV":"0","IPOUTS":"602","H":"188","ER":"87","HR":"12","BB":"82","SO":"122","BAOPP":"0.24","ERA":"3.9","IBB":"1","WP":"10","HBP":"11","BK":"1","BFP":"865","GF":"3","R":"105","SH":"-1","SF":"-1","GIDP":"-1"}},{"pitcher":{,"PLAYERID":"keegaed01","YEARID":"1961","STINT":"1","TEAMID":"KC1","LGID":"AL","W":"0","L":"0","G":"6","GS":"0","CG":"0","SHO":"0","SV":"1","IPOUTS":"18","H":"6","ER":"3","HR":"0","BB":"5","SO":"3","BAOPP":"0.26","ERA":"4.5","IBB":"0","WP":"1","HBP":"0","BK":"0","BFP":"28","GF":"5","R":"5","SH":"-1","SF":"-1","GIDP":"-1"}},{"pitcher":{,"PLAYERID":"kemmeru01","YEARID":"1961","STINT":"1","TEAMID":"CHA","LGID":"AL","W":"3","L":"3","G":"47","GS":"2","CG":"0","SHO":"0","SV":"2","IPOUTS":"290","H":"102","ER":"47","HR":"10","BB":"26","SO":"35","BAOPP":"0.27","ERA":"4.38","IBB":"1","WP":"2","HBP":"0","BK":"0","BFP":"404","GF":"10","R":"53","SH":"-1","SF":"-1","GIDP":"-1"}},{"pitcher":{,"PLAYERID":"kirkbi01","YEARID":"1961","STINT":"1","TEAMID":"KC1","LGID":"AL","W":"0","L":"0","G":"1","GS":"1","CG":"0","SHO":"0","SV":"0","IPOUTS":"9","H":"6","ER":"4","HR":"2","BB":"1","SO":"3","BAOPP":"0.37","ERA":"12.0","IBB":"0","WP":"0","HBP":"0","BK":"0","BFP":"17","GF":"0","R":"4","SH":"-1","SF":"-1","GIDP":"-1"}},{"pitcher":{,"PLAYERID":"klinero01","YEARID":"1961","STINT":"2","TEAMID":"DET","LGID":"AL","W":"5","L":"3","G":"10","GS":"8","CG":"3","SHO":"1","SV":"0","IPOUTS":"169","H":"53","ER":"17","HR":"3","BB":"17","SO":"27","BAOPP":"0.24","ERA":"2.72","IBB":"1","WP":"3","HBP":"0","BK":"0","BFP":"237","GF":"1","R":"25","SH":"-1","SF":"-1","GIDP":"-1"}},{"pitcher":{,"PLAYERID":"klinero01","YEARID":"1961","STINT":"1","TEAMID":"LAA","LGID":"AL","W":"3","L":"6","G":"26","GS":"12","CG":"0","SHO":"0","SV":"1","IPOUTS":"314","H":"119","ER":"57","HR":"16","BB":"44","SO":"70","BAOPP":"0.28","ERA":"4.9","IBB":"5","WP":"2","HBP":"1","BK":"1","BFP":"464","GF":"5","R":"62","SH":"-1","SF":"-1","GIDP":"-1"}},{"pitcher":{,"PLAYERID":"klippjo01","YEARID":"1961","STINT":"1","TEAMID":"WS2","LGID":"AL","W":"2","L":"2","G":"42","GS":"1","CG":"0","SHO":"0","SV":"0","IPOUTS":"215","H":"83","ER":"54","HR":"13","BB":"43","SO":"41","BAOPP":"0.29","ERA":"6.78","IBB":"1","WP":"10","HBP":"4","BK":"0","BFP":"336","GF":"22","R":"59","SH":"-1","SF":"-1","GIDP":"-1"}},{"pitcher":{,"PLAYERID":"kopliho01","YEARID":"1961","STINT":"1","TEAMID":"DET","LGID":"AL","W":"2","L":"0","G":"4","GS":"1","CG":"1","SHO":"0","SV":"0","IPOUTS":"36","H":"16","ER":"3","HR":"0","BB":"8","SO":"9","BAOPP":"0.32","ERA":"2.25","IBB":"1","WP":"1","HBP":"0","BK":"0","BFP":"59","GF":"2","R":"6","SH":"-1","SF":"-1","GIDP":"-1"}},{"pitcher":{,"PLAYERID":"koufasa01","YEARID":"1961","STINT":"1","TEAMID":"LAN","LGID":"NL","W":"18","L":"13","G":"42","GS":"35","CG":"15","SHO":"2","SV":"1","IPOUTS":"767","H":"212","ER":"100","HR":"27","BB":"96","SO":"269","BAOPP":"0.22","ERA":"3.52","IBB":"6","WP":"12","HBP":"3","BK":"2","BFP":"1068","GF":"2","R":"117","SH":"-1","SF":"-1","GIDP":"-1"}},{"pitcher":{,"PLAYERID":"kralija01","YEARID":"1961","STINT":"1","TEAMID":"MIN","LGID":"AL","W":"13","L":"11","G":"33","GS":"33","CG":"11","SHO":"2","SV":"0","IPOUTS":"726","H":"257","ER":"97","HR":"21","BB":"64","SO":"137","BAOPP":"0.27","ERA":"3.61","IBB":"1","WP":"4","HBP":"3","BK":"0","BFP":"1023","GF":"0","R":"101","SH":"-1","SF":"-1","GIDP":"-1"}},{"pitcher":{,"PLAYERID":"krausle02","YEARID":"1961","STINT":"1","TEAMID":"KC1","LGID":"AL","W":"2","L":"5","G":"12","GS":"8","CG":"2","SHO":"1","SV":"0","IPOUTS":"167","H":"49","ER":"30","HR":"3","BB":"46","SO":"32","BAOPP":"0.24","ERA":"4.85","IBB":"0","WP":"2","HBP":"1","BK":"0","BFP":"255","GF":"1","R":"33","SH":"-1","SF":"-1","GIDP":"-1"}},{"pitcher":{,"PLAYERID":"kunkebi01","YEARID":"1961","STINT":"1","TEAMID":"KC1","LGID":"AL","W":"3","L":"4","G":"58","GS":"2","CG":"0","SHO":"0","SV":"4","IPOUTS":"266","H":"103","ER":"51","HR":"11","BB":"32","SO":"46","BAOPP":"0.28","ERA":"5.18","IBB":"2","WP":"8","HBP":"0","BK":"0","BFP":"396","GF":"26","R":"58","SH":"-1","SF":"-1","GIDP":"-1"}},{"pitcher":{,"PLAYERID":"kutynma01","YEARID":"1961","STINT":"1","TEAMID":"WS2","LGID":"AL","W":"6","L":"8","G":"50","GS":"6","CG":"0","SHO":"0","SV":"3","IPOUTS":"429","H":"147","ER":"63","HR":"12","BB":"48","SO":"64","BAOPP":"0.27","ERA":"3.97","IBB":"2","WP":"3","HBP":"2","BK":"0","BFP":"613","GF":"23","R":"79","SH":"-1","SF":"-1","GIDP":"-1"}},{"pitcher":{,"PLAYERID":"labincl01","YEARID":"1961","STINT":"1","TEAMID":"PIT","LGID":"NL","W":"4","L":"1","G":"56","GS":"1","CG":"0","SHO":"0","SV":"8","IPOUTS":"278","H":"102","ER":"38","HR":"4","BB":"31","SO":"49","BAOPP":"0.28","ERA":"3.69","IBB":"8","WP":"2","HBP":"2","BK":"0","BFP":"399","GF":"28","R":"43","SH":"-1","SF":"-1","GIDP":"-1"}},{"pitcher":{,"PLAYERID":"larsedo01","YEARID":"1961","STINT":"2","TEAMID":"CHA","LGID":"AL","W":"7","L":"2","G":"25","GS":"3","CG":"0","SHO":"0","SV":"2","IPOUTS":"223","H":"64","ER":"34","HR":"5","BB":"29","SO":"53","BAOPP":"0.23","ERA":"4.12","IBB":"2","WP":"2","HBP":"1","BK":"0","BFP":"315","GF":"13","R":"36","SH":"-1","SF":"-1","GIDP":"-1"}},{"pitcher":{,"PLAYERID":"larsedo01","YEARID":"1961","STINT":"1","TEAMID":"KC1","LGID":"AL","W":"1","L":"0","G":"8","GS":"1","CG":"0","SHO":"0","SV":"0","IPOUTS":"45","H":"21","ER":"7","HR":"2","BB":"11","SO":"13","BAOPP":"0.34","ERA":"4.2","IBB":"0","WP":"2","HBP":"1","BK":"0","BFP":"75","GF":"5","R":"9","SH":"-1","SF":"-1","GIDP":"-1"}},{"pitcher":{,"PLAYERID":"laryfr01","YEARID":"1961","STINT":"1","TEAMID":"DET","LGID":"AL","W":"23","L":"9","G":"36","GS":"36","CG":"22","SHO":"4","SV":"0","IPOUTS":"826","H":"252","ER":"99","HR":"24","BB":"66","SO":"146","BAOPP":"0.24","ERA":"3.24","IBB":"2","WP":"6","HBP":"6","BK":"0","BFP":"1127","GF":"0","R":"117","SH":"-1","SF":"-1","GIDP":"-1"}},{"pitcher":{,"PLAYERID":"latmaba01","YEARID":"1961","STINT":"1","TEAMID":"CLE","LGID":"AL","W":"13","L":"5","G":"45","GS":"18","CG":"4","SHO":"2","SV":"5","IPOUTS":"530","H":"163","ER":"79","HR":"23","BB":"54","SO":"108","BAOPP":"0.24","ERA":"4.02","IBB":"3","WP":"6","HBP":"5","BK":"0","BFP":"734","GF":"12","R":"84","SH":"-1","SF":"-1","GIDP":"-1"}},{"pitcher":{,"PLAYERID":"lawve01","YEARID":"1961","STINT":"1","TEAMID":"PIT","LGID":"NL","W":"3","L":"4","G":"11","GS":"10","CG":"1","SHO":"0","SV":"0","IPOUTS":"178","H":"72","ER":"31","HR":"10","BB":"18","SO":"20","BAOPP":"0.3","ERA":"4.7","IBB":"3","WP":"0","HBP":"1","BK":"0","BFP":"258","GF":"1","R":"33","SH":"-1","SF":"-1","GIDP":"-1"}},{"pitcher":{,"PLAYERID":"leedo01","YEARID":"1961","STINT":"1","TEAMID":"MIN","LGID":"AL","W":"3","L":"6","G":"37","GS":"10","CG":"4","SHO":"0","SV":"3","IPOUTS":"345","H":"93","ER":"45","HR":"12","BB":"35","SO":"65","BAOPP":"0.22","ERA":"3.52","IBB":"1","WP":"1","HBP":"4","BK":"0","BFP":"466","GF":"14","R":"49","SH":"-1","SF":"-1","GIDP":"-1"}},{"pitcher":{,"PLAYERID":"lehewji01","YEARID":"1961","STINT":"1","TEAMID":"BAL","LGID":"AL","W":"0","L":"0","G":"2","GS":"0","CG":"0","SHO":"0","SV":"0","IPOUTS":"6","H":"1","ER":"0","HR":"0","BB":"0","SO":"0","BAOPP":"0.16","ERA":"0.0","IBB":"0","WP":"0","HBP":"0","BK":"0","BFP":"7","GF":"2","R":"0","SH":"-1","SF":"-1","GIDP":"-1"}},{"pitcher":{,"PLAYERID":"lehmake01","YEARID":"1961","STINT":"1","TEAMID":"PHI","LGID":"NL","W":"1","L":"1","G":"41","GS":"2","CG":"0","SHO":"0","SV":"1","IPOUTS":"190","H":"61","ER":"30","HR":"6","BB":"25","SO":"27","BAOPP":"0.26","ERA":"4.26","IBB":"8","WP":"2","HBP":"1","BK":"0","BFP":"269","GF":"18","R":"32","SH":"-1","SF":"-1","GIDP":"-1"}},{"pitcher":{,"PLAYERID":"lemaydi01","YEARID":"1961","STINT":"1","TEAMID":"SFN","LGID":"NL","W":"3","L":"6","G":"27","GS":"5","CG":"1","SHO":"0","SV":"3","IPOUTS":"250","H":"65","ER":"33","HR":"11","BB":"36","SO":"54","BAOPP":"0.21","ERA":"3.56","IBB":"7","WP":"3","HBP":"4","BK":"1","BFP":"348","GF":"11","R":"35","SH":"-1","SF":"-1","GIDP":"-1"}},{"pitcher":{,"PLAYERID":"lockebo01","YEARID":"1961","STINT":"1","TEAMID":"CLE","LGID":"AL","W":"4","L":"4","G":"37","GS":"4","CG":"0","SHO":"0","SV":"2","IPOUTS":"286","H":"112","ER":"48","HR":"12","BB":"40","SO":"37","BAOPP":"0.3","ERA":"4.53","IBB":"4","WP":"4","HBP":"2","BK":"0","BFP":"425","GF":"17","R":"50","SH":"-1","SF":"-1","GIDP":"-1"}},{"pitcher":{,"PLAYERID":"loesbi01","YEARID":"1961","STINT":"1","TEAMID":"SFN","LGID":"NL","W":"6","L":"5","G":"26","GS":"18","CG":"3","SHO":"1","SV":"0","IPOUTS":"344","H":"114","ER":"54","HR":"13","BB":"39","SO":"55","BAOPP":"0.25","ERA":"4.24","IBB":"4","WP":"0","HBP":"5","BK":"1","BFP":"494","GF":"2","R":"62","SH":"-1","SF":"-1","GIDP":"-1"}},{"pitcher":{,"PLAYERID":"lowntu01","YEARID":"1961","STINT":"1","TEAMID":"CHA","LGID":"AL","W":"7","L":"5","G":"59","GS":"0","CG":"0","SHO":"0","SV":"11","IPOUTS":"303","H":"87","ER":"31","HR":"13","BB":"35","SO":"50","BAOPP":"0.23","ERA":"2.76","IBB":"3","WP":"1","HBP":"0","BK":"0","BFP":"416","GF":"36","R":"37","SH":"-1","SF":"-1","GIDP":"-1"}},{"pitcher":{,"PLAYERID":"maasdu01","YEARID":"1961","STINT":"1","TEAMID":"NYA","LGID":"AL","W":"0","L":"0","G":"1","GS":"0","CG":"0","SHO":"0","SV":"0","IPOUTS":"1","H":"2","ER":"2","HR":"0","BB":"0","SO":"0","BAOPP":"1.0","ERA":"54.0","IBB":"0","WP":"0","HBP":"0","BK":"0","BFP":"3","GF":"0","R":"2","SH":"-1","SF":"-1","GIDP":"-1"}},{"pitcher":{,"PLAYERID":"mackeke01","YEARID":"1961","STINT":"1","TEAMID":"ML1","LGID":"NL","W":"0","L":"1","G":"5","GS":"0","CG":"0","SHO":"0","SV":"0","IPOUTS":"21","H":"8","ER":"4","HR":"1","BB":"2","SO":"5","BAOPP":"0.29","ERA":"5.14","IBB":"0","WP":"0","HBP":"1","BK":"0","BFP":"31","GF":"1","R":"5","SH":"-1","SF":"-1","GIDP":"-1"}},{"pitcher":{,"PLAYERID":"maesthe01","YEARID":"1961","STINT":"1","TEAMID":"WS2","LGID":"AL","W":"0","L":"1","G":"1","GS":"1","CG":"0","SHO":"0","SV":"0","IPOUTS":"18","H":"6","ER":"1","HR":"1","BB":"2","SO":"2","BAOPP":"0.25","ERA":"1.5","IBB":"0","WP":"0","HBP":"0","BK":"0","BFP":"26","GF":"0","R":"3","SH":"-1","SF":"-1","GIDP":"-1"}},{"pitcher":{,"PLAYERID":"mahafar01","YEARID":"1961","STINT":"1","TEAMID":"PHI","LGID":"NL","W":"11","L":"19","G":"36","GS":"32","CG":"12","SHO":"3","SV":"0","IPOUTS":"658","H":"205","ER":"100","HR":"27","BB":"70","SO":"158","BAOPP":"0.24","ERA":"4.1","IBB":"6","WP":"9","HBP":"7","BK":"0","BFP":"916","GF":"1","R":"110","SH":"-1","SF":"-1","GIDP":"-1"}},{"pitcher":{,"PLAYERID":"malonji01","YEARID":"1961","STINT":"1","TEAMID":"CIN","LGID":"NL","W":"6","L":"7","G":"27","GS":"11","CG":"1","SHO":"0","SV":"2","IPOUTS":"284","H":"86","ER":"46","HR":"16","BB":"59","SO":"57","BAOPP":"0.24","ERA":"4.37","IBB":"4","WP":"5","HBP":"1","BK":"0","BFP":"424","GF":"4","R":"54","SH":"-1","SF":"-1","GIDP":"-1"}},{"pitcher":{,"PLAYERID":"maricju01","YEARID":"1961","STINT":"1","TEAMID":"SFN","LGID":"NL","W":"13","L":"10","G":"29","GS":"27","CG":"9","SHO":"3","SV":"0","IPOUTS":"555","H":"183","ER":"80","HR":"24","BB":"48","SO":"124","BAOPP":"0.25","ERA":"3.89","IBB":"5","WP":"7","HBP":"2","BK":"1","BFP":"769","GF":"2","R":"88","SH":"-1","SF":"-1","GIDP":"-1"}},{"pitcher":{,"PLAYERID":"mathica01","YEARID":"1961","STINT":"1","TEAMID":"WS2","LGID":"AL","W":"0","L":"1","G":"4","GS":"3","CG":"0","SHO":"0","SV":"0","IPOUTS":"41","H":"22","ER":"17","HR":"3","BB":"4","SO":"7","BAOPP":"0.36","ERA":"11.2","IBB":"0","WP":"0","HBP":"1","BK":"1","BFP":"68","GF":"1","R":"19","SH":"-1","SF":"-1","GIDP":"-1"}},{"pitcher":{,"PLAYERID":"mcbeaal01","YEARID":"1961","STINT":"1","TEAMID":"PIT","LGID":"NL","W":"3","L":"2","G":"27","GS":"2","CG":"0","SHO":"0","SV":"0","IPOUTS":"223","H":"72","ER":"31","HR":"4","BB":"42","SO":"49","BAOPP":"0.26","ERA":"3.75","IBB":"5","WP":"10","HBP":"4","BK":"0","BFP":"330","GF":"7","R":"35","SH":"-1","SF":"-1","GIDP":"-1"}},{"pitcher":{,"PLAYERID":"mcbrike01","YEARID":"1961","STINT":"1","TEAMID":"LAA","LGID":"AL","W":"12","L":"15","G":"38","GS":"36","CG":"11","SHO":"1","SV":"1","IPOUTS":"725","H":"229","ER":"98","HR":"28","BB":"102","SO":"180","BAOPP":"0.25","ERA":"3.65","IBB":"4","WP":"8","HBP":"7","BK":"0","BFP":"1038","GF":"2","R":"114","SH":"-1","SF":"-1","GIDP":"-1"}},{"pitcher":{,"PLAYERID":"mcclajo01","YEARID":"1961","STINT":"1","TEAMID":"WS2","LGID":"AL","W":"8","L":"18","G":"33","GS":"29","CG":"7","SHO":"2","SV":"1","IPOUTS":"636","H":"221","ER":"91","HR":"22","BB":"48","SO":"76","BAOPP":"0.27","ERA":"3.86","IBB":"7","WP":"4","HBP":"4","BK":"0","BFP":"893","GF":"3","R":"105","SH":"-1","SF":"-1","GIDP":"-1"}},{"pitcher":{,"PLAYERID":"mccormi03","YEARID":"1961","STINT":"1","TEAMID":"SFN","LGID":"NL","W":"13","L":"16","G":"40","GS":"35","CG":"13","SHO":"3","SV":"0","IPOUTS":"750","H":"235","ER":"89","HR":"33","BB":"75","SO":"163","BAOPP":"0.24","ERA":"3.2","IBB":"3","WP":"4","HBP":"2","BK":"0","BFP":"1033","GF":"3","R":"99","SH":"-1","SF":"-1","GIDP":"-1"}},{"pitcher":{,"PLAYERID":"mcdanli01","YEARID":"1961","STINT":"1","TEAMID":"SLN","LGID":"NL","W":"10","L":"6","G":"55","GS":"0","CG":"0","SHO":"0","SV":"9","IPOUTS":"283","H":"117","ER":"51","HR":"11","BB":"31","SO":"65","BAOPP":"0.3","ERA":"4.87","IBB":"11","WP":"8","HBP":"2","BK":"1","BFP":"424","GF":"39","R":"57","SH":"-1","SF":"-1","GIDP":"-1"}},{"pitcher":{,"PLAYERID":"mcdermi03","YEARID":"1961","STINT":"1","TEAMID":"SLN","LGID":"NL","W":"1","L":"0","G":"19","GS":"0","CG":"0","SHO":"0","SV":"4","IPOUTS":"81","H":"29","ER":"11","HR":"3","BB":"15","SO":"15","BAOPP":"0.27","ERA":"3.67","IBB":"2","WP":"2","HBP":"0","BK":"0","BFP":"125","GF":"13","R":"17","SH":"-1","SF":"-1","GIDP":"-1"}},{"pitcher":{,"PLAYERID":"mcdermi03","YEARID":"1961","STINT":"2","TEAMID":"KC1","LGID":"AL","W":"0","L":"0","G":"4","GS":"0","CG":"0","SHO":"0","SV":"0","IPOUTS":"17","H":"14","ER":"9","HR":"0","BB":"10","SO":"3","BAOPP":"0.45","ERA":"14.29","IBB":"0","WP":"3","HBP":"0","BK":"1","BFP":"41","GF":"1","R":"12","SH":"-1","SF":"-1","GIDP":"-1"}},{"pitcher":{,"PLAYERID":"mcdevda01","YEARID":"1961","STINT":"2","TEAMID":"MIN","LGID":"AL","W":"1","L":"0","G":"16","GS":"1","CG":"0","SHO":"0","SV":"0","IPOUTS":"80","H":"20","ER":"7","HR":"1","BB":"19","SO":"15","BAOPP":"0.21","ERA":"2.36","IBB":"0","WP":"1","HBP":"4","BK":"0","BFP":"122","GF":"5","R":"11","SH":"-1","SF":"-1","GIDP":"-1"}},{"pitcher":{,"PLAYERID":"mcdevda01","YEARID":"1961","STINT":"1","TEAMID":"NYA","LGID":"AL","W":"1","L":"2","G":"8","GS":"2","CG":"0","SHO":"0","SV":"1","IPOUTS":"39","H":"18","ER":"11","HR":"2","BB":"8","SO":"8","BAOPP":"0.35","ERA":"7.62","IBB":"0","WP":"1","HBP":"1","BK":"1","BFP":"61","GF":"2","R":"11","SH":"-1","SF":"-1","GIDP":"-1"}},{"pitcher":{,"PLAYERID":"mcdowsa01","YEARID":"1961","STINT":"1","TEAMID":"CLE","LGID":"AL","W":"0","L":"0","G":"1","GS":"1","CG":"0","SHO":"0","SV":"0","IPOUTS":"19","H":"3","ER":"0","HR":"0","BB":"5","SO":"5","BAOPP":"0.13","ERA":"0.0","IBB":"0","WP":"0","HBP":"0","BK":"0","BFP":"27","GF":"0","R":"0","SH":"-1","SF":"-1","GIDP":"-1"}},{"pitcher":{,"PLAYERID":"mclisca01","YEARID":"1961","STINT":"1","TEAMID":"CHA","LGID":"AL","W":"10","L":"13","G":"31","GS":"27","CG":"4","SHO":"0","SV":"1","IPOUTS":"487","H":"178","ER":"79","HR":"21","BB":"47","SO":"80","BAOPP":"0.28","ERA":"4.38","IBB":"1","WP":"4","HBP":"1","BK":"0","BFP":"701","GF":"3","R":"87","SH":"-1","SF":"-1","GIDP":"-1"}},{"pitcher":{,"PLAYERID":"mcmahdo02","YEARID":"1961","STINT":"1","TEAMID":"ML1","LGID":"NL","W":"6","L":"4","G":"53","GS":"0","CG":"0","SHO":"0","SV":"8","IPOUTS":"276","H":"84","ER":"29","HR":"4","BB":"51","SO":"55","BAOPP":"0.24","ERA":"2.84","IBB":"6","WP":"4","HBP":"2","BK":"0","BFP":"402","GF":"32","R":"35","SH":"-1","SF":"-1","GIDP":"-1"}},{"pitcher":{,"PLAYERID":"meyerja01","YEARID":"1961","STINT":"1","TEAMID":"PHI","LGID":"NL","W":"0","L":"0","G":"1","GS":"0","CG":"0","SHO":"0","SV":"0","IPOUTS":"6","H":"2","ER":"2","HR":"1","BB":"2","SO":"2","BAOPP":"0.28","ERA":"9.0","IBB":"0","WP":"0","HBP":"0","BK":"0","BFP":"9","GF":"0","R":"2","SH":"-1","SF":"-1","GIDP":"-1"}},{"pitcher":{,"PLAYERID":"millebo04","YEARID":"1961","STINT":"1","TEAMID":"SLN","LGID":"NL","W":"1","L":"3","G":"34","GS":"5","CG":"0","SHO":"0","SV":"3","IPOUTS":"223","H":"82","ER":"35","HR":"6","BB":"46","SO":"39","BAOPP":"0.29","ERA":"4.24","IBB":"7","WP":"4","HBP":"0","BK":"0","BFP":"333","GF":"13","R":"41","SH":"-1","SF":"-1","GIDP":"-1"}},{"pitcher":{,"PLAYERID":"millest01","YEARID":"1961","STINT":"1","TEAMID":"SFN","LGID":"NL","W":"14","L":"5","G":"63","GS":"0","CG":"0","SHO":"0","SV":"17","IPOUTS":"366","H":"95","ER":"36","HR":"4","BB":"37","SO":"89","BAOPP":"0.21","ERA":"2.66","IBB":"11","WP":"0","HBP":"1","BK":"0","BFP":"487","GF":"46","R":"41","SH":"-1","SF":"-1","GIDP":"-1"}},{"pitcher":{,"PLAYERID":"mizelvi01","YEARID":"1961","STINT":"1","TEAMID":"PIT","LGID":"NL","W":"7","L":"10","G":"25","GS":"17","CG":"2","SHO":"1","SV":"0","IPOUTS":"300","H":"120","ER":"56","HR":"16","BB":"31","SO":"37","BAOPP":"0.29","ERA":"5.04","IBB":"8","WP":"0","HBP":"0","BK":"1","BFP":"437","GF":"1","R":"61","SH":"-1","SF":"-1","GIDP":"-1"}},{"pitcher":{,"PLAYERID":"moellro01","YEARID":"1961","STINT":"1","TEAMID":"LAA","LGID":"AL","W":"4","L":"8","G":"33","GS":"18","CG":"1","SHO":"1","SV":"0","IPOUTS":"338","H":"122","ER":"73","HR":"15","BB":"83","SO":"87","BAOPP":"0.27","ERA":"5.83","IBB":"0","WP":"8","HBP":"2","BK":"0","BFP":"533","GF":"3","R":"80","SH":"-1","SF":"-1","GIDP":"-1"}},{"pitcher":{,"PLAYERID":"monbobi01","YEARID":"1961","STINT":"1","TEAMID":"BOS","LGID":"AL","W":"14","L":"14","G":"32","GS":"32","CG":"12","SHO":"1","SV":"0","IPOUTS":"709","H":"233","ER":"89","HR":"24","BB":"100","SO":"161","BAOPP":"0.25","ERA":"3.39","IBB":"1","WP":"4","HBP":"0","BK":"1","BFP":"1030","GF":"0","R":"106","SH":"-1","SF":"-1","GIDP":"-1"}},{"pitcher":{,"PLAYERID":"montema01","YEARID":"1961","STINT":"1","TEAMID":"DET","LGID":"AL","W":"0","L":"0","G":"12","GS":"0","CG":"0","SHO":"0","SV":"0","IPOUTS":"49","H":"13","ER":"7","HR":"2","BB":"6","SO":"15","BAOPP":"0.21","ERA":"3.86","IBB":"1","WP":"1","HBP":"2","BK":"0","BFP":"68","GF":"2","R":"7","SH":"-1","SF":"-1","GIDP":"-1"}},{"pitcher":{,"PLAYERID":"moorera02","YEARID":"1961","STINT":"1","TEAMID":"MIN","LGID":"AL","W":"4","L":"4","G":"46","GS":"0","CG":"0","SHO":"0","SV":"14","IPOUTS":"169","H":"49","ER":"23","HR":"8","BB":"38","SO":"45","BAOPP":"0.23","ERA":"3.67","IBB":"3","WP":"5","HBP":"1","BK":"0","BFP":"255","GF":"38","R":"23","SH":"-1","SF":"-1","GIDP":"-1"}},{"pitcher":{,"PLAYERID":"morehse01","YEARID":"1961","STINT":"1","TEAMID":"ML1","LGID":"NL","W":"1","L":"0","G":"12","GS":"0","CG":"0","SHO":"0","SV":"0","IPOUTS":"46","H":"16","ER":"11","HR":"4","BB":"7","SO":"13","BAOPP":"0.27","ERA":"6.46","IBB":"0","WP":"1","HBP":"1","BK":"0","BFP":"70","GF":"3","R":"11","SH":"-1","SF":"-1","GIDP":"-1"}},{"pitcher":{,"PLAYERID":"morgato01","YEARID":"1961","STINT":"1","TEAMID":"LAA","LGID":"AL","W":"8","L":"2","G":"59","GS":"0","CG":"0","SHO":"0","SV":"10","IPOUTS":"275","H":"74","ER":"24","HR":"7","BB":"17","SO":"39","BAOPP":"0.22","ERA":"2.36","IBB":"3","WP":"0","HBP":"5","BK":"0","BFP":"363","GF":"33","R":"31","SH":"-1","SF":"-1","GIDP":"-1"}},{"pitcher":{,"PLAYERID":"mossido01","YEARID":"1961","STINT":"1","TEAMID":"DET","LGID":"AL","W":"15","L":"7","G":"35","GS":"34","CG":"12","SHO":"1","SV":"1","IPOUTS":"721","H":"237","ER":"79","HR":"29","BB":"47","SO":"137","BAOPP":"0.25","ERA":"2.96","IBB":"3","WP":"1","HBP":"0","BK":"2","BFP":"981","GF":"1","R":"97","SH":"-1","SF":"-1","GIDP":"-1"}},{"pitcher":{,"PLAYERID":"muffebi01","YEARID":"1961","STINT":"1","TEAMID":"BOS","LGID":"AL","W":"3","L":"11","G":"38","GS":"11","CG":"2","SHO":"0","SV":"2","IPOUTS":"338","H":"130","ER":"71","HR":"18","BB":"36","SO":"47","BAOPP":"0.29","ERA":"5.67","IBB":"2","WP":"2","HBP":"2","BK":"0","BFP":"502","GF":"14","R":"87","SH":"-1","SF":"-1","GIDP":"-1"}},{"pitcher":{,"PLAYERID":"nichoch02","YEARID":"1961","STINT":"1","TEAMID":"BOS","LGID":"AL","W":"3","L":"2","G":"26","GS":"2","CG":"0","SHO":"0","SV":"3","IPOUTS":"155","H":"40","ER":"12","HR":"3","BB":"26","SO":"20","BAOPP":"0.22","ERA":"2.09","IBB":"1","WP":"1","HBP":"0","BK":"0","BFP":"215","GF":"12","R":"12","SH":"-1","SF":"-1","GIDP":"-1"}},{"pitcher":{,"PLAYERID":"nischro01","YEARID":"1961","STINT":"1","TEAMID":"DET","LGID":"AL","W":"0","L":"1","G":"6","GS":"1","CG":"0","SHO":"0","SV":"0","IPOUTS":"34","H":"13","ER":"7","HR":"2","BB":"8","SO":"8","BAOPP":"0.29","ERA":"5.56","IBB":"1","WP":"0","HBP":"0","BK":"0","BFP":"56","GF":"2","R":"12","SH":"-1","SF":"-1","GIDP":"-1"}},{"pitcher":{,"PLAYERID":"nottedo01","YEARID":"1961","STINT":"1","TEAMID":"ML1","LGID":"NL","W":"6","L":"7","G":"38","GS":"11","CG":"2","SHO":"0","SV":"3","IPOUTS":"379","H":"117","ER":"57","HR":"11","BB":"48","SO":"66","BAOPP":"0.25","ERA":"4.06","IBB":"2","WP":"1","HBP":"2","BK":"0","BFP":"532","GF":"13","R":"61","SH":"-1","SF":"-1","GIDP":"-1"}},{"pitcher":{,"PLAYERID":"nunnho01","YEARID":"1961","STINT":"1","TEAMID":"CIN","LGID":"NL","W":"2","L":"1","G":"24","GS":"0","CG":"0","SHO":"0","SV":"0","IPOUTS":"113","H":"35","ER":"15","HR":"0","BB":"24","SO":"26","BAOPP":"0.25","ERA":"3.58","IBB":"4","WP":"1","HBP":"1","BK":"0","BFP":"170","GF":"12","R":"17","SH":"-1","SF":"-1","GIDP":"-1"}},{"pitcher":{,"PLAYERID":"nuxhajo01","YEARID":"1961","STINT":"1","TEAMID":"KC1","LGID":"AL","W":"5","L":"8","G":"37","GS":"13","CG":"1","SHO":"0","SV":"1","IPOUTS":"384","H":"135","ER":"76","HR":"12","BB":"65","SO":"81","BAOPP":"0.26","ERA":"5.34","IBB":"2","WP":"6","HBP":"3","BK":"1","BFP":"580","GF":"9","R":"81","SH":"-1","SF":"-1","GIDP":"-1"}},{"pitcher":{,"PLAYERID":"odellbi01","YEARID":"1961","STINT":"1","TEAMID":"SFN","LGID":"NL","W":"7","L":"5","G":"46","GS":"14","CG":"4","SHO":"1","SV":"2","IPOUTS":"391","H":"132","ER":"52","HR":"10","BB":"33","SO":"110","BAOPP":"0.26","ERA":"3.59","IBB":"6","WP":"2","HBP":"1","BK":"0","BFP":"554","GF":"9","R":"63","SH":"-1","SF":"-1","GIDP":"-1"}},{"pitcher":{,"PLAYERID":"olivoch01","YEARID":"1961","STINT":"1","TEAMID":"ML1","LGID":"NL","W":"0","L":"0","G":"3","GS":"0","CG":"0","SHO":"0","SV":"0","IPOUTS":"6","H":"3","ER":"4","HR":"1","BB":"5","SO":"1","BAOPP":"0.5","ERA":"18.0","IBB":"1","WP":"0","HBP":"0","BK":"0","BFP":"12","GF":"1","R":"4","SH":"-1","SF":"-1","GIDP":"-1"}},{"pitcher":{,"PLAYERID":"ortegph01","YEARID":"1961","STINT":"1","TEAMID":"LAN","LGID":"NL","W":"0","L":"2","G":"4","GS":"2","CG":"1","SHO":"0","SV":"0","IPOUTS":"39","H":"10","ER":"8","HR":"6","BB":"2","SO":"15","BAOPP":"0.2","ERA":"5.54","IBB":"0","WP":"0","HBP":"0","BK":"0","BFP":"50","GF":"2","R":"9","SH":"-1","SF":"-1","GIDP":"-1"}},{"pitcher":{,"PLAYERID":"osteecl01","YEARID":"1961","STINT":"1","TEAMID":"CIN","LGID":"NL","W":"0","L":"0","G":"1","GS":"0","CG":"0","SHO":"0","SV":"0","IPOUTS":"1","H":"0","ER":"0","HR":"0","BB":"0","SO":"0","BAOPP":"0.0","ERA":"0.0","IBB":"0","WP":"0","HBP":"0","BK":"0","BFP":"1","GF":"1","R":"0","SH":"-1","SF":"-1","GIDP":"-1"}},{"pitcher":{,"PLAYERID":"osteecl01","YEARID":"1961","STINT":"2","TEAMID":"WS2","LGID":"AL","W":"1","L":"1","G":"3","GS":"3","CG":"0","SHO":"0","SV":"0","IPOUTS":"55","H":"14","ER":"10","HR":"3","BB":"9","SO":"14","BAOPP":"0.21","ERA":"4.91","IBB":"0","WP":"2","HBP":"1","BK":"1","BFP":"76","GF":"0","R":"11","SH":"-1","SF":"-1","GIDP":"-1"}},{"pitcher":{,"PLAYERID":"otoolji01","YEARID":"1961","STINT":"1","TEAMID":"CIN","LGID":"NL","W":"19","L":"9","G":"39","GS":"35","CG":"11","SHO":"3","SV":"2","IPOUTS":"758","H":"229","ER":"87","HR":"16","BB":"93","SO":"178","BAOPP":"0.24","ERA":"3.1","IBB":"7","WP":"6","HBP":"3","BK":"2","BFP":"1061","GF":"2","R":"101","SH":"-1","SF":"-1","GIDP":"-1"}},{"pitcher":{,"PLAYERID":"owensji01","YEARID":"1961","STINT":"1","TEAMID":"PHI","LGID":"NL","W":"5","L":"10","G":"20","GS":"17","CG":"3","SHO":"0","SV":"0","IPOUTS":"320","H":"119","ER":"53","HR":"8","BB":"32","SO":"38","BAOPP":"0.28","ERA":"4.47","IBB":"2","WP":"7","HBP":"0","BK":"0","BFP":"458","GF":"1","R":"62","SH":"-1","SF":"-1","GIDP":"-1"}},{"pitcher":{,"PLAYERID":"palmqed01","YEARID":"1961","STINT":"1","TEAMID":"LAN","LGID":"NL","W":"0","L":"1","G":"5","GS":"0","CG":"0","SHO":"0","SV":"1","IPOUTS":"26","H":"10","ER":"6","HR":"0","BB":"7","SO":"5","BAOPP":"0.33","ERA":"6.23","IBB":"0","WP":"2","HBP":"2","BK":"0","BFP":"43","GF":"3","R":"8","SH":"-1","SF":"-1","GIDP":"-1"}},{"pitcher":{,"PLAYERID":"palmqed01","YEARID":"1961","STINT":"2","TEAMID":"MIN","LGID":"AL","W":"1","L":"1","G":"9","GS":"2","CG":"0","SHO":"0","SV":"0","IPOUTS":"63","H":"33","ER":"22","HR":"7","BB":"13","SO":"13","BAOPP":"0.35","ERA":"9.43","IBB":"3","WP":"0","HBP":"3","BK":"0","BFP":"110","GF":"3","R":"23","SH":"-1","SF":"-1","GIDP":"-1"}},{"pitcher":{,"PLAYERID":"papajo01","YEARID":"1961","STINT":"1","TEAMID":"BAL","LGID":"AL","W":"0","L":"0","G":"2","GS":"0","CG":"0","SHO":"0","SV":"0","IPOUTS":"3","H":"2","ER":"2","HR":"1","BB":"3","SO":"3","BAOPP":"0.4","ERA":"18.0","IBB":"0","WP":"0","HBP":"0","BK":"0","BFP":"8","GF":"0","R":"2","SH":"-1","SF":"-1","GIDP":"-1"}},{"pitcher":{,"PLAYERID":"pappami01","YEARID":"1961","STINT":"1","TEAMID":"BAL","LGID":"AL","W":"13","L":"9","G":"26","GS":"23","CG":"11","SHO":"4","SV":"1","IPOUTS":"533","H":"134","ER":"60","HR":"16","BB":"78","SO":"89","BAOPP":"0.2","ERA":"3.04","IBB":"5","WP":"7","HBP":"7","BK":"0","BFP":"736","GF":"3","R":"67","SH":"-1","SF":"-1","GIDP":"-1"}},{"pitcher":{,"PLAYERID":"pascuca02","YEARID":"1961","STINT":"1","TEAMID":"MIN","LGID":"AL","W":"15","L":"16","G":"35","GS":"33","CG":"15","SHO":"8","SV":"0","IPOUTS":"757","H":"205","ER":"97","HR":"26","BB":"100","SO":"221","BAOPP":"0.21","ERA":"3.46","IBB":"1","WP":"7","HBP":"3","BK":"0","BFP":"1056","GF":"1","R":"114","SH":"-1","SF":"-1","GIDP":"-1"}},{"pitcher":{,"PLAYERID":"perraro01","YEARID":"1961","STINT":"1","TEAMID":"LAN","LGID":"NL","W":"7","L":"5","G":"53","GS":"1","CG":"0","SHO":"0","SV":"6","IPOUTS":"275","H":"82","ER":"27","HR":"5","BB":"41","SO":"56","BAOPP":"0.24","ERA":"2.65","IBB":"7","WP":"4","HBP":"4","BK":"1","BFP":"393","GF":"15","R":"31","SH":"-1","SF":"-1","GIDP":"-1"}},{"pitcher":{,"PLAYERID":"perryji01","YEARID":"1961","STINT":"1","TEAMID":"CLE","LGID":"AL","W":"10","L":"17","G":"35","GS":"35","CG":"6","SHO":"1","SV":"0","IPOUTS":"671","H":"238","ER":"117","HR":"28","BB":"87","SO":"90","BAOPP":"0.27","ERA":"4.71","IBB":"5","WP":"5","HBP":"6","BK":"0","BFP":"983","GF":"0","R":"132","SH":"-1","SF":"-1","GIDP":"-1"}},{"pitcher":{,"PLAYERID":"peterga01","YEARID":"1961","STINT":"1","TEAMID":"CHA","LGID":"AL","W":"0","L":"0","G":"3","GS":"0","CG":"0","SHO":"0","SV":"1","IPOUTS":"31","H":"10","ER":"2","HR":"0","BB":"2","SO":"6","BAOPP":"0.27","ERA":"1.74","IBB":"0","WP":"0","HBP":"0","BK":"0","BFP":"41","GF":"2","R":"2","SH":"-1","SF":"-1","GIDP":"-1"}},{"pitcher":{,"PLAYERID":"pfistda01","YEARID":"1961","STINT":"1","TEAMID":"KC1","LGID":"AL","W":"0","L":"0","G":"2","GS":"0","CG":"0","SHO":"0","SV":"0","IPOUTS":"7","H":"5","ER":"4","HR":"2","BB":"4","SO":"3","BAOPP":"0.41","ERA":"15.43","IBB":"0","WP":"1","HBP":"0","BK":"0","BFP":"16","GF":"0","R":"4","SH":"-1","SF":"-1","GIDP":"-1"}},{"pitcher":{,"PLAYERID":"pichero01","YEARID":"1961","STINT":"1","TEAMID":"ML1","LGID":"NL","W":"2","L":"2","G":"12","GS":"1","CG":"1","SHO":"0","SV":"1","IPOUTS":"70","H":"20","ER":"9","HR":"1","BB":"16","SO":"16","BAOPP":"0.23","ERA":"3.47","IBB":"2","WP":"0","HBP":"0","BK":"0","BFP":"104","GF":"5","R":"12","SH":"-1","SF":"-1","GIDP":"-1"}},{"pitcher":{,"PLAYERID":"piercbi02","YEARID":"1961","STINT":"1","TEAMID":"CHA","LGID":"AL","W":"10","L":"9","G":"39","GS":"28","CG":"5","SHO":"1","SV":"3","IPOUTS":"540","H":"190","ER":"76","HR":"17","BB":"54","SO":"106","BAOPP":"0.27","ERA":"3.8","IBB":"3","WP":"2","HBP":"1","BK":"0","BFP":"764","GF":"5","R":"85","SH":"-1","SF":"-1","GIDP":"-1"}},{"pitcher":{,"PLAYERID":"pizarju01","YEARID":"1961","STINT":"1","TEAMID":"CHA","LGID":"AL","W":"14","L":"7","G":"39","GS":"25","CG":"12","SHO":"1","SV":"2","IPOUTS":"584","H":"164","ER":"66","HR":"17","BB":"89","SO":"188","BAOPP":"0.22","ERA":"3.05","IBB":"1","WP":"5","HBP":"4","BK":"0","BFP":"832","GF":"8","R":"73","SH":"-1","SF":"-1","GIDP":"-1"}},{"pitcher":{,"PLAYERID":"pleisbi01","YEARID":"1961","STINT":"1","TEAMID":"MIN","LGID":"AL","W":"4","L":"2","G":"37","GS":"0","CG":"0","SHO":"0","SV":"2","IPOUTS":"169","H":"59","ER":"31","HR":"4","BB":"34","SO":"32","BAOPP":"0.26","ERA":"4.95","IBB":"5","WP":"1","HBP":"4","BK":"0","BFP":"267","GF":"16","R":"35","SH":"-1","SF":"-1","GIDP":"-1"}},{"pitcher":{,"PLAYERID":"podrejo01","YEARID":"1961","STINT":"1","TEAMID":"LAN","LGID":"NL","W":"18","L":"5","G":"32","GS":"29","CG":"6","SHO":"1","SV":"0","IPOUTS":"548","H":"192","ER":"76","HR":"27","BB":"51","SO":"124","BAOPP":"0.27","ERA":"3.74","IBB":"2","WP":"8","HBP":"4","BK":"0","BFP":"772","GF":"2","R":"81","SH":"-1","SF":"-1","GIDP":"-1"}},{"pitcher":{,"PLAYERID":"purkebo01","YEARID":"1961","STINT":"1","TEAMID":"CIN","LGID":"NL","W":"16","L":"12","G":"36","GS":"34","CG":"13","SHO":"1","SV":"1","IPOUTS":"739","H":"245","ER":"102","HR":"27","BB":"51","SO":"116","BAOPP":"0.25","ERA":"3.73","IBB":"4","WP":"7","HBP":"6","BK":"0","BFP":"1031","GF":"2","R":"118","SH":"-1","SF":"-1","GIDP":"-1"}},{"pitcher":{,"PLAYERID":"rakowed01","YEARID":"1961","STINT":"1","TEAMID":"KC1","LGID":"AL","W":"2","L":"8","G":"45","GS":"11","CG":"1","SHO":"0","SV":"1","IPOUTS":"374","H":"131","ER":"66","HR":"14","BB":"49","SO":"81","BAOPP":"0.26","ERA":"4.76","IBB":"1","WP":"8","HBP":"8","BK":"0","BFP":"556","GF":"8","R":"80","SH":"-1","SF":"-1","GIDP":"-1"}},{"pitcher":{,"PLAYERID":"ramospe01","YEARID":"1961","STINT":"1","TEAMID":"MIN","LGID":"AL","W":"11","L":"20","G":"42","GS":"34","CG":"9","SHO":"3","SV":"2","IPOUTS":"793","H":"265","ER":"116","HR":"39","BB":"79","SO":"174","BAOPP":"0.25","ERA":"3.95","IBB":"6","WP":"5","HBP":"4","BK":"0","BFP":"1123","GF":"6","R":"134","SH":"-1","SF":"-1","GIDP":"-1"}},{"pitcher":{,"PLAYERID":"raymocl01","YEARID":"1961","STINT":"1","TEAMID":"ML1","LGID":"NL","W":"1","L":"0","G":"13","GS":"0","CG":"0","SHO":"0","SV":"2","IPOUTS":"61","H":"22","ER":"9","HR":"2","BB":"9","SO":"13","BAOPP":"0.27","ERA":"3.98","IBB":"1","WP":"0","HBP":"1","BK":"0","BFP":"91","GF":"8","R":"9","SH":"-1","SF":"-1","GIDP":"-1"}},{"pitcher":{,"PLAYERID":"reganph01","YEARID":"1961","STINT":"1","TEAMID":"DET","LGID":"AL","W":"10","L":"7","G":"32","GS":"16","CG":"6","SHO":"0","SV":"2","IPOUTS":"360","H":"134","ER":"70","HR":"19","BB":"41","SO":"46","BAOPP":"0.28","ERA":"5.25","IBB":"1","WP":"1","HBP":"1","BK":"0","BFP":"526","GF":"7","R":"70","SH":"-1","SF":"-1","GIDP":"-1"}},{"pitcher":{,"PLAYERID":"renifha01","YEARID":"1961","STINT":"1","TEAMID":"NYA","LGID":"AL","W":"2","L":"0","G":"25","GS":"0","CG":"0","SHO":"0","SV":"2","IPOUTS":"136","H":"31","ER":"13","HR":"1","BB":"31","SO":"21","BAOPP":"0.19","ERA":"2.58","IBB":"3","WP":"4","HBP":"0","BK":"0","BFP":"190","GF":"16","R":"14","SH":"-1","SF":"-1","GIDP":"-1"}},{"pitcher":{,"PLAYERID":"roberro01","YEARID":"1961","STINT":"1","TEAMID":"PHI","LGID":"NL","W":"1","L":"10","G":"26","GS":"18","CG":"2","SHO":"0","SV":"0","IPOUTS":"351","H":"154","ER":"76","HR":"19","BB":"23","SO":"54","BAOPP":"0.32","ERA":"5.85","IBB":"6","WP":"1","HBP":"2","BK":"0","BFP":"512","GF":"3","R":"85","SH":"-1","SF":"-1","GIDP":"-1"}},{"pitcher":{,"PLAYERID":"roebued01","YEARID":"1961","STINT":"1","TEAMID":"LAN","LGID":"NL","W":"2","L":"0","G":"5","GS":"0","CG":"0","SHO":"0","SV":"0","IPOUTS":"27","H":"12","ER":"5","HR":"1","BB":"2","SO":"9","BAOPP":"0.32","ERA":"5.0","IBB":"0","WP":"0","HBP":"0","BK":"0","BFP":"39","GF":"3","R":"5","SH":"-1","SF":"-1","GIDP":"-1"}},{"pitcher":{,"PLAYERID":"sadecra01","YEARID":"1961","STINT":"1","TEAMID":"SLN","LGID":"NL","W":"14","L":"10","G":"31","GS":"31","CG":"13","SHO":"0","SV":"0","IPOUTS":"668","H":"196","ER":"92","HR":"28","BB":"102","SO":"114","BAOPP":"0.23","ERA":"3.72","IBB":"2","WP":"8","HBP":"3","BK":"0","BFP":"949","GF":"0","R":"100","SH":"-1","SF":"-1","GIDP":"-1"}},{"pitcher":{,"PLAYERID":"sadowte01","YEARID":"1961","STINT":"1","TEAMID":"MIN","LGID":"AL","W":"0","L":"2","G":"15","GS":"1","CG":"0","SHO":"0","SV":"0","IPOUTS":"99","H":"49","ER":"25","HR":"6","BB":"11","SO":"12","BAOPP":"0.34","ERA":"6.82","IBB":"2","WP":"2","HBP":"1","BK":"0","BFP":"157","GF":"6","R":"29","SH":"-1","SF":"-1","GIDP":"-1"}},{"pitcher":{,"PLAYERID":"sanfoja02","YEARID":"1961","STINT":"1","TEAMID":"SFN","LGID":"NL","W":"13","L":"9","G":"38","GS":"33","CG":"6","SHO":"0","SV":"0","IPOUTS":"652","H":"203","ER":"102","HR":"22","BB":"87","SO":"112","BAOPP":"0.24","ERA":"4.22","IBB":"7","WP":"3","HBP":"5","BK":"4","BFP":"923","GF":"1","R":"114","SH":"-1","SF":"-1","GIDP":"-1"}},{"pitcher":{,"PLAYERID":"schafjo01","YEARID":"1961","STINT":"2","TEAMID":"CLE","LGID":"AL","W":"0","L":"1","G":"15","GS":"0","CG":"0","SHO":"0","SV":"0","IPOUTS":"51","H":"16","ER":"9","HR":"2","BB":"14","SO":"9","BAOPP":"0.24","ERA":"4.76","IBB":"1","WP":"1","HBP":"1","BK":"0","BFP":"82","GF":"8","R":"11","SH":"-1","SF":"-1","GIDP":"-1"}},{"pitcher":{,"PLAYERID":"schafjo01","YEARID":"1961","STINT":"1","TEAMID":"CHN","LGID":"NL","W":"0","L":"4","G":"21","GS":"0","CG":"0","SHO":"0","SV":"0","IPOUTS":"115","H":"43","ER":"27","HR":"7","BB":"18","SO":"23","BAOPP":"0.29","ERA":"6.34","IBB":"2","WP":"4","HBP":"1","BK":"0","BFP":"170","GF":"7","R":"29","SH":"-1","SF":"-1","GIDP":"-1"}},{"pitcher":{,"PLAYERID":"schroal01","YEARID":"1961","STINT":"1","TEAMID":"MIN","LGID":"AL","W":"4","L":"4","G":"11","GS":"8","CG":"2","SHO":"0","SV":"0","IPOUTS":"150","H":"53","ER":"29","HR":"5","BB":"27","SO":"24","BAOPP":"0.26","ERA":"5.22","IBB":"1","WP":"4","HBP":"2","BK":"0","BFP":"228","GF":"1","R":"36","SH":"-1","SF":"-1","GIDP":"-1"}},{"pitcher":{,"PLAYERID":"schulba01","YEARID":"1961","STINT":"1","TEAMID":"CHN","LGID":"NL","W":"7","L":"6","G":"41","GS":"0","CG":"0","SHO":"0","SV":"7","IPOUTS":"200","H":"57","ER":"20","HR":"6","BB":"25","SO":"59","BAOPP":"0.22","ERA":"2.7","IBB":"4","WP":"6","HBP":"4","BK":"0","BFP":"286","GF":"25","R":"32","SH":"-1","SF":"-1","GIDP":"-1"}},{"pitcher":{,"PLAYERID":"schwado01","YEARID":"1961","STINT":"1","TEAMID":"BOS","LGID":"AL","W":"15","L":"7","G":"25","GS":"25","CG":"10","SHO":"2","SV":"0","IPOUTS":"536","H":"167","ER":"64","HR":"8","BB":"110","SO":"91","BAOPP":"0.25","ERA":"3.22","IBB":"1","WP":"6","HBP":"6","BK":"1","BFP":"786","GF":"0","R":"76","SH":"-1","SF":"-1","GIDP":"-1"}},{"pitcher":{,"PLAYERID":"scorehe01","YEARID":"1961","STINT":"1","TEAMID":"CHA","LGID":"AL","W":"1","L":"2","G":"8","GS":"5","CG":"1","SHO":"0","SV":"0","IPOUTS":"73","H":"22","ER":"18","HR":"3","BB":"24","SO":"14","BAOPP":"0.25","ERA":"6.66","IBB":"1","WP":"3","HBP":"0","BK":"1","BFP":"119","GF":"0","R":"19","SH":"-1","SF":"-1","GIDP":"-1"}},{"pitcher":{,"PLAYERID":"semprra01","YEARID":"1961","STINT":"1","TEAMID":"LAA","LGID":"AL","W":"0","L":"0","G":"2","GS":"0","CG":"0","SHO":"0","SV":"0","IPOUTS":"3","H":"1","ER":"1","HR":"0","BB":"3","SO":"1","BAOPP":"0.33","ERA":"9.0","IBB":"0","WP":"1","HBP":"0","BK":"0","BFP":"7","GF":"0","R":"2","SH":"-1","SF":"-1","GIDP":"-1"}},{"pitcher":{,"PLAYERID":"shantbo01","YEARID":"1961","STINT":"1","TEAMID":"PIT","LGID":"NL","W":"6","L":"3","G":"43","GS":"6","CG":"2","SHO":"1","SV":"2","IPOUTS":"268","H":"91","ER":"33","HR":"5","BB":"26","SO":"61","BAOPP":"0.27","ERA":"3.32","IBB":"6","WP":"0","HBP":"4","BK":"0","BFP":"377","GF":"16","R":"38","SH":"-1","SF":"-1","GIDP":"-1"}},{"pitcher":{,"PLAYERID":"shawbo01","YEARID":"1961","STINT":"1","TEAMID":"CHA","LGID":"AL","W":"3","L":"4","G":"14","GS":"10","CG":"3","SHO":"0","SV":"0","IPOUTS":"214","H":"85","ER":"30","HR":"11","BB":"20","SO":"31","BAOPP":"0.3","ERA":"3.79","IBB":"5","WP":"2","HBP":"1","BK":"0","BFP":"311","GF":"0","R":"40","SH":"-1","SF":"-1","GIDP":"-1"}},{"pitcher":{,"PLAYERID":"shawbo01","YEARID":"1961","STINT":"2","TEAMID":"KC1","LGID":"AL","W":"9","L":"10","G":"26","GS":"24","CG":"6","SHO":"0","SV":"0","IPOUTS":"451","H":"165","ER":"72","HR":"13","BB":"58","SO":"60","BAOPP":"0.28","ERA":"4.31","IBB":"2","WP":"4","HBP":"7","BK":"0","BFP":"672","GF":"1","R":"87","SH":"-1","SF":"-1","GIDP":"-1"}},{"pitcher":{,"PLAYERID":"sheldro01","YEARID":"1961","STINT":"1","TEAMID":"NYA","LGID":"AL","W":"11","L":"5","G":"35","GS":"21","CG":"6","SHO":"2","SV":"0","IPOUTS":"488","H":"149","ER":"65","HR":"17","BB":"55","SO":"84","BAOPP":"0.24","ERA":"3.6","IBB":"2","WP":"6","HBP":"2","BK":"0","BFP":"670","GF":"5","R":"70","SH":"-1","SF":"-1","GIDP":"-1"}},{"pitcher":{,"PLAYERID":"sherrla01","YEARID":"1961","STINT":"1","TEAMID":"LAN","LGID":"NL","W":"4","L":"4","G":"53","GS":"1","CG":"0","SHO":"0","SV":"15","IPOUTS":"284","H":"90","ER":"41","HR":"10","BB":"39","SO":"79","BAOPP":"0.25","ERA":"3.9","IBB":"9","WP":"6","HBP":"4","BK":"0","BFP":"404","GF":"34","R":"48","SH":"-1","SF":"-1","GIDP":"-1"}},{"pitcher":{,"PLAYERID":"shortch02","YEARID":"1961","STINT":"1","TEAMID":"PHI","LGID":"NL","W":"6","L":"12","G":"39","GS":"16","CG":"1","SHO":"0","SV":"1","IPOUTS":"382","H":"157","ER":"84","HR":"12","BB":"71","SO":"80","BAOPP":"0.3","ERA":"5.94","IBB":"11","WP":"14","HBP":"3","BK":"0","BFP":"602","GF":"11","R":"94","SH":"-1","SF":"-1","GIDP":"-1"}},{"pitcher":{,"PLAYERID":"simmocu01","YEARID":"1961","STINT":"1","TEAMID":"SLN","LGID":"NL","W":"9","L":"10","G":"30","GS":"29","CG":"6","SHO":"2","SV":"0","IPOUTS":"587","H":"203","ER":"68","HR":"14","BB":"64","SO":"99","BAOPP":"0.26","ERA":"3.13","IBB":"6","WP":"2","HBP":"4","BK":"0","BFP":"840","GF":"0","R":"91","SH":"-1","SF":"-1","GIDP":"-1"}},{"pitcher":{,"PLAYERID":"sisleda01","YEARID":"1961","STINT":"1","TEAMID":"WS2","LGID":"AL","W":"2","L":"8","G":"45","GS":"1","CG":"0","SHO":"0","SV":"11","IPOUTS":"181","H":"55","ER":"28","HR":"6","BB":"48","SO":"30","BAOPP":"0.25","ERA":"4.18","IBB":"5","WP":"3","HBP":"3","BK":"0","BFP":"276","GF":"29","R":"34","SH":"-1","SF":"-1","GIDP":"-1"}},{"pitcher":{,"PLAYERID":"spahnwa01","YEARID":"1961","STINT":"1","TEAMID":"ML1","LGID":"NL","W":"21","L":"13","G":"38","GS":"34","CG":"21","SHO":"4","SV":"0","IPOUTS":"788","H":"236","ER":"88","HR":"24","BB":"64","SO":"115","BAOPP":"0.24","ERA":"3.02","IBB":"1","WP":"4","HBP":"4","BK":"0","BFP":"1064","GF":"3","R":"96","SH":"-1","SF":"-1","GIDP":"-1"}},{"pitcher":{,"PLAYERID":"sprinja01","YEARID":"1961","STINT":"1","TEAMID":"LAA","LGID":"AL","W":"3","L":"0","G":"18","GS":"4","CG":"0","SHO":"0","SV":"0","IPOUTS":"114","H":"35","ER":"18","HR":"4","BB":"15","SO":"27","BAOPP":"0.24","ERA":"4.26","IBB":"2","WP":"1","HBP":"3","BK":"0","BFP":"166","GF":"4","R":"19","SH":"-1","SF":"-1","GIDP":"-1"}},{"pitcher":{,"PLAYERID":"sproubo01","YEARID":"1961","STINT":"1","TEAMID":"LAA","LGID":"AL","W":"0","L":"0","G":"1","GS":"1","CG":"0","SHO":"0","SV":"0","IPOUTS":"12","H":"4","ER":"2","HR":"0","BB":"3","SO":"2","BAOPP":"0.26","ERA":"4.5","IBB":"0","WP":"0","HBP":"0","BK":"0","BFP":"18","GF":"0","R":"3","SH":"-1","SF":"-1","GIDP":"-1"}},{"pitcher":{,"PLAYERID":"staffbi01","YEARID":"1961","STINT":"1","TEAMID":"NYA","LGID":"AL","W":"14","L":"9","G":"36","GS":"25","CG":"8","SHO":"3","SV":"2","IPOUTS":"585","H":"168","ER":"58","HR":"13","BB":"59","SO":"101","BAOPP":"0.23","ERA":"2.68","IBB":"4","WP":"1","HBP":"5","BK":"0","BFP":"796","GF":"6","R":"65","SH":"-1","SF":"-1","GIDP":"-1"}},{"pitcher":{,"PLAYERID":"stalege01","YEARID":"1961","STINT":"3","TEAMID":"DET","LGID":"AL","W":"1","L":"1","G":"13","GS":"0","CG":"0","SHO":"0","SV":"2","IPOUTS":"40","H":"15","ER":"5","HR":"1","BB":"6","SO":"8","BAOPP":"0.28","ERA":"3.38","IBB":"1","WP":"1","HBP":"0","BK":"0","BFP":"60","GF":"8","R":"6","SH":"-1","SF":"-1","GIDP":"-1"}},{"pitcher":{,"PLAYERID":"stalege01","YEARID":"1961","STINT":"2","TEAMID":"KC1","LGID":"AL","W":"1","L":"1","G":"23","GS":"0","CG":"0","SHO":"0","SV":"2","IPOUTS":"90","H":"32","ER":"12","HR":"4","BB":"10","SO":"16","BAOPP":"0.27","ERA":"3.6","IBB":"1","WP":"3","HBP":"2","BK":"0","BFP":"132","GF":"15","R":"15","SH":"-1","SF":"-1","GIDP":"-1"}},{"pitcher":{,"PLAYERID":"stalege01","YEARID":"1961","STINT":"1","TEAMID":"CHA","LGID":"AL","W":"0","L":"3","G":"16","GS":"0","CG":"0","SHO":"0","SV":"0","IPOUTS":"54","H":"17","ER":"10","HR":"3","BB":"5","SO":"8","BAOPP":"0.24","ERA":"5.0","IBB":"1","WP":"0","HBP":"0","BK":"0","BFP":"75","GF":"6","R":"10","SH":"-1","SF":"-1","GIDP":"-1"}},{"pitcher":{,"PLAYERID":"stalltr01","YEARID":"1961","STINT":"1","TEAMID":"BOS","LGID":"AL","W":"2","L":"7","G":"43","GS":"14","CG":"1","SHO":"0","SV":"2","IPOUTS":"398","H":"110","ER":"72","HR":"15","BB":"96","SO":"109","BAOPP":"0.22","ERA":"4.88","IBB":"2","WP":"3","HBP":"1","BK":"0","BFP":"587","GF":"10","R":"75","SH":"-1","SF":"-1","GIDP":"-1"}},{"pitcher":{,"PLAYERID":"stangle01","YEARID":"1961","STINT":"1","TEAMID":"MIN","LGID":"AL","W":"1","L":"0","G":"7","GS":"0","CG":"0","SHO":"0","SV":"0","IPOUTS":"37","H":"15","ER":"4","HR":"1","BB":"10","SO":"10","BAOPP":"0.29","ERA":"2.92","IBB":"1","WP":"1","HBP":"0","BK":"0","BFP":"61","GF":"3","R":"6","SH":"-1","SF":"-1","GIDP":"-1"}},{"pitcher":{,"PLAYERID":"stigmdi01","YEARID":"1961","STINT":"1","TEAMID":"CLE","LGID":"AL","W":"2","L":"5","G":"22","GS":"6","CG":"0","SHO":"0","SV":"0","IPOUTS":"193","H":"65","ER":"33","HR":"9","BB":"25","SO":"48","BAOPP":"0.26","ERA":"4.62","IBB":"1","WP":"3","HBP":"0","BK":"0","BFP":"279","GF":"5","R":"35","SH":"-1","SF":"-1","GIDP":"-1"}},{"pitcher":{,"PLAYERID":"stobbch01","YEARID":"1961","STINT":"1","TEAMID":"MIN","LGID":"AL","W":"2","L":"3","G":"24","GS":"3","CG":"0","SHO":"0","SV":"2","IPOUTS":"134","H":"56","ER":"37","HR":"8","BB":"15","SO":"17","BAOPP":"0.31","ERA":"7.46","IBB":"2","WP":"1","HBP":"2","BK":"0","BFP":"203","GF":"8","R":"37","SH":"-1","SF":"-1","GIDP":"-1"}},{"pitcher":{,"PLAYERID":"stockwe01","YEARID":"1961","STINT":"1","TEAMID":"BAL","LGID":"AL","W":"5","L":"0","G":"35","GS":"1","CG":"0","SHO":"0","SV":"3","IPOUTS":"215","H":"58","ER":"24","HR":"3","BB":"27","SO":"47","BAOPP":"0.22","ERA":"3.01","IBB":"2","WP":"0","HBP":"2","BK":"0","BFP":"293","GF":"19","R":"24","SH":"-1","SF":"-1","GIDP":"-1"}},{"pitcher":{,"PLAYERID":"sturdto01","YEARID":"1961","STINT":"2","TEAMID":"PIT","LGID":"NL","W":"5","L":"2","G":"13","GS":"11","CG":"6","SHO":"1","SV":"1","IPOUTS":"257","H":"81","ER":"27","HR":"6","BB":"17","SO":"45","BAOPP":"0.24","ERA":"2.84","IBB":"3","WP":"1","HBP":"1","BK":"0","BFP":"349","GF":"2","R":"29","SH":"-1","SF":"-1","GIDP":"-1"}},{"pitcher":{,"PLAYERID":"sturdto01","YEARID":"1961","STINT":"1","TEAMID":"WS2","LGID":"AL","W":"2","L":"6","G":"15","GS":"10","CG":"1","SHO":"1","SV":"0","IPOUTS":"240","H":"67","ER":"41","HR":"6","BB":"40","SO":"39","BAOPP":"0.23","ERA":"4.61","IBB":"3","WP":"6","HBP":"3","BK":"0","BFP":"339","GF":"3","R":"42","SH":"-1","SF":"-1","GIDP":"-1"}},{"pitcher":{,"PLAYERID":"sullifr01","YEARID":"1961","STINT":"1","TEAMID":"PHI","LGID":"NL","W":"3","L":"16","G":"49","GS":"18","CG":"1","SHO":"1","SV":"6","IPOUTS":"478","H":"161","ER":"76","HR":"19","BB":"55","SO":"114","BAOPP":"0.26","ERA":"4.29","IBB":"5","WP":"1","HBP":"5","BK":"0","BFP":"687","GF":"19","R":"93","SH":"-1","SF":"-1","GIDP":"-1"}},{"pitcher":{,"PLAYERID":"terryra01","YEARID":"1961","STINT":"1","TEAMID":"NYA","LGID":"AL","W":"16","L":"3","G":"31","GS":"27","CG":"9","SHO":"2","SV":"0","IPOUTS":"565","H":"162","ER":"66","HR":"19","BB":"42","SO":"86","BAOPP":"0.23","ERA":"3.15","IBB":"0","WP":"0","HBP":"1","BK":"0","BFP":"751","GF":"2","R":"74","SH":"-1","SF":"-1","GIDP":"-1"}},{"pitcher":{,"PLAYERID":"tiefebo01","YEARID":"1961","STINT":"1","TEAMID":"SLN","LGID":"NL","W":"0","L":"0","G":"3","GS":"0","CG":"0","SHO":"0","SV":"0","IPOUTS":"13","H":"9","ER":"3","HR":"0","BB":"4","SO":"3","BAOPP":"0.45","ERA":"6.23","IBB":"0","WP":"1","HBP":"0","BK":"0","BFP":"24","GF":"2","R":"4","SH":"-1","SF":"-1","GIDP":"-1"}},{"pitcher":{,"PLAYERID":"turlebo01","YEARID":"1961","STINT":"1","TEAMID":"NYA","LGID":"AL","W":"3","L":"5","G":"15","GS":"12","CG":"1","SHO":"0","SV":"0","IPOUTS":"216","H":"74","ER":"46","HR":"11","BB":"51","SO":"48","BAOPP":"0.26","ERA":"5.75","IBB":"0","WP":"2","HBP":"4","BK":"0","BFP":"334","GF":"1","R":"47","SH":"-1","SF":"-1","GIDP":"-1"}},{"pitcher":{,"PLAYERID":"umbriji01","YEARID":"1961","STINT":"1","TEAMID":"PIT","LGID":"NL","W":"0","L":"0","G":"1","GS":"0","CG":"0","SHO":"0","SV":"0","IPOUTS":"10","H":"5","ER":"1","HR":"0","BB":"2","SO":"1","BAOPP":"0.33","ERA":"2.7","IBB":"1","WP":"1","HBP":"0","BK":"0","BFP":"17","GF":"0","R":"2","SH":"-1","SF":"-1","GIDP":"-1"}},{"pitcher":{,"PLAYERID":"walkeje01","YEARID":"1961","STINT":"1","TEAMID":"KC1","LGID":"AL","W":"8","L":"14","G":"36","GS":"24","CG":"4","SHO":"0","SV":"2","IPOUTS":"504","H":"161","ER":"90","HR":"23","BB":"96","SO":"56","BAOPP":"0.25","ERA":"4.82","IBB":"2","WP":"9","HBP":"10","BK":"0","BFP":"758","GF":"10","R":"100","SH":"-1","SF":"-1","GIDP":"-1"}},{"pitcher":{,"PLAYERID":"washbra01","YEARID":"1961","STINT":"1","TEAMID":"SLN","LGID":"NL","W":"1","L":"1","G":"3","GS":"2","CG":"1","SHO":"0","SV":"0","IPOUTS":"61","H":"10","ER":"4","HR":"1","BB":"7","SO":"12","BAOPP":"0.15","ERA":"1.77","IBB":"0","WP":"1","HBP":"1","BK":"1","BFP":"75","GF":"1","R":"4","SH":"-1","SF":"-1","GIDP":"-1"}},{"pitcher":{,"PLAYERID":"wickeda01","YEARID":"1961","STINT":"1","TEAMID":"KC1","LGID":"AL","W":"2","L":"1","G":"17","GS":"0","CG":"0","SHO":"0","SV":"2","IPOUTS":"63","H":"25","ER":"12","HR":"0","BB":"5","SO":"10","BAOPP":"0.3","ERA":"5.14","IBB":"1","WP":"1","HBP":"2","BK":"0","BFP":"90","GF":"11","R":"12","SH":"-1","SF":"-1","GIDP":"-1"}},{"pitcher":{,"PLAYERID":"wilheho01","YEARID":"1961","STINT":"1","TEAMID":"BAL","LGID":"AL","W":"9","L":"7","G":"51","GS":"1","CG":"0","SHO":"0","SV":"18","IPOUTS":"329","H":"89","ER":"28","HR":"5","BB":"41","SO":"87","BAOPP":"0.21","ERA":"2.3","IBB":"5","WP":"3","HBP":"4","BK":"0","BFP":"458","GF":"43","R":"35","SH":"-1","SF":"-1","GIDP":"-1"}},{"pitcher":{,"PLAYERID":"willeca01","YEARID":"1961","STINT":"1","TEAMID":"ML1","LGID":"NL","W":"6","L":"12","G":"35","GS":"22","CG":"4","SHO":"0","SV":"0","IPOUTS":"479","H":"147","ER":"68","HR":"20","BB":"65","SO":"91","BAOPP":"0.24","ERA":"3.83","IBB":"9","WP":"5","HBP":"2","BK":"0","BFP":"676","GF":"6","R":"71","SH":"-1","SF":"-1","GIDP":"-1"}},{"pitcher":{,"PLAYERID":"willist02","YEARID":"1961","STINT":"1","TEAMID":"LAN","LGID":"NL","W":"15","L":"12","G":"41","GS":"35","CG":"6","SHO":"2","SV":"0","IPOUTS":"706","H":"213","ER":"102","HR":"21","BB":"108","SO":"205","BAOPP":"0.24","ERA":"3.9","IBB":"9","WP":"9","HBP":"6","BK":"2","BFP":"1008","GF":"3","R":"114","SH":"-1","SF":"-1","GIDP":"-1"}},{"pitcher":{,"PLAYERID":"willste01","YEARID":"1961","STINT":"1","TEAMID":"BOS","LGID":"AL","W":"3","L":"2","G":"17","GS":"0","CG":"0","SHO":"0","SV":"0","IPOUTS":"59","H":"24","ER":"13","HR":"2","BB":"19","SO":"11","BAOPP":"0.3","ERA":"5.95","IBB":"0","WP":"4","HBP":"0","BK":"0","BFP":"101","GF":"7","R":"17","SH":"-1","SF":"-1","GIDP":"-1"}},{"pitcher":{,"PLAYERID":"wittge01","YEARID":"1961","STINT":"1","TEAMID":"PIT","LGID":"NL","W":"0","L":"1","G":"9","GS":"1","CG":"0","SHO":"0","SV":"0","IPOUTS":"47","H":"17","ER":"11","HR":"5","BB":"5","SO":"9","BAOPP":"0.27","ERA":"6.32","IBB":"0","WP":"0","HBP":"0","BK":"0","BFP":"67","GF":"3","R":"12","SH":"-1","SF":"-1","GIDP":"-1"}},{"pitcher":{,"PLAYERID":"woodeha01","YEARID":"1961","STINT":"1","TEAMID":"WS2","LGID":"AL","W":"3","L":"2","G":"7","GS":"6","CG":"1","SHO":"0","SV":"0","IPOUTS":"121","H":"38","ER":"18","HR":"3","BB":"24","SO":"24","BAOPP":"0.25","ERA":"4.02","IBB":"0","WP":"4","HBP":"3","BK":"0","BFP":"181","GF":"0","R":"19","SH":"-1","SF":"-1","GIDP":"-1"}},{"pitcher":{,"PLAYERID":"woodeha01","YEARID":"1961","STINT":"2","TEAMID":"DET","LGID":"AL","W":"1","L":"1","G":"12","GS":"2","CG":"0","SHO":"0","SV":"0","IPOUTS":"55","H":"25","ER":"16","HR":"3","BB":"17","SO":"13","BAOPP":"0.31","ERA":"7.85","IBB":"1","WP":"1","HBP":"0","BK":"0","BFP":"98","GF":"2","R":"17","SH":"-1","SF":"-1","GIDP":"-1"}},{"pitcher":{,"PLAYERID":"woodwi01","YEARID":"1961","STINT":"1","TEAMID":"BOS","LGID":"AL","W":"0","L":"0","G":"6","GS":"1","CG":"0","SHO":"0","SV":"0","IPOUTS":"39","H":"14","ER":"8","HR":"2","BB":"7","SO":"7","BAOPP":"0.26","ERA":"5.54","IBB":"0","WP":"1","HBP":"0","BK":"0","BFP":"61","GF":"2","R":"8","SH":"-1","SF":"-1","GIDP":"-1"}},{"pitcher":{,"PLAYERID":"wrighme01","YEARID":"1961","STINT":"1","TEAMID":"CHN","LGID":"NL","W":"0","L":"1","G":"11","GS":"0","CG":"0","SHO":"0","SV":"0","IPOUTS":"63","H":"42","ER":"25","HR":"3","BB":"4","SO":"6","BAOPP":"0.41","ERA":"10.71","IBB":"0","WP":"1","HBP":"0","BK":"0","BFP":"107","GF":"5","R":"26","SH":"-1","SF":"-1","GIDP":"-1"}},{"pitcher":{,"PLAYERID":"wyattjo02","YEARID":"1961","STINT":"1","TEAMID":"KC1","LGID":"AL","W":"0","L":"0","G":"5","GS":"0","CG":"0","SHO":"0","SV":"1","IPOUTS":"22","H":"8","ER":"2","HR":"0","BB":"4","SO":"6","BAOPP":"0.29","ERA":"2.45","IBB":"0","WP":"1","HBP":"1","BK":"0","BFP":"35","GF":"5","R":"3","SH":"-1","SF":"-1","GIDP":"-1"}},{"pitcher":{,"PLAYERID":"wynnea01","YEARID":"1961","STINT":"1","TEAMID":"CHA","LGID":"AL","W":"8","L":"2","G":"17","GS":"16","CG":"5","SHO":"0","SV":"0","IPOUTS":"331","H":"88","ER":"43","HR":"11","BB":"47","SO":"64","BAOPP":"0.22","ERA":"3.51","IBB":"0","WP":"1","HBP":"1","BK":"0","BFP":"457","GF":"1","R":"43","SH":"-1","SF":"-1","GIDP":"-1"}},{"pitcher":{,"PLAYERID":"zannido01","YEARID":"1961","STINT":"1","TEAMID":"SFN","LGID":"NL","W":"1","L":"0","G":"8","GS":"0","CG":"0","SHO":"0","SV":"0","IPOUTS":"41","H":"13","ER":"6","HR":"1","BB":"12","SO":"11","BAOPP":"0.27","ERA":"3.95","IBB":"2","WP":"1","HBP":"0","BK":"0","BFP":"63","GF":"2","R":"7","SH":"-1","SF":"-1","GIDP":"-1"}}]