{"pitchers":[{"pitcher":{,"PLAYERID":"ackerto01","YEARID":"1958","STINT":"1","TEAMID":"CIN","LGID":"NL","W":"4","L":"3","G":"38","GS":"10","CG":"3","SHO":"0","SV":"1","IPOUTS":"374","H":"126","ER":"63","HR":"10","BB":"43","SO":"90","BAOPP":"0.26","ERA":"4.55","IBB":"6","WP":"2","HBP":"3","BK":"0","BFP":"528","GF":"4","R":"64","SH":"-1","SF":"-1","GIDP":"-1"}},{"pitcher":{,"PLAYERID":"aguirha01","YEARID":"1958","STINT":"1","TEAMID":"DET","LGID":"AL","W":"3","L":"4","G":"44","GS":"3","CG":"0","SHO":"0","SV":"5","IPOUTS":"209","H":"67","ER":"29","HR":"5","BB":"27","SO":"38","BAOPP":"0.25","ERA":"3.75","IBB":"2","WP":"1","HBP":"1","BK":"0","BFP":"299","GF":"16","R":"31","SH":"-1","SF":"-1","GIDP":"-1"}},{"pitcher":{,"PLAYERID":"albanjo01","YEARID":"1958","STINT":"1","TEAMID":"WS1","LGID":"AL","W":"0","L":"0","G":"6","GS":"0","CG":"0","SHO":"0","SV":"0","IPOUTS":"18","H":"8","ER":"3","HR":"1","BB":"2","SO":"3","BAOPP":"0.34","ERA":"4.5","IBB":"0","WP":"0","HBP":"0","BK":"0","BFP":"27","GF":"6","R":"3","SH":"-1","SF":"-1","GIDP":"-1"}},{"pitcher":{,"PLAYERID":"anderbo01","YEARID":"1958","STINT":"1","TEAMID":"CHN","LGID":"NL","W":"3","L":"3","G":"17","GS":"8","CG":"2","SHO":"0","SV":"0","IPOUTS":"197","H":"61","ER":"29","HR":"3","BB":"29","SO":"51","BAOPP":"0.25","ERA":"3.97","IBB":"1","WP":"1","HBP":"1","BK":"0","BFP":"275","GF":"4","R":"29","SH":"-1","SF":"-1","GIDP":"-1"}},{"pitcher":{,"PLAYERID":"anderjo02","YEARID":"1958","STINT":"1","TEAMID":"PHI","LGID":"NL","W":"0","L":"0","G":"5","GS":"1","CG":"0","SHO":"0","SV":"0","IPOUTS":"48","H":"26","ER":"14","HR":"5","BB":"4","SO":"9","BAOPP":"0.36","ERA":"7.88","IBB":"0","WP":"0","HBP":"1","BK":"0","BFP":"78","GF":"3","R":"17","SH":"-1","SF":"-1","GIDP":"-1"}},{"pitcher":{,"PLAYERID":"antonjo02","YEARID":"1958","STINT":"1","TEAMID":"SFN","LGID":"NL","W":"16","L":"13","G":"41","GS":"34","CG":"13","SHO":"0","SV":"3","IPOUTS":"725","H":"216","ER":"88","HR":"31","BB":"87","SO":"143","BAOPP":"0.23","ERA":"3.28","IBB":"7","WP":"4","HBP":"3","BK":"0","BFP":"1014","GF":"5","R":"101","SH":"-1","SF":"-1","GIDP":"-1"}},{"pitcher":{,"PLAYERID":"barclcu01","YEARID":"1958","STINT":"1","TEAMID":"SFN","LGID":"NL","W":"1","L":"0","G":"6","GS":"1","CG":"0","SHO":"0","SV":"0","IPOUTS":"48","H":"16","ER":"5","HR":"3","BB":"5","SO":"6","BAOPP":"0.25","ERA":"2.81","IBB":"3","WP":"0","HBP":"3","BK":"0","BFP":"70","GF":"2","R":"5","SH":"-1","SF":"-1","GIDP":"-1"}},{"pitcher":{,"PLAYERID":"barnefr02","YEARID":"1958","STINT":"1","TEAMID":"SLN","LGID":"NL","W":"1","L":"1","G":"8","GS":"1","CG":"0","SHO":"0","SV":"0","IPOUTS":"57","H":"19","ER":"16","HR":"3","BB":"16","SO":"17","BAOPP":"0.26","ERA":"7.58","IBB":"0","WP":"0","HBP":"2","BK":"0","BFP":"93","GF":"0","R":"16","SH":"-1","SF":"-1","GIDP":"-1"}},{"pitcher":{,"PLAYERID":"baumafr01","YEARID":"1958","STINT":"1","TEAMID":"BOS","LGID":"AL","W":"2","L":"2","G":"10","GS":"7","CG":"2","SHO":"0","SV":"0","IPOUTS":"157","H":"56","ER":"26","HR":"4","BB":"27","SO":"31","BAOPP":"0.27","ERA":"4.47","IBB":"2","WP":"1","HBP":"4","BK":"0","BFP":"236","GF":"0","R":"27","SH":"-1","SF":"-1","GIDP":"-1"}},{"pitcher":{,"PLAYERID":"beamoch01","YEARID":"1958","STINT":"1","TEAMID":"BAL","LGID":"AL","W":"1","L":"3","G":"21","GS":"3","CG":"0","SHO":"0","SV":"0","IPOUTS":"149","H":"47","ER":"24","HR":"3","BB":"21","SO":"26","BAOPP":"0.26","ERA":"4.35","IBB":"1","WP":"5","HBP":"6","BK":"1","BFP":"209","GF":"9","R":"27","SH":"-1","SF":"-1","GIDP":"-1"}},{"pitcher":{,"PLAYERID":"bellga01","YEARID":"1958","STINT":"1","TEAMID":"CLE","LGID":"AL","W":"12","L":"10","G":"33","GS":"23","CG":"10","SHO":"0","SV":"1","IPOUTS":"546","H":"141","ER":"67","HR":"17","BB":"73","SO":"110","BAOPP":"0.21","ERA":"3.31","IBB":"0","WP":"4","HBP":"5","BK":"0","BFP":"750","GF":"5","R":"70","SH":"-1","SF":"-1","GIDP":"-1"}},{"pitcher":{,"PLAYERID":"bessedo01","YEARID":"1958","STINT":"1","TEAMID":"LAN","LGID":"NL","W":"1","L":"0","G":"19","GS":"0","CG":"0","SHO":"0","SV":"0","IPOUTS":"73","H":"24","ER":"9","HR":"3","BB":"17","SO":"13","BAOPP":"0.27","ERA":"3.33","IBB":"0","WP":"0","HBP":"1","BK":"0","BFP":"107","GF":"0","R":"14","SH":"-1","SF":"-1","GIDP":"-1"}},{"pitcher":{,"PLAYERID":"birreba01","YEARID":"1958","STINT":"1","TEAMID":"LAN","LGID":"NL","W":"0","L":"0","G":"16","GS":"0","CG":"0","SHO":"0","SV":"1","IPOUTS":"102","H":"43","ER":"17","HR":"4","BB":"7","SO":"16","BAOPP":"0.3","ERA":"4.5","IBB":"3","WP":"1","HBP":"1","BK":"0","BFP":"149","GF":"6","R":"20","SH":"-1","SF":"-1","GIDP":"-1"}},{"pitcher":{,"PLAYERID":"blackro01","YEARID":"1958","STINT":"1","TEAMID":"PIT","LGID":"NL","W":"2","L":"1","G":"38","GS":"2","CG":"0","SHO":"0","SV":"3","IPOUTS":"191","H":"61","ER":"24","HR":"7","BB":"27","SO":"31","BAOPP":"0.26","ERA":"3.39","IBB":"5","WP":"1","HBP":"3","BK":"0","BFP":"278","GF":"15","R":"33","SH":"-1","SF":"-1","GIDP":"-1"}},{"pitcher":{,"PLAYERID":"bowsfte01","YEARID":"1958","STINT":"1","TEAMID":"BOS","LGID":"AL","W":"4","L":"2","G":"16","GS":"10","CG":"2","SHO":"0","SV":"0","IPOUTS":"197","H":"58","ER":"28","HR":"3","BB":"36","SO":"38","BAOPP":"0.23","ERA":"3.84","IBB":"1","WP":"1","HBP":"1","BK":"0","BFP":"290","GF":"3","R":"32","SH":"-1","SF":"-1","GIDP":"-1"}},{"pitcher":{,"PLAYERID":"breweto01","YEARID":"1958","STINT":"1","TEAMID":"BOS","LGID":"AL","W":"12","L":"12","G":"33","GS":"32","CG":"10","SHO":"1","SV":"0","IPOUTS":"682","H":"227","ER":"94","HR":"21","BB":"93","SO":"124","BAOPP":"0.25","ERA":"3.72","IBB":"2","WP":"4","HBP":"8","BK":"0","BFP":"992","GF":"1","R":"122","SH":"-1","SF":"-1","GIDP":"-1"}},{"pitcher":{,"PLAYERID":"briggjo01","YEARID":"1958","STINT":"1","TEAMID":"CHN","LGID":"NL","W":"5","L":"5","G":"20","GS":"17","CG":"3","SHO":"1","SV":"0","IPOUTS":"287","H":"99","ER":"48","HR":"12","BB":"45","SO":"46","BAOPP":"0.27","ERA":"4.52","IBB":"1","WP":"2","HBP":"1","BK":"2","BFP":"418","GF":"2","R":"52","SH":"-1","SF":"-1","GIDP":"-1"}},{"pitcher":{,"PLAYERID":"brododi01","YEARID":"1958","STINT":"1","TEAMID":"CLE","LGID":"AL","W":"1","L":"0","G":"5","GS":"0","CG":"0","SHO":"0","SV":"0","IPOUTS":"30","H":"3","ER":"0","HR":"0","BB":"6","SO":"12","BAOPP":"0.1","ERA":"0.0","IBB":"0","WP":"0","HBP":"0","BK":"0","BFP":"37","GF":"1","R":"0","SH":"-1","SF":"-1","GIDP":"-1"}},{"pitcher":{,"PLAYERID":"brosnji01","YEARID":"1958","STINT":"1","TEAMID":"CHN","LGID":"NL","W":"3","L":"4","G":"8","GS":"8","CG":"2","SHO":"0","SV":"0","IPOUTS":"155","H":"41","ER":"18","HR":"3","BB":"29","SO":"24","BAOPP":"0.22","ERA":"3.14","IBB":"3","WP":"0","HBP":"0","BK":"0","BFP":"215","GF":"0","R":"20","SH":"-1","SF":"-1","GIDP":"-1"}},{"pitcher":{,"PLAYERID":"brosnji01","YEARID":"1958","STINT":"2","TEAMID":"SLN","LGID":"NL","W":"8","L":"4","G":"33","GS":"12","CG":"2","SHO":"0","SV":"7","IPOUTS":"345","H":"107","ER":"44","HR":"10","BB":"50","SO":"65","BAOPP":"0.25","ERA":"3.44","IBB":"3","WP":"1","HBP":"1","BK":"0","BFP":"487","GF":"14","R":"46","SH":"-1","SF":"-1","GIDP":"-1"}},{"pitcher":{,"PLAYERID":"brownha01","YEARID":"1958","STINT":"1","TEAMID":"BAL","LGID":"AL","W":"7","L":"5","G":"19","GS":"17","CG":"4","SHO":"2","SV":"1","IPOUTS":"290","H":"96","ER":"33","HR":"9","BB":"20","SO":"44","BAOPP":"0.25","ERA":"3.07","IBB":"0","WP":"1","HBP":"0","BK":"0","BFP":"396","GF":"1","R":"35","SH":"-1","SF":"-1","GIDP":"-1"}},{"pitcher":{,"PLAYERID":"buhlbo01","YEARID":"1958","STINT":"1","TEAMID":"ML1","LGID":"NL","W":"5","L":"2","G":"11","GS":"10","CG":"3","SHO":"0","SV":"1","IPOUTS":"219","H":"74","ER":"28","HR":"5","BB":"30","SO":"27","BAOPP":"0.26","ERA":"3.45","IBB":"0","WP":"3","HBP":"1","BK":"0","BFP":"319","GF":"1","R":"33","SH":"-1","SF":"-1","GIDP":"-1"}},{"pitcher":{,"PLAYERID":"bunniji01","YEARID":"1958","STINT":"1","TEAMID":"DET","LGID":"AL","W":"14","L":"12","G":"35","GS":"34","CG":"10","SHO":"3","SV":"0","IPOUTS":"659","H":"188","ER":"86","HR":"28","BB":"79","SO":"177","BAOPP":"0.22","ERA":"3.52","IBB":"4","WP":"5","HBP":"10","BK":"3","BFP":"923","GF":"0","R":"96","SH":"-1","SF":"-1","GIDP":"-1"}},{"pitcher":{,"PLAYERID":"burdele01","YEARID":"1958","STINT":"1","TEAMID":"ML1","LGID":"NL","W":"20","L":"10","G":"40","GS":"36","CG":"19","SHO":"3","SV":"0","IPOUTS":"826","H":"279","ER":"89","HR":"18","BB":"50","SO":"113","BAOPP":"0.26","ERA":"2.91","IBB":"7","WP":"1","HBP":"5","BK":"0","BFP":"1122","GF":"2","R":"102","SH":"-1","SF":"-1","GIDP":"-1"}},{"pitcher":{,"PLAYERID":"burnewa01","YEARID":"1958","STINT":"1","TEAMID":"KC1","LGID":"AL","W":"1","L":"1","G":"12","GS":"4","CG":"0","SHO":"0","SV":"0","IPOUTS":"85","H":"29","ER":"11","HR":"2","BB":"14","SO":"11","BAOPP":"0.26","ERA":"3.49","IBB":"0","WP":"1","HBP":"0","BK":"0","BFP":"125","GF":"4","R":"14","SH":"-1","SF":"-1","GIDP":"-1"}},{"pitcher":{,"PLAYERID":"burnspe01","YEARID":"1958","STINT":"1","TEAMID":"SFN","LGID":"NL","W":"0","L":"0","G":"6","GS":"1","CG":"0","SHO":"0","SV":"0","IPOUTS":"32","H":"20","ER":"8","HR":"3","BB":"5","SO":"4","BAOPP":"0.4","ERA":"6.75","IBB":"0","WP":"0","HBP":"0","BK":"0","BFP":"55","GF":"3","R":"10","SH":"-1","SF":"-1","GIDP":"-1"}},{"pitcher":{,"PLAYERID":"buzhajo01","YEARID":"1958","STINT":"1","TEAMID":"CHN","LGID":"NL","W":"3","L":"0","G":"6","GS":"2","CG":"1","SHO":"0","SV":"0","IPOUTS":"73","H":"16","ER":"5","HR":"2","BB":"7","SO":"9","BAOPP":"0.18","ERA":"1.85","IBB":"1","WP":"0","HBP":"0","BK":"1","BFP":"95","GF":"1","R":"5","SH":"-1","SF":"-1","GIDP":"-1"}},{"pitcher":{,"PLAYERID":"byerlbu01","YEARID":"1958","STINT":"2","TEAMID":"BOS","LGID":"AL","W":"1","L":"2","G":"18","GS":"0","CG":"0","SHO":"0","SV":"0","IPOUTS":"91","H":"31","ER":"6","HR":"1","BB":"7","SO":"16","BAOPP":"0.27","ERA":"1.78","IBB":"3","WP":"0","HBP":"1","BK":"0","BFP":"128","GF":"10","R":"12","SH":"-1","SF":"-1","GIDP":"-1"}},{"pitcher":{,"PLAYERID":"byerlbu01","YEARID":"1958","STINT":"1","TEAMID":"WS1","LGID":"AL","W":"2","L":"0","G":"17","GS":"0","CG":"0","SHO":"0","SV":"1","IPOUTS":"72","H":"34","ER":"18","HR":"4","BB":"11","SO":"13","BAOPP":"0.34","ERA":"6.75","IBB":"2","WP":"0","HBP":"1","BK":"0","BFP":"114","GF":"12","R":"20","SH":"-1","SF":"-1","GIDP":"-1"}},{"pitcher":{,"PLAYERID":"cardwdo01","YEARID":"1958","STINT":"1","TEAMID":"PHI","LGID":"NL","W":"3","L":"6","G":"16","GS":"14","CG":"3","SHO":"0","SV":"0","IPOUTS":"323","H":"99","ER":"54","HR":"16","BB":"37","SO":"77","BAOPP":"0.24","ERA":"4.51","IBB":"4","WP":"5","HBP":"2","BK":"1","BFP":"452","GF":"1","R":"55","SH":"-1","SF":"-1","GIDP":"-1"}},{"pitcher":{,"PLAYERID":"casalje01","YEARID":"1958","STINT":"1","TEAMID":"BOS","LGID":"AL","W":"0","L":"0","G":"2","GS":"0","CG":"0","SHO":"0","SV":"0","IPOUTS":"9","H":"1","ER":"0","HR":"0","BB":"2","SO":"3","BAOPP":"0.11","ERA":"0.0","IBB":"0","WP":"0","HBP":"0","BK":"1","BFP":"11","GF":"2","R":"0","SH":"-1","SF":"-1","GIDP":"-1"}},{"pitcher":{,"PLAYERID":"chittne01","YEARID":"1958","STINT":"1","TEAMID":"SLN","LGID":"NL","W":"0","L":"1","G":"13","GS":"2","CG":"0","SHO":"0","SV":"0","IPOUTS":"88","H":"31","ER":"21","HR":"5","BB":"7","SO":"13","BAOPP":"0.26","ERA":"6.44","IBB":"0","WP":"2","HBP":"1","BK":"1","BFP":"127","GF":"3","R":"21","SH":"-1","SF":"-1","GIDP":"-1"}},{"pitcher":{,"PLAYERID":"churnch01","YEARID":"1958","STINT":"1","TEAMID":"CLE","LGID":"AL","W":"0","L":"0","G":"6","GS":"0","CG":"0","SHO":"0","SV":"0","IPOUTS":"26","H":"12","ER":"6","HR":"1","BB":"5","SO":"4","BAOPP":"0.34","ERA":"6.23","IBB":"0","WP":"0","HBP":"0","BK":"1","BFP":"41","GF":"2","R":"7","SH":"-1","SF":"-1","GIDP":"-1"}},{"pitcher":{,"PLAYERID":"cicotal01","YEARID":"1958","STINT":"2","TEAMID":"DET","LGID":"AL","W":"3","L":"1","G":"14","GS":"2","CG":"0","SHO":"0","SV":"0","IPOUTS":"129","H":"50","ER":"17","HR":"1","BB":"15","SO":"21","BAOPP":"0.3","ERA":"3.56","IBB":"1","WP":"3","HBP":"0","BK":"0","BFP":"185","GF":"3","R":"19","SH":"-1","SF":"-1","GIDP":"-1"}},{"pitcher":{,"PLAYERID":"cicotal01","YEARID":"1958","STINT":"1","TEAMID":"WS1","LGID":"AL","W":"0","L":"3","G":"8","GS":"4","CG":"0","SHO":"0","SV":"0","IPOUTS":"84","H":"36","ER":"15","HR":"3","BB":"14","SO":"14","BAOPP":"0.31","ERA":"4.82","IBB":"0","WP":"2","HBP":"0","BK":"0","BFP":"130","GF":"3","R":"18","SH":"-1","SF":"-1","GIDP":"-1"}},{"pitcher":{,"PLAYERID":"clarkph01","YEARID":"1958","STINT":"1","TEAMID":"SLN","LGID":"NL","W":"0","L":"1","G":"7","GS":"0","CG":"0","SHO":"0","SV":"1","IPOUTS":"23","H":"11","ER":"3","HR":"2","BB":"3","SO":"1","BAOPP":"0.35","ERA":"3.52","IBB":"0","WP":"0","HBP":"0","BK":"0","BFP":"35","GF":"3","R":"5","SH":"-1","SF":"-1","GIDP":"-1"}},{"pitcher":{,"PLAYERID":"clevete01","YEARID":"1958","STINT":"1","TEAMID":"WS1","LGID":"AL","W":"9","L":"9","G":"55","GS":"4","CG":"0","SHO":"0","SV":"6","IPOUTS":"372","H":"119","ER":"60","HR":"12","BB":"50","SO":"70","BAOPP":"0.25","ERA":"4.35","IBB":"6","WP":"2","HBP":"1","BK":"0","BFP":"535","GF":"29","R":"65","SH":"-1","SF":"-1","GIDP":"-1"}},{"pitcher":{,"PLAYERID":"colavro01","YEARID":"1958","STINT":"1","TEAMID":"CLE","LGID":"AL","W":"0","L":"0","G":"1","GS":"0","CG":"0","SHO":"0","SV":"0","IPOUTS":"9","H":"0","ER":"0","HR":"0","BB":"3","SO":"1","BAOPP":"0.0","ERA":"0.0","IBB":"0","WP":"0","HBP":"0","BK":"1","BFP":"12","GF":"1","R":"0","SH":"-1","SF":"-1","GIDP":"-1"}},{"pitcher":{,"PLAYERID":"colluja01","YEARID":"1958","STINT":"1","TEAMID":"LAN","LGID":"NL","W":"0","L":"0","G":"2","GS":"0","CG":"0","SHO":"0","SV":"0","IPOUTS":"10","H":"4","ER":"3","HR":"2","BB":"2","SO":"0","BAOPP":"0.3","ERA":"8.1","IBB":"0","WP":"0","HBP":"0","BK":"0","BFP":"15","GF":"0","R":"3","SH":"-1","SF":"-1","GIDP":"-1"}},{"pitcher":{,"PLAYERID":"conlebo01","YEARID":"1958","STINT":"1","TEAMID":"PHI","LGID":"NL","W":"0","L":"0","G":"2","GS":"2","CG":"0","SHO":"0","SV":"0","IPOUTS":"25","H":"9","ER":"7","HR":"0","BB":"1","SO":"0","BAOPP":"0.27","ERA":"7.56","IBB":"0","WP":"1","HBP":"0","BK":"0","BFP":"36","GF":"0","R":"7","SH":"-1","SF":"-1","GIDP":"-1"}},{"pitcher":{,"PLAYERID":"conlege01","YEARID":"1958","STINT":"1","TEAMID":"ML1","LGID":"NL","W":"0","L":"6","G":"26","GS":"7","CG":"0","SHO":"0","SV":"2","IPOUTS":"216","H":"89","ER":"39","HR":"8","BB":"17","SO":"53","BAOPP":"0.3","ERA":"4.88","IBB":"1","WP":"2","HBP":"4","BK":"0","BFP":"317","GF":"12","R":"44","SH":"-1","SF":"-1","GIDP":"-1"}},{"pitcher":{,"PLAYERID":"constji01","YEARID":"1958","STINT":"3","TEAMID":"WS1","LGID":"AL","W":"0","L":"1","G":"15","GS":"2","CG":"0","SHO":"0","SV":"0","IPOUTS":"83","H":"29","ER":"15","HR":"3","BB":"15","SO":"25","BAOPP":"0.27","ERA":"4.88","IBB":"0","WP":"1","HBP":"1","BK":"0","BFP":"125","GF":"4","R":"15","SH":"-1","SF":"-1","GIDP":"-1"}},{"pitcher":{,"PLAYERID":"constji01","YEARID":"1958","STINT":"1","TEAMID":"SFN","LGID":"NL","W":"1","L":"0","G":"9","GS":"0","CG":"0","SHO":"0","SV":"1","IPOUTS":"24","H":"10","ER":"5","HR":"1","BB":"3","SO":"4","BAOPP":"0.32","ERA":"5.63","IBB":"0","WP":"0","HBP":"0","BK":"1","BFP":"35","GF":"3","R":"6","SH":"-1","SF":"-1","GIDP":"-1"}},{"pitcher":{,"PLAYERID":"constji01","YEARID":"1958","STINT":"2","TEAMID":"CLE","LGID":"AL","W":"0","L":"1","G":"6","GS":"2","CG":"0","SHO":"0","SV":"0","IPOUTS":"28","H":"17","ER":"12","HR":"1","BB":"4","SO":"3","BAOPP":"0.41","ERA":"11.57","IBB":"0","WP":"0","HBP":"1","BK":"0","BFP":"47","GF":"1","R":"13","SH":"-1","SF":"-1","GIDP":"-1"}},{"pitcher":{,"PLAYERID":"coxgl01","YEARID":"1958","STINT":"1","TEAMID":"KC1","LGID":"AL","W":"0","L":"0","G":"2","GS":"0","CG":"0","SHO":"0","SV":"0","IPOUTS":"11","H":"6","ER":"4","HR":"1","BB":"3","SO":"1","BAOPP":"0.4","ERA":"9.82","IBB":"0","WP":"0","HBP":"0","BK":"0","BFP":"19","GF":"0","R":"4","SH":"-1","SF":"-1","GIDP":"-1"}},{"pitcher":{,"PLAYERID":"craddwa01","YEARID":"1958","STINT":"1","TEAMID":"KC1","LGID":"AL","W":"0","L":"3","G":"23","GS":"1","CG":"0","SHO":"0","SV":"0","IPOUTS":"110","H":"41","ER":"24","HR":"4","BB":"20","SO":"22","BAOPP":"0.28","ERA":"5.89","IBB":"0","WP":"0","HBP":"1","BK":"0","BFP":"168","GF":"13","R":"25","SH":"-1","SF":"-1","GIDP":"-1"}},{"pitcher":{,"PLAYERID":"craigro01","YEARID":"1958","STINT":"1","TEAMID":"LAN","LGID":"NL","W":"2","L":"1","G":"9","GS":"2","CG":"1","SHO":"0","SV":"0","IPOUTS":"96","H":"30","ER":"16","HR":"3","BB":"12","SO":"16","BAOPP":"0.24","ERA":"4.5","IBB":"1","WP":"3","HBP":"0","BK":"1","BFP":"136","GF":"1","R":"20","SH":"-1","SF":"-1","GIDP":"-1"}},{"pitcher":{,"PLAYERID":"cronera01","YEARID":"1958","STINT":"1","TEAMID":"SFN","LGID":"NL","W":"1","L":"2","G":"14","GS":"1","CG":"0","SHO":"0","SV":"0","IPOUTS":"72","H":"35","ER":"18","HR":"5","BB":"13","SO":"7","BAOPP":"0.35","ERA":"6.75","IBB":"0","WP":"3","HBP":"0","BK":"0","BFP":"116","GF":"6","R":"18","SH":"-1","SF":"-1","GIDP":"-1"}},{"pitcher":{,"PLAYERID":"daleybu01","YEARID":"1958","STINT":"1","TEAMID":"KC1","LGID":"AL","W":"3","L":"2","G":"26","GS":"5","CG":"1","SHO":"0","SV":"0","IPOUTS":"212","H":"67","ER":"26","HR":"5","BB":"19","SO":"39","BAOPP":"0.24","ERA":"3.31","IBB":"1","WP":"4","HBP":"6","BK":"0","BFP":"297","GF":"2","R":"29","SH":"-1","SF":"-1","GIDP":"-1"}},{"pitcher":{,"PLAYERID":"daniebe02","YEARID":"1958","STINT":"1","TEAMID":"PIT","LGID":"NL","W":"0","L":"3","G":"8","GS":"5","CG":"1","SHO":"0","SV":"0","IPOUTS":"83","H":"31","ER":"17","HR":"3","BB":"15","SO":"7","BAOPP":"0.29","ERA":"5.53","IBB":"1","WP":"0","HBP":"1","BK":"0","BFP":"127","GF":"1","R":"19","SH":"-1","SF":"-1","GIDP":"-1"}},{"pitcher":{,"PLAYERID":"davisbo01","YEARID":"1958","STINT":"1","TEAMID":"KC1","LGID":"AL","W":"0","L":"4","G":"8","GS":"4","CG":"0","SHO":"0","SV":"0","IPOUTS":"93","H":"45","ER":"27","HR":"5","BB":"12","SO":"22","BAOPP":"0.34","ERA":"7.84","IBB":"0","WP":"1","HBP":"2","BK":"0","BFP":"145","GF":"2","R":"28","SH":"-1","SF":"-1","GIDP":"-1"}},{"pitcher":{,"PLAYERID":"delocik01","YEARID":"1958","STINT":"1","TEAMID":"BOS","LGID":"AL","W":"14","L":"8","G":"31","GS":"19","CG":"9","SHO":"1","SV":"2","IPOUTS":"480","H":"155","ER":"60","HR":"13","BB":"56","SO":"82","BAOPP":"0.25","ERA":"3.38","IBB":"6","WP":"6","HBP":"0","BK":"1","BFP":"680","GF":"7","R":"66","SH":"-1","SF":"-1","GIDP":"-1"}},{"pitcher":{,"PLAYERID":"dicksmu01","YEARID":"1958","STINT":"1","TEAMID":"KC1","LGID":"AL","W":"9","L":"5","G":"27","GS":"9","CG":"3","SHO":"0","SV":"1","IPOUTS":"297","H":"99","ER":"36","HR":"12","BB":"31","SO":"46","BAOPP":"0.25","ERA":"3.27","IBB":"4","WP":"0","HBP":"2","BK":"0","BFP":"424","GF":"9","R":"42","SH":"-1","SF":"-1","GIDP":"-1"}},{"pitcher":{,"PLAYERID":"dicksmu01","YEARID":"1958","STINT":"2","TEAMID":"NYA","LGID":"AL","W":"1","L":"2","G":"6","GS":"2","CG":"0","SHO":"0","SV":"1","IPOUTS":"61","H":"18","ER":"13","HR":"4","BB":"12","SO":"9","BAOPP":"0.23","ERA":"5.75","IBB":"0","WP":"1","HBP":"1","BK":"0","BFP":"90","GF":"1","R":"17","SH":"-1","SF":"-1","GIDP":"-1"}},{"pitcher":{,"PLAYERID":"ditmaar01","YEARID":"1958","STINT":"1","TEAMID":"NYA","LGID":"AL","W":"9","L":"8","G":"38","GS":"13","CG":"4","SHO":"0","SV":"4","IPOUTS":"419","H":"124","ER":"53","HR":"14","BB":"38","SO":"52","BAOPP":"0.23","ERA":"3.42","IBB":"2","WP":"0","HBP":"5","BK":"0","BFP":"575","GF":"13","R":"71","SH":"-1","SF":"-1","GIDP":"-1"}},{"pitcher":{,"PLAYERID":"donovdi01","YEARID":"1958","STINT":"1","TEAMID":"CHA","LGID":"AL","W":"15","L":"14","G":"34","GS":"34","CG":"16","SHO":"4","SV":"0","IPOUTS":"744","H":"240","ER":"83","HR":"23","BB":"53","SO":"127","BAOPP":"0.25","ERA":"3.01","IBB":"5","WP":"2","HBP":"7","BK":"0","BFP":"1030","GF":"0","R":"92","SH":"-1","SF":"-1","GIDP":"-1"}},{"pitcher":{,"PLAYERID":"drabomo01","YEARID":"1958","STINT":"1","TEAMID":"CHN","LGID":"NL","W":"9","L":"11","G":"22","GS":"20","CG":"4","SHO":"1","SV":"0","IPOUTS":"377","H":"118","ER":"63","HR":"19","BB":"73","SO":"77","BAOPP":"0.24","ERA":"4.51","IBB":"4","WP":"0","HBP":"5","BK":"0","BFP":"569","GF":"1","R":"73","SH":"-1","SF":"-1","GIDP":"-1"}},{"pitcher":{,"PLAYERID":"drottdi01","YEARID":"1958","STINT":"1","TEAMID":"CHN","LGID":"NL","W":"7","L":"11","G":"39","GS":"31","CG":"4","SHO":"0","SV":"0","IPOUTS":"502","H":"156","ER":"101","HR":"23","BB":"99","SO":"127","BAOPP":"0.24","ERA":"5.43","IBB":"6","WP":"9","HBP":"6","BK":"0","BFP":"763","GF":"3","R":"118","SH":"-1","SF":"-1","GIDP":"-1"}},{"pitcher":{,"PLAYERID":"drysddo01","YEARID":"1958","STINT":"1","TEAMID":"LAN","LGID":"NL","W":"12","L":"13","G":"44","GS":"29","CG":"6","SHO":"1","SV":"0","IPOUTS":"635","H":"214","ER":"98","HR":"21","BB":"72","SO":"131","BAOPP":"0.26","ERA":"4.17","IBB":"6","WP":"8","HBP":"14","BK":"2","BFP":"913","GF":"7","R":"107","SH":"-1","SF":"-1","GIDP":"-1"}},{"pitcher":{,"PLAYERID":"durenry01","YEARID":"1958","STINT":"1","TEAMID":"NYA","LGID":"AL","W":"6","L":"4","G":"44","GS":"1","CG":"0","SHO":"0","SV":"20","IPOUTS":"227","H":"40","ER":"17","HR":"4","BB":"43","SO":"87","BAOPP":"0.15","ERA":"2.02","IBB":"1","WP":"2","HBP":"7","BK":"0","BFP":"307","GF":"33","R":"20","SH":"-1","SF":"-1","GIDP":"-1"}},{"pitcher":{,"PLAYERID":"duserca01","YEARID":"1958","STINT":"1","TEAMID":"KC1","LGID":"AL","W":"0","L":"0","G":"1","GS":"0","CG":"0","SHO":"0","SV":"0","IPOUTS":"6","H":"5","ER":"1","HR":"0","BB":"1","SO":"0","BAOPP":"0.5","ERA":"4.5","IBB":"1","WP":"0","HBP":"0","BK":"1","BFP":"12","GF":"0","R":"1","SH":"-1","SF":"-1","GIDP":"-1"}},{"pitcher":{,"PLAYERID":"ellswdi01","YEARID":"1958","STINT":"1","TEAMID":"CHN","LGID":"NL","W":"0","L":"1","G":"1","GS":"1","CG":"0","SHO":"0","SV":"0","IPOUTS":"7","H":"4","ER":"4","HR":"0","BB":"3","SO":"0","BAOPP":"0.36","ERA":"15.43","IBB":"0","WP":"2","HBP":"1","BK":"0","BFP":"15","GF":"0","R":"4","SH":"-1","SF":"-1","GIDP":"-1"}},{"pitcher":{,"PLAYERID":"elstodo01","YEARID":"1958","STINT":"1","TEAMID":"CHN","LGID":"NL","W":"9","L":"8","G":"69","GS":"0","CG":"0","SHO":"0","SV":"10","IPOUTS":"291","H":"75","ER":"31","HR":"9","BB":"39","SO":"84","BAOPP":"0.21","ERA":"2.88","IBB":"10","WP":"2","HBP":"1","BK":"1","BFP":"400","GF":"39","R":"35","SH":"-1","SF":"-1","GIDP":"-1"}},{"pitcher":{,"PLAYERID":"erickdo01","YEARID":"1958","STINT":"1","TEAMID":"PHI","LGID":"NL","W":"0","L":"1","G":"9","GS":"0","CG":"0","SHO":"0","SV":"1","IPOUTS":"35","H":"11","ER":"6","HR":"3","BB":"9","SO":"9","BAOPP":"0.24","ERA":"4.63","IBB":"1","WP":"0","HBP":"0","BK":"0","BFP":"55","GF":"6","R":"7","SH":"-1","SF":"-1","GIDP":"-1"}},{"pitcher":{,"PLAYERID":"erskica01","YEARID":"1958","STINT":"1","TEAMID":"LAN","LGID":"NL","W":"4","L":"4","G":"31","GS":"9","CG":"2","SHO":"1","SV":"0","IPOUTS":"295","H":"115","ER":"56","HR":"14","BB":"35","SO":"54","BAOPP":"0.29","ERA":"5.13","IBB":"3","WP":"6","HBP":"0","BK":"0","BFP":"436","GF":"11","R":"61","SH":"-1","SF":"-1","GIDP":"-1"}},{"pitcher":{,"PLAYERID":"facero01","YEARID":"1958","STINT":"1","TEAMID":"PIT","LGID":"NL","W":"5","L":"2","G":"57","GS":"0","CG":"0","SHO":"0","SV":"20","IPOUTS":"252","H":"77","ER":"27","HR":"6","BB":"22","SO":"47","BAOPP":"0.24","ERA":"2.89","IBB":"6","WP":"2","HBP":"0","BK":"0","BFP":"341","GF":"40","R":"30","SH":"-1","SF":"-1","GIDP":"-1"}},{"pitcher":{,"PLAYERID":"farretu01","YEARID":"1958","STINT":"1","TEAMID":"PHI","LGID":"NL","W":"8","L":"9","G":"54","GS":"0","CG":"0","SHO":"0","SV":"11","IPOUTS":"282","H":"84","ER":"35","HR":"7","BB":"40","SO":"73","BAOPP":"0.24","ERA":"3.35","IBB":"7","WP":"3","HBP":"0","BK":"0","BFP":"400","GF":"35","R":"41","SH":"-1","SF":"-1","GIDP":"-1"}},{"pitcher":{,"PLAYERID":"ferrado01","YEARID":"1958","STINT":"1","TEAMID":"CLE","LGID":"AL","W":"3","L":"4","G":"28","GS":"10","CG":"2","SHO":"0","SV":"1","IPOUTS":"284","H":"91","ER":"39","HR":"5","BB":"46","SO":"62","BAOPP":"0.25","ERA":"3.71","IBB":"2","WP":"2","HBP":"1","BK":"0","BFP":"413","GF":"4","R":"45","SH":"-1","SF":"-1","GIDP":"-1"}},{"pitcher":{,"PLAYERID":"fischbi01","YEARID":"1958","STINT":"3","TEAMID":"WS1","LGID":"AL","W":"0","L":"3","G":"3","GS":"3","CG":"0","SHO":"0","SV":"0","IPOUTS":"63","H":"24","ER":"9","HR":"1","BB":"5","SO":"10","BAOPP":"0.32","ERA":"3.86","IBB":"1","WP":"0","HBP":"1","BK":"0","BFP":"86","GF":"0","R":"9","SH":"-1","SF":"-1","GIDP":"-1"}},{"pitcher":{,"PLAYERID":"fischbi01","YEARID":"1958","STINT":"1","TEAMID":"CHA","LGID":"AL","W":"2","L":"3","G":"17","GS":"3","CG":"0","SHO":"0","SV":"0","IPOUTS":"109","H":"43","ER":"27","HR":"6","BB":"13","SO":"16","BAOPP":"0.3","ERA":"6.69","IBB":"1","WP":"1","HBP":"0","BK":"0","BFP":"161","GF":"5","R":"28","SH":"-1","SF":"-1","GIDP":"-1"}},{"pitcher":{,"PLAYERID":"fischbi01","YEARID":"1958","STINT":"2","TEAMID":"DET","LGID":"AL","W":"2","L":"4","G":"22","GS":"0","CG":"0","SHO":"0","SV":"2","IPOUTS":"92","H":"46","ER":"26","HR":"6","BB":"13","SO":"16","BAOPP":"0.36","ERA":"7.63","IBB":"2","WP":"3","HBP":"0","BK":"0","BFP":"146","GF":"13","R":"34","SH":"-1","SF":"-1","GIDP":"-1"}},{"pitcher":{,"PLAYERID":"fitzgjo03","YEARID":"1958","STINT":"1","TEAMID":"SFN","LGID":"NL","W":"0","L":"0","G":"1","GS":"1","CG":"0","SHO":"0","SV":"0","IPOUTS":"9","H":"1","ER":"1","HR":"1","BB":"1","SO":"3","BAOPP":"0.11","ERA":"3.0","IBB":"0","WP":"0","HBP":"0","BK":"0","BFP":"10","GF":"0","R":"1","SH":"-1","SF":"-1","GIDP":"-1"}},{"pitcher":{,"PLAYERID":"flanito01","YEARID":"1958","STINT":"1","TEAMID":"SLN","LGID":"NL","W":"0","L":"0","G":"1","GS":"0","CG":"0","SHO":"0","SV":"0","IPOUTS":"3","H":"2","ER":"1","HR":"1","BB":"1","SO":"0","BAOPP":"0.5","ERA":"9.0","IBB":"0","WP":"0","HBP":"0","BK":"0","BFP":"5","GF":"1","R":"1","SH":"-1","SF":"-1","GIDP":"-1"}},{"pitcher":{,"PLAYERID":"fodgege01","YEARID":"1958","STINT":"1","TEAMID":"CHN","LGID":"NL","W":"1","L":"1","G":"16","GS":"4","CG":"1","SHO":"0","SV":"0","IPOUTS":"119","H":"47","ER":"21","HR":"5","BB":"11","SO":"15","BAOPP":"0.29","ERA":"4.76","IBB":"3","WP":"1","HBP":"0","BK":"0","BFP":"175","GF":"7","R":"22","SH":"-1","SF":"-1","GIDP":"-1"}},{"pitcher":{,"PLAYERID":"fordwh01","YEARID":"1958","STINT":"1","TEAMID":"NYA","LGID":"AL","W":"14","L":"7","G":"30","GS":"29","CG":"15","SHO":"7","SV":"1","IPOUTS":"658","H":"174","ER":"49","HR":"14","BB":"62","SO":"145","BAOPP":"0.21","ERA":"2.01","IBB":"3","WP":"5","HBP":"3","BK":"1","BFP":"872","GF":"1","R":"62","SH":"-1","SF":"-1","GIDP":"-1"}},{"pitcher":{,"PLAYERID":"fornimi01","YEARID":"1958","STINT":"1","TEAMID":"BOS","LGID":"AL","W":"4","L":"6","G":"37","GS":"7","CG":"1","SHO":"0","SV":"1","IPOUTS":"332","H":"123","ER":"61","HR":"10","BB":"33","SO":"49","BAOPP":"0.28","ERA":"4.96","IBB":"0","WP":"2","HBP":"6","BK":"0","BFP":"481","GF":"11","R":"62","SH":"-1","SF":"-1","GIDP":"-1"}},{"pitcher":{,"PLAYERID":"foytapa01","YEARID":"1958","STINT":"1","TEAMID":"DET","LGID":"AL","W":"15","L":"13","G":"39","GS":"33","CG":"16","SHO":"2","SV":"1","IPOUTS":"690","H":"198","ER":"88","HR":"23","BB":"77","SO":"135","BAOPP":"0.23","ERA":"3.44","IBB":"1","WP":"2","HBP":"3","BK":"0","BFP":"944","GF":"4","R":"98","SH":"-1","SF":"-1","GIDP":"-1"}},{"pitcher":{,"PLAYERID":"freemhe01","YEARID":"1958","STINT":"1","TEAMID":"CIN","LGID":"NL","W":"0","L":"0","G":"3","GS":"0","CG":"0","SHO":"0","SV":"0","IPOUTS":"23","H":"4","ER":"3","HR":"0","BB":"5","SO":"7","BAOPP":"0.15","ERA":"3.52","IBB":"0","WP":"1","HBP":"0","BK":"1","BFP":"32","GF":"0","R":"3","SH":"-1","SF":"-1","GIDP":"-1"}},{"pitcher":{,"PLAYERID":"freemhe01","YEARID":"1958","STINT":"2","TEAMID":"CHN","LGID":"NL","W":"0","L":"1","G":"9","GS":"0","CG":"0","SHO":"0","SV":"0","IPOUTS":"39","H":"23","ER":"12","HR":"3","BB":"3","SO":"7","BAOPP":"0.35","ERA":"8.31","IBB":"0","WP":"0","HBP":"0","BK":"0","BFP":"69","GF":"3","R":"13","SH":"-1","SF":"-1","GIDP":"-1"}},{"pitcher":{,"PLAYERID":"frienbo01","YEARID":"1958","STINT":"1","TEAMID":"PIT","LGID":"NL","W":"22","L":"14","G":"38","GS":"38","CG":"16","SHO":"1","SV":"0","IPOUTS":"822","H":"299","ER":"112","HR":"25","BB":"61","SO":"135","BAOPP":"0.28","ERA":"3.68","IBB":"11","WP":"4","HBP":"4","BK":"1","BFP":"1146","GF":"0","R":"120","SH":"-1","SF":"-1","GIDP":"-1"}},{"pitcher":{,"PLAYERID":"garcimi01","YEARID":"1958","STINT":"1","TEAMID":"CLE","LGID":"AL","W":"1","L":"0","G":"6","GS":"1","CG":"0","SHO":"0","SV":"0","IPOUTS":"24","H":"15","ER":"8","HR":"2","BB":"7","SO":"2","BAOPP":"0.39","ERA":"9.0","IBB":"0","WP":"0","HBP":"1","BK":"0","BFP":"46","GF":"0","R":"10","SH":"-1","SF":"-1","GIDP":"-1"}},{"pitcher":{,"PLAYERID":"garvene01","YEARID":"1958","STINT":"1","TEAMID":"KC1","LGID":"AL","W":"12","L":"11","G":"31","GS":"28","CG":"10","SHO":"3","SV":"1","IPOUTS":"603","H":"192","ER":"90","HR":"24","BB":"66","SO":"72","BAOPP":"0.24","ERA":"4.03","IBB":"8","WP":"2","HBP":"2","BK":"0","BFP":"864","GF":"3","R":"97","SH":"-1","SF":"-1","GIDP":"-1"}},{"pitcher":{,"PLAYERID":"geigega01","YEARID":"1958","STINT":"1","TEAMID":"CLE","LGID":"AL","W":"0","L":"0","G":"1","GS":"0","CG":"0","SHO":"0","SV":"0","IPOUTS":"6","H":"2","ER":"2","HR":"0","BB":"1","SO":"2","BAOPP":"0.28","ERA":"9.0","IBB":"0","WP":"1","HBP":"0","BK":"0","BFP":"9","GF":"1","R":"2","SH":"-1","SF":"-1","GIDP":"-1"}},{"pitcher":{,"PLAYERID":"giallbo01","YEARID":"1958","STINT":"1","TEAMID":"LAN","LGID":"NL","W":"1","L":"1","G":"6","GS":"5","CG":"0","SHO":"0","SV":"0","IPOUTS":"79","H":"29","ER":"11","HR":"3","BB":"15","SO":"14","BAOPP":"0.28","ERA":"3.76","IBB":"0","WP":"3","HBP":"0","BK":"1","BFP":"120","GF":"1","R":"14","SH":"-1","SF":"-1","GIDP":"-1"}},{"pitcher":{,"PLAYERID":"gielpa01","YEARID":"1958","STINT":"1","TEAMID":"SFN","LGID":"NL","W":"4","L":"5","G":"29","GS":"9","CG":"0","SHO":"0","SV":"0","IPOUTS":"276","H":"89","ER":"48","HR":"12","BB":"55","SO":"55","BAOPP":"0.25","ERA":"4.7","IBB":"4","WP":"2","HBP":"2","BK":"2","BFP":"410","GF":"7","R":"56","SH":"-1","SF":"-1","GIDP":"-1"}},{"pitcher":{,"PLAYERID":"gomezru01","YEARID":"1958","STINT":"1","TEAMID":"SFN","LGID":"NL","W":"10","L":"12","G":"42","GS":"30","CG":"8","SHO":"1","SV":"1","IPOUTS":"623","H":"204","ER":"101","HR":"21","BB":"77","SO":"112","BAOPP":"0.26","ERA":"4.38","IBB":"3","WP":"3","HBP":"8","BK":"0","BFP":"884","GF":"6","R":"107","SH":"-1","SF":"-1","GIDP":"-1"}},{"pitcher":{,"PLAYERID":"gormato02","YEARID":"1958","STINT":"1","TEAMID":"KC1","LGID":"AL","W":"4","L":"4","G":"50","GS":"1","CG":"0","SHO":"0","SV":"8","IPOUTS":"269","H":"86","ER":"35","HR":"8","BB":"20","SO":"44","BAOPP":"0.25","ERA":"3.51","IBB":"0","WP":"2","HBP":"3","BK":"0","BFP":"357","GF":"24","R":"41","SH":"-1","SF":"-1","GIDP":"-1"}},{"pitcher":{,"PLAYERID":"grantmu01","YEARID":"1958","STINT":"1","TEAMID":"CLE","LGID":"AL","W":"10","L":"11","G":"44","GS":"28","CG":"11","SHO":"1","SV":"4","IPOUTS":"612","H":"173","ER":"87","HR":"20","BB":"104","SO":"111","BAOPP":"0.22","ERA":"3.84","IBB":"5","WP":"4","HBP":"1","BK":"0","BFP":"883","GF":"9","R":"93","SH":"-1","SF":"-1","GIDP":"-1"}},{"pitcher":{,"PLAYERID":"grayjo01","YEARID":"1958","STINT":"1","TEAMID":"PHI","LGID":"NL","W":"0","L":"0","G":"15","GS":"0","CG":"0","SHO":"0","SV":"0","IPOUTS":"52","H":"12","ER":"8","HR":"3","BB":"14","SO":"10","BAOPP":"0.22","ERA":"4.15","IBB":"3","WP":"0","HBP":"0","BK":"0","BFP":"73","GF":"6","R":"9","SH":"-1","SF":"-1","GIDP":"-1"}},{"pitcher":{,"PLAYERID":"griggha01","YEARID":"1958","STINT":"1","TEAMID":"WS1","LGID":"AL","W":"3","L":"11","G":"32","GS":"21","CG":"3","SHO":"0","SV":"0","IPOUTS":"411","H":"138","ER":"84","HR":"20","BB":"74","SO":"69","BAOPP":"0.26","ERA":"5.52","IBB":"1","WP":"8","HBP":"2","BK":"0","BFP":"611","GF":"5","R":"91","SH":"-1","SF":"-1","GIDP":"-1"}},{"pitcher":{,"PLAYERID":"grimbo01","YEARID":"1958","STINT":"2","TEAMID":"KC1","LGID":"AL","W":"7","L":"6","G":"26","GS":"14","CG":"5","SHO":"1","SV":"0","IPOUTS":"341","H":"118","ER":"45","HR":"7","BB":"41","SO":"54","BAOPP":"0.26","ERA":"3.56","IBB":"4","WP":"1","HBP":"3","BK":"0","BFP":"490","GF":"5","R":"54","SH":"-1","SF":"-1","GIDP":"-1"}},{"pitcher":{,"PLAYERID":"grimbo01","YEARID":"1958","STINT":"1","TEAMID":"NYA","LGID":"AL","W":"0","L":"1","G":"11","GS":"0","CG":"0","SHO":"0","SV":"0","IPOUTS":"49","H":"12","ER":"10","HR":"3","BB":"10","SO":"11","BAOPP":"0.21","ERA":"5.51","IBB":"0","WP":"0","HBP":"1","BK":"0","BFP":"70","GF":"6","R":"10","SH":"-1","SF":"-1","GIDP":"-1"}},{"pitcher":{,"PLAYERID":"grissma01","YEARID":"1958","STINT":"1","TEAMID":"SFN","LGID":"NL","W":"7","L":"5","G":"51","GS":"0","CG":"0","SHO":"0","SV":"10","IPOUTS":"196","H":"71","ER":"29","HR":"11","BB":"26","SO":"46","BAOPP":"0.28","ERA":"3.99","IBB":"7","WP":"3","HBP":"5","BK":"0","BFP":"285","GF":"35","R":"34","SH":"-1","SF":"-1","GIDP":"-1"}},{"pitcher":{,"PLAYERID":"grossdo01","YEARID":"1958","STINT":"1","TEAMID":"PIT","LGID":"NL","W":"5","L":"7","G":"40","GS":"3","CG":"0","SHO":"0","SV":"7","IPOUTS":"224","H":"67","ER":"33","HR":"5","BB":"38","SO":"59","BAOPP":"0.24","ERA":"3.98","IBB":"7","WP":"3","HBP":"1","BK":"0","BFP":"324","GF":"23","R":"37","SH":"-1","SF":"-1","GIDP":"-1"}},{"pitcher":{,"PLAYERID":"hackewa02","YEARID":"1958","STINT":"1","TEAMID":"PHI","LGID":"NL","W":"0","L":"1","G":"9","GS":"1","CG":"0","SHO":"0","SV":"0","IPOUTS":"51","H":"24","ER":"14","HR":"2","BB":"8","SO":"4","BAOPP":"0.32","ERA":"7.41","IBB":"1","WP":"0","HBP":"0","BK":"0","BFP":"81","GF":"2","R":"17","SH":"-1","SF":"-1","GIDP":"-1"}},{"pitcher":{,"PLAYERID":"haddiha01","YEARID":"1958","STINT":"1","TEAMID":"CIN","LGID":"NL","W":"8","L":"7","G":"29","GS":"26","CG":"8","SHO":"1","SV":"0","IPOUTS":"552","H":"191","ER":"72","HR":"28","BB":"43","SO":"110","BAOPP":"0.26","ERA":"3.52","IBB":"7","WP":"1","HBP":"7","BK":"0","BFP":"773","GF":"2","R":"79","SH":"-1","SF":"-1","GIDP":"-1"}},{"pitcher":{,"PLAYERID":"harshja01","YEARID":"1958","STINT":"1","TEAMID":"BAL","LGID":"AL","W":"12","L":"15","G":"34","GS":"29","CG":"17","SHO":"3","SV":"4","IPOUTS":"709","H":"204","ER":"76","HR":"20","BB":"75","SO":"161","BAOPP":"0.23","ERA":"2.89","IBB":"1","WP":"8","HBP":"3","BK":"0","BFP":"975","GF":"5","R":"89","SH":"-1","SF":"-1","GIDP":"-1"}},{"pitcher":{,"PLAYERID":"haydele01","YEARID":"1958","STINT":"1","TEAMID":"CIN","LGID":"NL","W":"0","L":"0","G":"3","GS":"0","CG":"0","SHO":"0","SV":"0","IPOUTS":"11","H":"5","ER":"2","HR":"0","BB":"1","SO":"3","BAOPP":"0.31","ERA":"4.91","IBB":"0","WP":"0","HBP":"0","BK":"0","BFP":"17","GF":"1","R":"2","SH":"-1","SF":"-1","GIDP":"-1"}},{"pitcher":{,"PLAYERID":"hearnji01","YEARID":"1958","STINT":"1","TEAMID":"PHI","LGID":"NL","W":"5","L":"3","G":"39","GS":"1","CG":"0","SHO":"0","SV":"0","IPOUTS":"220","H":"88","ER":"34","HR":"6","BB":"27","SO":"33","BAOPP":"0.29","ERA":"4.17","IBB":"6","WP":"2","HBP":"0","BK":"0","BFP":"335","GF":"11","R":"45","SH":"-1","SF":"-1","GIDP":"-1"}},{"pitcher":{,"PLAYERID":"henrybi01","YEARID":"1958","STINT":"1","TEAMID":"CHN","LGID":"NL","W":"5","L":"4","G":"44","GS":"0","CG":"0","SHO":"0","SV":"6","IPOUTS":"244","H":"63","ER":"26","HR":"8","BB":"17","SO":"58","BAOPP":"0.21","ERA":"2.88","IBB":"6","WP":"0","HBP":"1","BK":"0","BFP":"314","GF":"18","R":"27","SH":"-1","SF":"-1","GIDP":"-1"}},{"pitcher":{,"PLAYERID":"herbera01","YEARID":"1958","STINT":"1","TEAMID":"KC1","LGID":"AL","W":"8","L":"8","G":"42","GS":"16","CG":"5","SHO":"0","SV":"3","IPOUTS":"525","H":"161","ER":"68","HR":"20","BB":"55","SO":"108","BAOPP":"0.24","ERA":"3.5","IBB":"3","WP":"4","HBP":"4","BK":"0","BFP":"720","GF":"8","R":"76","SH":"-1","SF":"-1","GIDP":"-1"}},{"pitcher":{,"PLAYERID":"hillmda01","YEARID":"1958","STINT":"1","TEAMID":"CHN","LGID":"NL","W":"4","L":"8","G":"31","GS":"16","CG":"3","SHO":"0","SV":"1","IPOUTS":"377","H":"132","ER":"44","HR":"12","BB":"31","SO":"65","BAOPP":"0.26","ERA":"3.15","IBB":"4","WP":"1","HBP":"0","BK":"0","BFP":"540","GF":"4","R":"57","SH":"-1","SF":"-1","GIDP":"-1"}},{"pitcher":{,"PLAYERID":"hobbigl01","YEARID":"1958","STINT":"1","TEAMID":"CHN","LGID":"NL","W":"10","L":"6","G":"55","GS":"16","CG":"2","SHO":"1","SV":"2","IPOUTS":"505","H":"163","ER":"70","HR":"13","BB":"93","SO":"91","BAOPP":"0.25","ERA":"3.74","IBB":"8","WP":"7","HBP":"7","BK":"0","BFP":"755","GF":"21","R":"80","SH":"-1","SF":"-1","GIDP":"-1"}},{"pitcher":{,"PLAYERID":"hoeftbi01","YEARID":"1958","STINT":"1","TEAMID":"DET","LGID":"AL","W":"10","L":"9","G":"36","GS":"21","CG":"6","SHO":"0","SV":"3","IPOUTS":"429","H":"148","ER":"66","HR":"15","BB":"49","SO":"94","BAOPP":"0.26","ERA":"4.15","IBB":"3","WP":"3","HBP":"1","BK":"0","BFP":"615","GF":"9","R":"70","SH":"-1","SF":"-1","GIDP":"-1"}},{"pitcher":{,"PLAYERID":"hookja01","YEARID":"1958","STINT":"1","TEAMID":"CIN","LGID":"NL","W":"0","L":"1","G":"1","GS":"1","CG":"0","SHO":"0","SV":"0","IPOUTS":"9","H":"3","ER":"4","HR":"2","BB":"2","SO":"5","BAOPP":"0.25","ERA":"12.0","IBB":"0","WP":"0","HBP":"0","BK":"0","BFP":"14","GF":"0","R":"4","SH":"-1","SF":"-1","GIDP":"-1"}},{"pitcher":{,"PLAYERID":"howeldi01","YEARID":"1958","STINT":"1","TEAMID":"CHA","LGID":"AL","W":"0","L":"0","G":"1","GS":"0","CG":"0","SHO":"0","SV":"0","IPOUTS":"5","H":"0","ER":"0","HR":"0","BB":"0","SO":"0","BAOPP":"0.0","ERA":"0.0","IBB":"0","WP":"0","HBP":"0","BK":"0","BFP":"4","GF":"0","R":"0","SH":"-1","SF":"-1","GIDP":"-1"}},{"pitcher":{,"PLAYERID":"hydedi01","YEARID":"1958","STINT":"1","TEAMID":"WS1","LGID":"AL","W":"10","L":"3","G":"53","GS":"0","CG":"0","SHO":"0","SV":"18","IPOUTS":"309","H":"82","ER":"20","HR":"1","BB":"35","SO":"49","BAOPP":"0.22","ERA":"1.75","IBB":"7","WP":"2","HBP":"2","BK":"0","BFP":"416","GF":"44","R":"26","SH":"-1","SF":"-1","GIDP":"-1"}},{"pitcher":{,"PLAYERID":"jacksla01","YEARID":"1958","STINT":"1","TEAMID":"SLN","LGID":"NL","W":"13","L":"13","G":"49","GS":"23","CG":"11","SHO":"1","SV":"8","IPOUTS":"594","H":"211","ER":"81","HR":"21","BB":"51","SO":"124","BAOPP":"0.27","ERA":"3.68","IBB":"11","WP":"7","HBP":"10","BK":"1","BFP":"846","GF":"16","R":"93","SH":"-1","SF":"-1","GIDP":"-1"}},{"pitcher":{,"PLAYERID":"jamesjo01","YEARID":"1958","STINT":"1","TEAMID":"NYA","LGID":"AL","W":"0","L":"0","G":"1","GS":"0","CG":"0","SHO":"0","SV":"0","IPOUTS":"9","H":"2","ER":"0","HR":"0","BB":"4","SO":"1","BAOPP":"0.25","ERA":"0.0","IBB":"0","WP":"0","HBP":"0","BK":"0","BFP":"12","GF":"1","R":"0","SH":"-1","SF":"-1","GIDP":"-1"}},{"pitcher":{,"PLAYERID":"jayjo01","YEARID":"1958","STINT":"1","TEAMID":"ML1","LGID":"NL","W":"7","L":"5","G":"18","GS":"12","CG":"6","SHO":"3","SV":"0","IPOUTS":"290","H":"60","ER":"23","HR":"8","BB":"43","SO":"74","BAOPP":"0.17","ERA":"2.14","IBB":"3","WP":"2","HBP":"1","BK":"0","BFP":"387","GF":"2","R":"25","SH":"-1","SF":"-1","GIDP":"-1"}},{"pitcher":{,"PLAYERID":"jeffcha01","YEARID":"1958","STINT":"1","TEAMID":"CIN","LGID":"NL","W":"6","L":"8","G":"49","GS":"0","CG":"0","SHO":"0","SV":"9","IPOUTS":"225","H":"76","ER":"31","HR":"8","BB":"26","SO":"35","BAOPP":"0.26","ERA":"3.72","IBB":"8","WP":"0","HBP":"2","BK":"0","BFP":"324","GF":"34","R":"34","SH":"-1","SF":"-1","GIDP":"-1"}},{"pitcher":{,"PLAYERID":"johnsco01","YEARID":"1958","STINT":"1","TEAMID":"BAL","LGID":"AL","W":"6","L":"9","G":"26","GS":"17","CG":"4","SHO":"0","SV":"1","IPOUTS":"355","H":"116","ER":"51","HR":"13","BB":"32","SO":"68","BAOPP":"0.26","ERA":"3.88","IBB":"3","WP":"2","HBP":"0","BK":"0","BFP":"487","GF":"2","R":"58","SH":"-1","SF":"-1","GIDP":"-1"}},{"pitcher":{,"PLAYERID":"johnsdo03","YEARID":"1958","STINT":"1","TEAMID":"SFN","LGID":"NL","W":"0","L":"1","G":"17","GS":"0","CG":"0","SHO":"0","SV":"1","IPOUTS":"69","H":"31","ER":"16","HR":"2","BB":"8","SO":"14","BAOPP":"0.32","ERA":"6.26","IBB":"1","WP":"2","HBP":"2","BK":"0","BFP":"108","GF":"6","R":"19","SH":"-1","SF":"-1","GIDP":"-1"}},{"pitcher":{,"PLAYERID":"johnser02","YEARID":"1958","STINT":"1","TEAMID":"ML1","LGID":"NL","W":"3","L":"1","G":"15","GS":"0","CG":"0","SHO":"0","SV":"1","IPOUTS":"70","H":"35","ER":"21","HR":"4","BB":"10","SO":"13","BAOPP":"0.35","ERA":"8.1","IBB":"3","WP":"1","HBP":"1","BK":"0","BFP":"114","GF":"6","R":"21","SH":"-1","SF":"-1","GIDP":"-1"}},{"pitcher":{,"PLAYERID":"johnske02","YEARID":"1958","STINT":"1","TEAMID":"KC1","LGID":"AL","W":"0","L":"0","G":"2","GS":"0","CG":"0","SHO":"0","SV":"0","IPOUTS":"7","H":"6","ER":"7","HR":"1","BB":"3","SO":"1","BAOPP":"0.42","ERA":"27.0","IBB":"0","WP":"0","HBP":"0","BK":"0","BFP":"17","GF":"0","R":"7","SH":"-1","SF":"-1","GIDP":"-1"}},{"pitcher":{,"PLAYERID":"jonesgo01","YEARID":"1958","STINT":"1","TEAMID":"SFN","LGID":"NL","W":"3","L":"1","G":"11","GS":"1","CG":"0","SHO":"0","SV":"1","IPOUTS":"91","H":"33","ER":"8","HR":"2","BB":"5","SO":"8","BAOPP":"0.28","ERA":"2.37","IBB":"1","WP":"0","HBP":"1","BK":"1","BFP":"125","GF":"4","R":"11","SH":"-1","SF":"-1","GIDP":"-1"}},{"pitcher":{,"PLAYERID":"jonessa02","YEARID":"1958","STINT":"1","TEAMID":"SLN","LGID":"NL","W":"14","L":"13","G":"35","GS":"35","CG":"14","SHO":"2","SV":"0","IPOUTS":"750","H":"204","ER":"80","HR":"23","BB":"107","SO":"225","BAOPP":"0.22","ERA":"2.88","IBB":"5","WP":"7","HBP":"6","BK":"0","BFP":"1041","GF":"0","R":"95","SH":"-1","SF":"-1","GIDP":"-1"}},{"pitcher":{,"PLAYERID":"keegabo01","YEARID":"1958","STINT":"1","TEAMID":"CHA","LGID":"AL","W":"0","L":"2","G":"14","GS":"2","CG":"0","SHO":"0","SV":"0","IPOUTS":"89","H":"44","ER":"20","HR":"9","BB":"18","SO":"8","BAOPP":"0.35","ERA":"6.07","IBB":"4","WP":"1","HBP":"0","BK":"0","BFP":"145","GF":"4","R":"25","SH":"-1","SF":"-1","GIDP":"-1"}},{"pitcher":{,"PLAYERID":"kellnal01","YEARID":"1958","STINT":"2","TEAMID":"CIN","LGID":"NL","W":"7","L":"3","G":"18","GS":"7","CG":"4","SHO":"0","SV":"0","IPOUTS":"246","H":"74","ER":"21","HR":"8","BB":"20","SO":"42","BAOPP":"0.24","ERA":"2.3","IBB":"1","WP":"1","HBP":"3","BK":"0","BFP":"331","GF":"3","R":"24","SH":"-1","SF":"-1","GIDP":"-1"}},{"pitcher":{,"PLAYERID":"kellnal01","YEARID":"1958","STINT":"1","TEAMID":"KC1","LGID":"AL","W":"0","L":"2","G":"7","GS":"6","CG":"0","SHO":"0","SV":"0","IPOUTS":"101","H":"40","ER":"22","HR":"5","BB":"8","SO":"22","BAOPP":"0.31","ERA":"5.88","IBB":"0","WP":"0","HBP":"0","BK":"0","BFP":"136","GF":"0","R":"24","SH":"-1","SF":"-1","GIDP":"-1"}},{"pitcher":{,"PLAYERID":"kellybo01","YEARID":"1958","STINT":"1","TEAMID":"CIN","LGID":"NL","W":"0","L":"0","G":"2","GS":"1","CG":"0","SHO":"0","SV":"0","IPOUTS":"6","H":"3","ER":"1","HR":"0","BB":"3","SO":"1","BAOPP":"0.5","ERA":"4.5","IBB":"1","WP":"0","HBP":"0","BK":"0","BFP":"11","GF":"1","R":"1","SH":"-1","SF":"-1","GIDP":"-1"}},{"pitcher":{,"PLAYERID":"kellybo01","YEARID":"1958","STINT":"2","TEAMID":"CLE","LGID":"AL","W":"0","L":"2","G":"13","GS":"3","CG":"0","SHO":"0","SV":"0","IPOUTS":"83","H":"29","ER":"16","HR":"4","BB":"13","SO":"12","BAOPP":"0.28","ERA":"5.2","IBB":"0","WP":"1","HBP":"1","BK":"0","BFP":"119","GF":"2","R":"18","SH":"-1","SF":"-1","GIDP":"-1"}},{"pitcher":{,"PLAYERID":"kemmeru01","YEARID":"1958","STINT":"1","TEAMID":"WS1","LGID":"AL","W":"6","L":"15","G":"40","GS":"30","CG":"6","SHO":"0","SV":"0","IPOUTS":"673","H":"234","ER":"115","HR":"25","BB":"74","SO":"111","BAOPP":"0.27","ERA":"4.61","IBB":"5","WP":"7","HBP":"4","BK":"1","BFP":"968","GF":"2","R":"122","SH":"-1","SF":"-1","GIDP":"-1"}},{"pitcher":{,"PLAYERID":"kielyle01","YEARID":"1958","STINT":"1","TEAMID":"BOS","LGID":"AL","W":"5","L":"2","G":"47","GS":"0","CG":"0","SHO":"0","SV":"12","IPOUTS":"243","H":"77","ER":"27","HR":"3","BB":"18","SO":"26","BAOPP":"0.25","ERA":"3.0","IBB":"3","WP":"0","HBP":"2","BK":"0","BFP":"332","GF":"35","R":"31","SH":"-1","SF":"-1","GIDP":"-1"}},{"pitcher":{,"PLAYERID":"kippfr01","YEARID":"1958","STINT":"1","TEAMID":"LAN","LGID":"NL","W":"6","L":"6","G":"40","GS":"9","CG":"0","SHO":"0","SV":"0","IPOUTS":"307","H":"107","ER":"57","HR":"16","BB":"45","SO":"58","BAOPP":"0.27","ERA":"5.01","IBB":"7","WP":"4","HBP":"1","BK":"0","BFP":"443","GF":"8","R":"60","SH":"-1","SF":"-1","GIDP":"-1"}},{"pitcher":{,"PLAYERID":"klinero01","YEARID":"1958","STINT":"1","TEAMID":"PIT","LGID":"NL","W":"13","L":"16","G":"32","GS":"32","CG":"11","SHO":"2","SV":"0","IPOUTS":"712","H":"220","ER":"93","HR":"25","BB":"92","SO":"109","BAOPP":"0.25","ERA":"3.53","IBB":"14","WP":"3","HBP":"0","BK":"0","BFP":"986","GF":"0","R":"96","SH":"-1","SF":"-1","GIDP":"-1"}},{"pitcher":{,"PLAYERID":"klippjo01","YEARID":"1958","STINT":"2","TEAMID":"LAN","LGID":"NL","W":"3","L":"5","G":"45","GS":"0","CG":"0","SHO":"0","SV":"9","IPOUTS":"270","H":"81","ER":"38","HR":"12","BB":"44","SO":"73","BAOPP":"0.24","ERA":"3.8","IBB":"8","WP":"5","HBP":"2","BK":"0","BFP":"381","GF":"22","R":"40","SH":"-1","SF":"-1","GIDP":"-1"}},{"pitcher":{,"PLAYERID":"klippjo01","YEARID":"1958","STINT":"1","TEAMID":"CIN","LGID":"NL","W":"3","L":"2","G":"12","GS":"4","CG":"0","SHO":"0","SV":"1","IPOUTS":"99","H":"37","ER":"18","HR":"5","BB":"14","SO":"22","BAOPP":"0.28","ERA":"4.91","IBB":"1","WP":"4","HBP":"1","BK":"0","BFP":"147","GF":"5","R":"20","SH":"-1","SF":"-1","GIDP":"-1"}},{"pitcher":{,"PLAYERID":"koufasa01","YEARID":"1958","STINT":"1","TEAMID":"LAN","LGID":"NL","W":"11","L":"11","G":"40","GS":"26","CG":"5","SHO":"0","SV":"1","IPOUTS":"476","H":"132","ER":"79","HR":"19","BB":"105","SO":"131","BAOPP":"0.22","ERA":"4.48","IBB":"6","WP":"17","HBP":"1","BK":"0","BFP":"714","GF":"7","R":"89","SH":"-1","SF":"-1","GIDP":"-1"}},{"pitcher":{,"PLAYERID":"kucksjo01","YEARID":"1958","STINT":"1","TEAMID":"NYA","LGID":"AL","W":"8","L":"8","G":"34","GS":"15","CG":"4","SHO":"1","SV":"4","IPOUTS":"378","H":"132","ER":"55","HR":"14","BB":"39","SO":"46","BAOPP":"0.26","ERA":"3.93","IBB":"2","WP":"1","HBP":"6","BK":"0","BFP":"544","GF":"8","R":"67","SH":"-1","SF":"-1","GIDP":"-1"}},{"pitcher":{,"PLAYERID":"labincl01","YEARID":"1958","STINT":"1","TEAMID":"LAN","LGID":"NL","W":"6","L":"6","G":"52","GS":"2","CG":"0","SHO":"0","SV":"14","IPOUTS":"312","H":"112","ER":"48","HR":"8","BB":"33","SO":"43","BAOPP":"0.28","ERA":"4.15","IBB":"8","WP":"3","HBP":"1","BK":"0","BFP":"440","GF":"35","R":"55","SH":"-1","SF":"-1","GIDP":"-1"}},{"pitcher":{,"PLAYERID":"larsedo01","YEARID":"1958","STINT":"1","TEAMID":"NYA","LGID":"AL","W":"9","L":"6","G":"19","GS":"19","CG":"5","SHO":"3","SV":"0","IPOUTS":"343","H":"100","ER":"39","HR":"4","BB":"52","SO":"55","BAOPP":"0.23","ERA":"3.07","IBB":"3","WP":"0","HBP":"4","BK":"0","BFP":"491","GF":"0","R":"43","SH":"-1","SF":"-1","GIDP":"-1"}},{"pitcher":{,"PLAYERID":"laryfr01","YEARID":"1958","STINT":"1","TEAMID":"DET","LGID":"AL","W":"16","L":"15","G":"39","GS":"34","CG":"19","SHO":"3","SV":"1","IPOUTS":"781","H":"249","ER":"84","HR":"20","BB":"68","SO":"131","BAOPP":"0.25","ERA":"2.9","IBB":"4","WP":"4","HBP":"12","BK":"0","BFP":"1085","GF":"4","R":"91","SH":"-1","SF":"-1","GIDP":"-1"}},{"pitcher":{,"PLAYERID":"latmaba01","YEARID":"1958","STINT":"1","TEAMID":"CHA","LGID":"AL","W":"3","L":"0","G":"13","GS":"3","CG":"1","SHO":"1","SV":"0","IPOUTS":"143","H":"27","ER":"4","HR":"1","BB":"17","SO":"28","BAOPP":"0.16","ERA":"0.76","IBB":"0","WP":"1","HBP":"1","BK":"0","BFP":"188","GF":"3","R":"7","SH":"-1","SF":"-1","GIDP":"-1"}},{"pitcher":{,"PLAYERID":"lawrebr01","YEARID":"1958","STINT":"1","TEAMID":"CIN","LGID":"NL","W":"8","L":"13","G":"46","GS":"23","CG":"6","SHO":"2","SV":"5","IPOUTS":"543","H":"194","ER":"83","HR":"12","BB":"55","SO":"74","BAOPP":"0.27","ERA":"4.13","IBB":"7","WP":"1","HBP":"4","BK":"0","BFP":"773","GF":"13","R":"89","SH":"-1","SF":"-1","GIDP":"-1"}},{"pitcher":{,"PLAYERID":"lawve01","YEARID":"1958","STINT":"1","TEAMID":"PIT","LGID":"NL","W":"14","L":"12","G":"35","GS":"29","CG":"6","SHO":"1","SV":"3","IPOUTS":"607","H":"235","ER":"89","HR":"16","BB":"39","SO":"56","BAOPP":"0.29","ERA":"3.96","IBB":"5","WP":"1","HBP":"1","BK":"0","BFP":"854","GF":"5","R":"103","SH":"-1","SF":"-1","GIDP":"-1"}},{"pitcher":{,"PLAYERID":"leedo01","YEARID":"1958","STINT":"1","TEAMID":"DET","LGID":"AL","W":"0","L":"0","G":"1","GS":"0","CG":"0","SHO":"0","SV":"0","IPOUTS":"6","H":"1","ER":"2","HR":"1","BB":"1","SO":"0","BAOPP":"0.14","ERA":"9.0","IBB":"0","WP":"0","HBP":"1","BK":"0","BFP":"9","GF":"1","R":"2","SH":"-1","SF":"-1","GIDP":"-1"}},{"pitcher":{,"PLAYERID":"lehmake01","YEARID":"1958","STINT":"1","TEAMID":"BAL","LGID":"AL","W":"2","L":"1","G":"31","GS":"1","CG":"1","SHO":"0","SV":"0","IPOUTS":"186","H":"64","ER":"24","HR":"5","BB":"18","SO":"36","BAOPP":"0.27","ERA":"3.48","IBB":"4","WP":"1","HBP":"2","BK":"0","BFP":"263","GF":"16","R":"26","SH":"-1","SF":"-1","GIDP":"-1"}},{"pitcher":{,"PLAYERID":"lemonbo01","YEARID":"1958","STINT":"1","TEAMID":"CLE","LGID":"AL","W":"0","L":"1","G":"11","GS":"1","CG":"0","SHO":"0","SV":"0","IPOUTS":"76","H":"41","ER":"15","HR":"3","BB":"16","SO":"8","BAOPP":"0.37","ERA":"5.33","IBB":"2","WP":"1","HBP":"1","BK":"0","BFP":"128","GF":"4","R":"15","SH":"-1","SF":"-1","GIDP":"-1"}},{"pitcher":{,"PLAYERID":"lipetan01","YEARID":"1958","STINT":"1","TEAMID":"PHI","LGID":"NL","W":"0","L":"0","G":"4","GS":"0","CG":"0","SHO":"0","SV":"0","IPOUTS":"12","H":"6","ER":"5","HR":"1","BB":"0","SO":"1","BAOPP":"0.35","ERA":"11.25","IBB":"0","WP":"0","HBP":"1","BK":"0","BFP":"18","GF":"2","R":"5","SH":"-1","SF":"-1","GIDP":"-1"}},{"pitcher":{,"PLAYERID":"littldi01","YEARID":"1958","STINT":"1","TEAMID":"ML1","LGID":"NL","W":"0","L":"1","G":"4","GS":"0","CG":"0","SHO":"0","SV":"1","IPOUTS":"19","H":"7","ER":"3","HR":"2","BB":"1","SO":"7","BAOPP":"0.28","ERA":"4.26","IBB":"0","WP":"0","HBP":"1","BK":"0","BFP":"27","GF":"2","R":"5","SH":"-1","SF":"-1","GIDP":"-1"}},{"pitcher":{,"PLAYERID":"loesbi01","YEARID":"1958","STINT":"1","TEAMID":"BAL","LGID":"AL","W":"3","L":"9","G":"32","GS":"10","CG":"1","SHO":"0","SV":"5","IPOUTS":"342","H":"106","ER":"46","HR":"10","BB":"44","SO":"44","BAOPP":"0.25","ERA":"3.63","IBB":"5","WP":"4","HBP":"8","BK":"0","BFP":"487","GF":"15","R":"51","SH":"-1","SF":"-1","GIDP":"-1"}},{"pitcher":{,"PLAYERID":"lowntu01","YEARID":"1958","STINT":"3","TEAMID":"CHA","LGID":"AL","W":"3","L":"3","G":"27","GS":"0","CG":"0","SHO":"0","SV":"8","IPOUTS":"122","H":"49","ER":"18","HR":"1","BB":"28","SO":"40","BAOPP":"0.3","ERA":"3.98","IBB":"4","WP":"2","HBP":"0","BK":"0","BFP":"195","GF":"15","R":"22","SH":"-1","SF":"-1","GIDP":"-1"}},{"pitcher":{,"PLAYERID":"lowntu01","YEARID":"1958","STINT":"1","TEAMID":"CHN","LGID":"NL","W":"0","L":"0","G":"4","GS":"0","CG":"0","SHO":"0","SV":"0","IPOUTS":"12","H":"2","ER":"2","HR":"0","BB":"3","SO":"4","BAOPP":"0.15","ERA":"4.5","IBB":"0","WP":"0","HBP":"0","BK":"0","BFP":"16","GF":"1","R":"2","SH":"-1","SF":"-1","GIDP":"-1"}},{"pitcher":{,"PLAYERID":"lowntu01","YEARID":"1958","STINT":"2","TEAMID":"CIN","LGID":"NL","W":"0","L":"2","G":"11","GS":"0","CG":"0","SHO":"0","SV":"0","IPOUTS":"35","H":"12","ER":"7","HR":"2","BB":"12","SO":"9","BAOPP":"0.27","ERA":"5.4","IBB":"2","WP":"0","HBP":"0","BK":"0","BFP":"57","GF":"4","R":"8","SH":"-1","SF":"-1","GIDP":"-1"}},{"pitcher":{,"PLAYERID":"lumenra01","YEARID":"1958","STINT":"1","TEAMID":"WS1","LGID":"AL","W":"1","L":"2","G":"8","GS":"4","CG":"0","SHO":"0","SV":"0","IPOUTS":"63","H":"21","ER":"20","HR":"2","BB":"36","SO":"20","BAOPP":"0.26","ERA":"8.57","IBB":"0","WP":"5","HBP":"1","BK":"0","BFP":"117","GF":"1","R":"20","SH":"-1","SF":"-1","GIDP":"-1"}},{"pitcher":{,"PLAYERID":"maasdu01","YEARID":"1958","STINT":"2","TEAMID":"NYA","LGID":"AL","W":"7","L":"3","G":"22","GS":"13","CG":"2","SHO":"1","SV":"0","IPOUTS":"304","H":"93","ER":"43","HR":"9","BB":"36","SO":"50","BAOPP":"0.24","ERA":"3.82","IBB":"0","WP":"2","HBP":"2","BK":"0","BFP":"428","GF":"2","R":"51","SH":"-1","SF":"-1","GIDP":"-1"}},{"pitcher":{,"PLAYERID":"maasdu01","YEARID":"1958","STINT":"1","TEAMID":"KC1","LGID":"AL","W":"4","L":"5","G":"10","GS":"7","CG":"3","SHO":"1","SV":"1","IPOUTS":"166","H":"49","ER":"24","HR":"3","BB":"13","SO":"19","BAOPP":"0.24","ERA":"3.9","IBB":"0","WP":"1","HBP":"1","BK":"0","BFP":"220","GF":"3","R":"25","SH":"-1","SF":"-1","GIDP":"-1"}},{"pitcher":{,"PLAYERID":"mabebo01","YEARID":"1958","STINT":"1","TEAMID":"SLN","LGID":"NL","W":"3","L":"9","G":"31","GS":"13","CG":"4","SHO":"0","SV":"0","IPOUTS":"335","H":"113","ER":"56","HR":"11","BB":"41","SO":"74","BAOPP":"0.26","ERA":"4.51","IBB":"6","WP":"7","HBP":"4","BK":"0","BFP":"487","GF":"4","R":"66","SH":"-1","SF":"-1","GIDP":"-1"}},{"pitcher":{,"PLAYERID":"maglisa01","YEARID":"1958","STINT":"1","TEAMID":"NYA","LGID":"AL","W":"1","L":"1","G":"7","GS":"3","CG":"0","SHO":"0","SV":"0","IPOUTS":"70","H":"27","ER":"12","HR":"3","BB":"9","SO":"7","BAOPP":"0.3","ERA":"4.63","IBB":"2","WP":"0","HBP":"0","BK":"0","BFP":"101","GF":"4","R":"12","SH":"-1","SF":"-1","GIDP":"-1"}},{"pitcher":{,"PLAYERID":"maglisa01","YEARID":"1958","STINT":"2","TEAMID":"SLN","LGID":"NL","W":"2","L":"6","G":"10","GS":"10","CG":"2","SHO":"0","SV":"0","IPOUTS":"159","H":"46","ER":"28","HR":"14","BB":"25","SO":"21","BAOPP":"0.23","ERA":"4.75","IBB":"2","WP":"0","HBP":"2","BK":"0","BFP":"230","GF":"0","R":"31","SH":"-1","SF":"-1","GIDP":"-1"}},{"pitcher":{,"PLAYERID":"martimo01","YEARID":"1958","STINT":"2","TEAMID":"CLE","LGID":"AL","W":"2","L":"0","G":"14","GS":"0","CG":"0","SHO":"0","SV":"1","IPOUTS":"56","H":"20","ER":"5","HR":"0","BB":"8","SO":"5","BAOPP":"0.29","ERA":"2.41","IBB":"0","WP":"1","HBP":"0","BK":"0","BFP":"80","GF":"8","R":"7","SH":"-1","SF":"-1","GIDP":"-1"}},{"pitcher":{,"PLAYERID":"martimo01","YEARID":"1958","STINT":"1","TEAMID":"SLN","LGID":"NL","W":"3","L":"1","G":"17","GS":"0","CG":"0","SHO":"0","SV":"0","IPOUTS":"74","H":"19","ER":"13","HR":"3","BB":"12","SO":"16","BAOPP":"0.21","ERA":"4.74","IBB":"0","WP":"0","HBP":"2","BK":"1","BFP":"104","GF":"3","R":"13","SH":"-1","SF":"-1","GIDP":"-1"}},{"pitcher":{,"PLAYERID":"masonha01","YEARID":"1958","STINT":"1","TEAMID":"PHI","LGID":"NL","W":"0","L":"0","G":"1","GS":"0","CG":"0","SHO":"0","SV":"0","IPOUTS":"15","H":"7","ER":"6","HR":"0","BB":"2","SO":"3","BAOPP":"0.36","ERA":"10.8","IBB":"0","WP":"0","HBP":"1","BK":"0","BFP":"24","GF":"0","R":"7","SH":"-1","SF":"-1","GIDP":"-1"}},{"pitcher":{,"PLAYERID":"maurira01","YEARID":"1958","STINT":"1","TEAMID":"LAN","LGID":"NL","W":"1","L":"1","G":"3","GS":"2","CG":"0","SHO":"0","SV":"0","IPOUTS":"35","H":"10","ER":"6","HR":"1","BB":"8","SO":"11","BAOPP":"0.23","ERA":"4.63","IBB":"0","WP":"1","HBP":"0","BK":"1","BFP":"51","GF":"0","R":"6","SH":"-1","SF":"-1","GIDP":"-1"}},{"pitcher":{,"PLAYERID":"mayered02","YEARID":"1958","STINT":"1","TEAMID":"CHN","LGID":"NL","W":"2","L":"2","G":"19","GS":"0","CG":"0","SHO":"0","SV":"1","IPOUTS":"71","H":"15","ER":"10","HR":"0","BB":"16","SO":"14","BAOPP":"0.19","ERA":"3.8","IBB":"1","WP":"0","HBP":"3","BK":"0","BFP":"100","GF":"4","R":"12","SH":"-1","SF":"-1","GIDP":"-1"}},{"pitcher":{,"PLAYERID":"mccormi03","YEARID":"1958","STINT":"1","TEAMID":"SFN","LGID":"NL","W":"11","L":"8","G":"42","GS":"28","CG":"8","SHO":"2","SV":"1","IPOUTS":"535","H":"192","ER":"91","HR":"19","BB":"60","SO":"82","BAOPP":"0.27","ERA":"4.59","IBB":"6","WP":"6","HBP":"3","BK":"0","BFP":"773","GF":"5","R":"103","SH":"-1","SF":"-1","GIDP":"-1"}},{"pitcher":{,"PLAYERID":"mcdanli01","YEARID":"1958","STINT":"1","TEAMID":"SLN","LGID":"NL","W":"5","L":"7","G":"26","GS":"17","CG":"2","SHO":"1","SV":"0","IPOUTS":"326","H":"139","ER":"70","HR":"17","BB":"31","SO":"47","BAOPP":"0.3","ERA":"5.8","IBB":"2","WP":"3","HBP":"2","BK":"1","BFP":"492","GF":"6","R":"76","SH":"-1","SF":"-1","GIDP":"-1"}},{"pitcher":{,"PLAYERID":"mcdanvo01","YEARID":"1958","STINT":"1","TEAMID":"SLN","LGID":"NL","W":"0","L":"0","G":"2","GS":"1","CG":"0","SHO":"0","SV":"0","IPOUTS":"6","H":"5","ER":"3","HR":"0","BB":"5","SO":"0","BAOPP":"0.5","ERA":"13.5","IBB":"0","WP":"0","HBP":"0","BK":"1","BFP":"16","GF":"0","R":"3","SH":"-1","SF":"-1","GIDP":"-1"}},{"pitcher":{,"PLAYERID":"mcdermi03","YEARID":"1958","STINT":"1","TEAMID":"DET","LGID":"AL","W":"0","L":"0","G":"2","GS":"0","CG":"0","SHO":"0","SV":"0","IPOUTS":"6","H":"6","ER":"2","HR":"0","BB":"2","SO":"0","BAOPP":"0.5","ERA":"9.0","IBB":"0","WP":"1","HBP":"0","BK":"0","BFP":"14","GF":"0","R":"4","SH":"-1","SF":"-1","GIDP":"-1"}},{"pitcher":{,"PLAYERID":"mcdevda01","YEARID":"1958","STINT":"1","TEAMID":"LAN","LGID":"NL","W":"2","L":"6","G":"13","GS":"10","CG":"2","SHO":"0","SV":"0","IPOUTS":"145","H":"71","ER":"40","HR":"6","BB":"31","SO":"26","BAOPP":"0.35","ERA":"7.45","IBB":"1","WP":"7","HBP":"0","BK":"0","BFP":"238","GF":"3","R":"43","SH":"-1","SF":"-1","GIDP":"-1"}},{"pitcher":{,"PLAYERID":"mcdonji04","YEARID":"1958","STINT":"1","TEAMID":"CHA","LGID":"AL","W":"0","L":"0","G":"3","GS":"0","CG":"0","SHO":"0","SV":"0","IPOUTS":"7","H":"6","ER":"5","HR":"1","BB":"4","SO":"0","BAOPP":"0.42","ERA":"19.29","IBB":"0","WP":"0","HBP":"0","BK":"0","BFP":"18","GF":"0","R":"8","SH":"-1","SF":"-1","GIDP":"-1"}},{"pitcher":{,"PLAYERID":"mcilwst01","YEARID":"1958","STINT":"1","TEAMID":"CHA","LGID":"AL","W":"0","L":"0","G":"1","GS":"1","CG":"0","SHO":"0","SV":"0","IPOUTS":"12","H":"4","ER":"1","HR":"1","BB":"0","SO":"4","BAOPP":"0.25","ERA":"2.25","IBB":"0","WP":"0","HBP":"0","BK":"0","BFP":"16","GF":"0","R":"1","SH":"-1","SF":"-1","GIDP":"-1"}},{"pitcher":{,"PLAYERID":"mclisca01","YEARID":"1958","STINT":"1","TEAMID":"CLE","LGID":"AL","W":"16","L":"8","G":"39","GS":"30","CG":"13","SHO":"0","SV":"1","IPOUTS":"677","H":"214","ER":"75","HR":"25","BB":"70","SO":"97","BAOPP":"0.25","ERA":"2.99","IBB":"4","WP":"4","HBP":"1","BK":"0","BFP":"941","GF":"1","R":"92","SH":"-1","SF":"-1","GIDP":"-1"}},{"pitcher":{,"PLAYERID":"mcmahdo02","YEARID":"1958","STINT":"1","TEAMID":"ML1","LGID":"NL","W":"7","L":"2","G":"38","GS":"0","CG":"0","SHO":"0","SV":"8","IPOUTS":"176","H":"50","ER":"24","HR":"4","BB":"29","SO":"37","BAOPP":"0.23","ERA":"3.68","IBB":"5","WP":"1","HBP":"2","BK":"0","BFP":"250","GF":"28","R":"25","SH":"-1","SF":"-1","GIDP":"-1"}},{"pitcher":{,"PLAYERID":"meyerja01","YEARID":"1958","STINT":"1","TEAMID":"PHI","LGID":"NL","W":"3","L":"6","G":"37","GS":"5","CG":"1","SHO":"0","SV":"2","IPOUTS":"271","H":"77","ER":"36","HR":"8","BB":"33","SO":"87","BAOPP":"0.23","ERA":"3.59","IBB":"3","WP":"7","HBP":"1","BK":"0","BFP":"374","GF":"16","R":"38","SH":"-1","SF":"-1","GIDP":"-1"}},{"pitcher":{,"PLAYERID":"millebo02","YEARID":"1958","STINT":"1","TEAMID":"PHI","LGID":"NL","W":"1","L":"1","G":"17","GS":"0","CG":"0","SHO":"0","SV":"0","IPOUTS":"67","H":"36","ER":"29","HR":"7","BB":"9","SO":"9","BAOPP":"0.36","ERA":"11.69","IBB":"2","WP":"1","HBP":"0","BK":"0","BFP":"113","GF":"4","R":"30","SH":"-1","SF":"-1","GIDP":"-1"}},{"pitcher":{,"PLAYERID":"millest01","YEARID":"1958","STINT":"1","TEAMID":"SFN","LGID":"NL","W":"6","L":"9","G":"41","GS":"20","CG":"4","SHO":"1","SV":"0","IPOUTS":"546","H":"160","ER":"50","HR":"16","BB":"49","SO":"119","BAOPP":"0.23","ERA":"2.47","IBB":"3","WP":"2","HBP":"2","BK":"1","BFP":"744","GF":"7","R":"60","SH":"-1","SF":"-1","GIDP":"-1"}},{"pitcher":{,"PLAYERID":"mizelvi01","YEARID":"1958","STINT":"1","TEAMID":"SLN","LGID":"NL","W":"10","L":"14","G":"30","GS":"29","CG":"8","SHO":"2","SV":"0","IPOUTS":"569","H":"178","ER":"72","HR":"17","BB":"91","SO":"80","BAOPP":"0.25","ERA":"3.42","IBB":"9","WP":"1","HBP":"2","BK":"0","BFP":"820","GF":"0","R":"81","SH":"-1","SF":"-1","GIDP":"-1"}},{"pitcher":{,"PLAYERID":"moellro01","YEARID":"1958","STINT":"1","TEAMID":"BAL","LGID":"AL","W":"0","L":"0","G":"4","GS":"0","CG":"0","SHO":"0","SV":"0","IPOUTS":"13","H":"6","ER":"2","HR":"0","BB":"3","SO":"3","BAOPP":"0.33","ERA":"4.15","IBB":"0","WP":"0","HBP":"0","BK":"0","BFP":"21","GF":"1","R":"2","SH":"-1","SF":"-1","GIDP":"-1"}},{"pitcher":{,"PLAYERID":"moforhe01","YEARID":"1958","STINT":"1","TEAMID":"DET","LGID":"AL","W":"4","L":"9","G":"25","GS":"11","CG":"6","SHO":"0","SV":"1","IPOUTS":"329","H":"83","ER":"44","HR":"10","BB":"42","SO":"58","BAOPP":"0.21","ERA":"3.61","IBB":"6","WP":"2","HBP":"9","BK":"0","BFP":"448","GF":"4","R":"45","SH":"-1","SF":"-1","GIDP":"-1"}},{"pitcher":{,"PLAYERID":"monbobi01","YEARID":"1958","STINT":"1","TEAMID":"BOS","LGID":"AL","W":"3","L":"4","G":"10","GS":"8","CG":"3","SHO":"0","SV":"0","IPOUTS":"163","H":"52","ER":"20","HR":"4","BB":"20","SO":"30","BAOPP":"0.25","ERA":"3.31","IBB":"4","WP":"1","HBP":"0","BK":"0","BFP":"231","GF":"1","R":"25","SH":"-1","SF":"-1","GIDP":"-1"}},{"pitcher":{,"PLAYERID":"monroza01","YEARID":"1958","STINT":"1","TEAMID":"NYA","LGID":"AL","W":"4","L":"2","G":"21","GS":"6","CG":"1","SHO":"0","SV":"1","IPOUTS":"174","H":"57","ER":"21","HR":"8","BB":"27","SO":"18","BAOPP":"0.26","ERA":"3.26","IBB":"1","WP":"0","HBP":"0","BK":"0","BFP":"250","GF":"10","R":"29","SH":"-1","SF":"-1","GIDP":"-1"}},{"pitcher":{,"PLAYERID":"monzara01","YEARID":"1958","STINT":"1","TEAMID":"SFN","LGID":"NL","W":"8","L":"11","G":"43","GS":"16","CG":"4","SHO":"1","SV":"1","IPOUTS":"452","H":"160","ER":"79","HR":"21","BB":"57","SO":"93","BAOPP":"0.27","ERA":"4.72","IBB":"5","WP":"4","HBP":"6","BK":"0","BFP":"663","GF":"10","R":"89","SH":"-1","SF":"-1","GIDP":"-1"}},{"pitcher":{,"PLAYERID":"moorera02","YEARID":"1958","STINT":"1","TEAMID":"CHA","LGID":"AL","W":"9","L":"7","G":"32","GS":"20","CG":"4","SHO":"2","SV":"2","IPOUTS":"410","H":"107","ER":"58","HR":"10","BB":"70","SO":"73","BAOPP":"0.22","ERA":"3.82","IBB":"2","WP":"6","HBP":"0","BK":"3","BFP":"570","GF":"9","R":"63","SH":"-1","SF":"-1","GIDP":"-1"}},{"pitcher":{,"PLAYERID":"morehse01","YEARID":"1958","STINT":"1","TEAMID":"PHI","LGID":"NL","W":"1","L":"6","G":"27","GS":"11","CG":"0","SHO":"0","SV":"0","IPOUTS":"277","H":"121","ER":"60","HR":"8","BB":"26","SO":"54","BAOPP":"0.31","ERA":"5.85","IBB":"3","WP":"2","HBP":"1","BK":"1","BFP":"416","GF":"8","R":"67","SH":"-1","SF":"-1","GIDP":"-1"}},{"pitcher":{,"PLAYERID":"morgato01","YEARID":"1958","STINT":"1","TEAMID":"DET","LGID":"AL","W":"2","L":"5","G":"39","GS":"1","CG":"0","SHO":"0","SV":"1","IPOUTS":"188","H":"70","ER":"22","HR":"7","BB":"4","SO":"32","BAOPP":"0.28","ERA":"3.16","IBB":"0","WP":"0","HBP":"1","BK":"0","BFP":"256","GF":"11","R":"28","SH":"-1","SF":"-1","GIDP":"-1"}},{"pitcher":{,"PLAYERID":"mossido01","YEARID":"1958","STINT":"1","TEAMID":"CLE","LGID":"AL","W":"7","L":"8","G":"43","GS":"5","CG":"0","SHO":"0","SV":"3","IPOUTS":"305","H":"106","ER":"44","HR":"6","BB":"30","SO":"55","BAOPP":"0.26","ERA":"3.9","IBB":"6","WP":"1","HBP":"4","BK":"0","BFP":"441","GF":"24","R":"49","SH":"-1","SF":"-1","GIDP":"-1"}},{"pitcher":{,"PLAYERID":"muffebi01","YEARID":"1958","STINT":"1","TEAMID":"SLN","LGID":"NL","W":"4","L":"6","G":"35","GS":"6","CG":"1","SHO":"0","SV":"5","IPOUTS":"252","H":"107","ER":"46","HR":"11","BB":"42","SO":"41","BAOPP":"0.31","ERA":"4.93","IBB":"9","WP":"0","HBP":"5","BK":"0","BFP":"396","GF":"17","R":"52","SH":"-1","SF":"-1","GIDP":"-1"}},{"pitcher":{,"PLAYERID":"narlera01","YEARID":"1958","STINT":"1","TEAMID":"CLE","LGID":"AL","W":"13","L":"10","G":"44","GS":"24","CG":"7","SHO":"0","SV":"1","IPOUTS":"550","H":"179","ER":"83","HR":"21","BB":"91","SO":"102","BAOPP":"0.25","ERA":"4.07","IBB":"10","WP":"6","HBP":"3","BK":"2","BFP":"806","GF":"11","R":"87","SH":"-1","SF":"-1","GIDP":"-1"}},{"pitcher":{,"PLAYERID":"negraro01","YEARID":"1958","STINT":"1","TEAMID":"LAN","LGID":"NL","W":"0","L":"0","G":"4","GS":"0","CG":"0","SHO":"0","SV":"0","IPOUTS":"34","H":"12","ER":"9","HR":"4","BB":"7","SO":"2","BAOPP":"0.27","ERA":"7.15","IBB":"0","WP":"1","HBP":"0","BK":"1","BFP":"51","GF":"1","R":"9","SH":"-1","SF":"-1","GIDP":"-1"}},{"pitcher":{,"PLAYERID":"newcodo01","YEARID":"1958","STINT":"2","TEAMID":"CIN","LGID":"NL","W":"7","L":"7","G":"20","GS":"18","CG":"7","SHO":"0","SV":"1","IPOUTS":"400","H":"159","ER":"57","HR":"20","BB":"28","SO":"53","BAOPP":"0.29","ERA":"3.85","IBB":"4","WP":"2","HBP":"1","BK":"0","BFP":"571","GF":"2","R":"61","SH":"-1","SF":"-1","GIDP":"-1"}},{"pitcher":{,"PLAYERID":"newcodo01","YEARID":"1958","STINT":"1","TEAMID":"LAN","LGID":"NL","W":"0","L":"6","G":"11","GS":"8","CG":"1","SHO":"0","SV":"0","IPOUTS":"103","H":"53","ER":"30","HR":"11","BB":"8","SO":"16","BAOPP":"0.34","ERA":"7.86","IBB":"1","WP":"0","HBP":"0","BK":"0","BFP":"163","GF":"2","R":"37","SH":"-1","SF":"-1","GIDP":"-1"}},{"pitcher":{,"PLAYERID":"nichodo02","YEARID":"1958","STINT":"1","TEAMID":"CHN","LGID":"NL","W":"0","L":"4","G":"24","GS":"0","CG":"0","SHO":"0","SV":"1","IPOUTS":"124","H":"46","ER":"23","HR":"1","BB":"16","SO":"9","BAOPP":"0.29","ERA":"5.01","IBB":"2","WP":"1","HBP":"1","BK":"0","BFP":"179","GF":"7","R":"27","SH":"-1","SF":"-1","GIDP":"-1"}},{"pitcher":{,"PLAYERID":"nixonwi01","YEARID":"1958","STINT":"1","TEAMID":"BOS","LGID":"AL","W":"1","L":"7","G":"10","GS":"8","CG":"2","SHO":"0","SV":"0","IPOUTS":"130","H":"48","ER":"29","HR":"7","BB":"11","SO":"15","BAOPP":"0.28","ERA":"6.02","IBB":"0","WP":"1","HBP":"0","BK":"0","BFP":"187","GF":"0","R":"30","SH":"-1","SF":"-1","GIDP":"-1"}},{"pitcher":{,"PLAYERID":"nuxhajo01","YEARID":"1958","STINT":"1","TEAMID":"CIN","LGID":"NL","W":"12","L":"11","G":"36","GS":"26","CG":"5","SHO":"0","SV":"0","IPOUTS":"527","H":"169","ER":"74","HR":"15","BB":"63","SO":"111","BAOPP":"0.25","ERA":"3.79","IBB":"5","WP":"3","HBP":"1","BK":"0","BFP":"735","GF":"5","R":"78","SH":"-1","SF":"-1","GIDP":"-1"}},{"pitcher":{,"PLAYERID":"obrieed01","YEARID":"1958","STINT":"1","TEAMID":"PIT","LGID":"NL","W":"0","L":"0","G":"1","GS":"0","CG":"0","SHO":"0","SV":"0","IPOUTS":"6","H":"4","ER":"3","HR":"1","BB":"1","SO":"1","BAOPP":"0.44","ERA":"13.5","IBB":"0","WP":"0","HBP":"0","BK":"0","BFP":"10","GF":"1","R":"3","SH":"-1","SF":"-1","GIDP":"-1"}},{"pitcher":{,"PLAYERID":"obriejo03","YEARID":"1958","STINT":"2","TEAMID":"SLN","LGID":"NL","W":"0","L":"0","G":"1","GS":"0","CG":"0","SHO":"0","SV":"0","IPOUTS":"6","H":"7","ER":"5","HR":"0","BB":"2","SO":"2","BAOPP":"0.53","ERA":"22.5","IBB":"0","WP":"0","HBP":"0","BK":"0","BFP":"15","GF":"1","R":"5","SH":"-1","SF":"-1","GIDP":"-1"}},{"pitcher":{,"PLAYERID":"odellbi01","YEARID":"1958","STINT":"1","TEAMID":"BAL","LGID":"AL","W":"14","L":"11","G":"41","GS":"25","CG":"12","SHO":"3","SV":"8","IPOUTS":"664","H":"201","ER":"73","HR":"13","BB":"51","SO":"137","BAOPP":"0.24","ERA":"2.97","IBB":"6","WP":"2","HBP":"4","BK":"1","BFP":"913","GF":"12","R":"83","SH":"-1","SF":"-1","GIDP":"-1"}},{"pitcher":{,"PLAYERID":"otoolji01","YEARID":"1958","STINT":"1","TEAMID":"CIN","LGID":"NL","W":"0","L":"1","G":"1","GS":"1","CG":"0","SHO":"0","SV":"0","IPOUTS":"21","H":"4","ER":"1","HR":"0","BB":"5","SO":"4","BAOPP":"0.15","ERA":"1.29","IBB":"0","WP":"0","HBP":"0","BK":"0","BFP":"31","GF":"0","R":"2","SH":"-1","SF":"-1","GIDP":"-1"}},{"pitcher":{,"PLAYERID":"owensji01","YEARID":"1958","STINT":"1","TEAMID":"PHI","LGID":"NL","W":"1","L":"0","G":"1","GS":"1","CG":"0","SHO":"0","SV":"0","IPOUTS":"21","H":"4","ER":"2","HR":"1","BB":"5","SO":"3","BAOPP":"0.15","ERA":"2.57","IBB":"0","WP":"2","HBP":"0","BK":"0","BFP":"31","GF":"0","R":"4","SH":"-1","SF":"-1","GIDP":"-1"}},{"pitcher":{,"PLAYERID":"paineph01","YEARID":"1958","STINT":"1","TEAMID":"SLN","LGID":"NL","W":"5","L":"1","G":"46","GS":"0","CG":"0","SHO":"0","SV":"1","IPOUTS":"220","H":"70","ER":"29","HR":"7","BB":"31","SO":"45","BAOPP":"0.25","ERA":"3.56","IBB":"4","WP":"0","HBP":"5","BK":"1","BFP":"314","GF":"22","R":"33","SH":"-1","SF":"-1","GIDP":"-1"}},{"pitcher":{,"PLAYERID":"pappami01","YEARID":"1958","STINT":"1","TEAMID":"BAL","LGID":"AL","W":"10","L":"10","G":"31","GS":"21","CG":"3","SHO":"0","SV":"0","IPOUTS":"406","H":"135","ER":"61","HR":"8","BB":"48","SO":"72","BAOPP":"0.26","ERA":"4.06","IBB":"1","WP":"6","HBP":"2","BK":"1","BFP":"574","GF":"4","R":"67","SH":"-1","SF":"-1","GIDP":"-1"}},{"pitcher":{,"PLAYERID":"pascuca02","YEARID":"1958","STINT":"1","TEAMID":"WS1","LGID":"AL","W":"8","L":"12","G":"31","GS":"27","CG":"6","SHO":"2","SV":"0","IPOUTS":"532","H":"166","ER":"62","HR":"14","BB":"60","SO":"146","BAOPP":"0.24","ERA":"3.15","IBB":"2","WP":"3","HBP":"3","BK":"2","BFP":"742","GF":"3","R":"66","SH":"-1","SF":"-1","GIDP":"-1"}},{"pitcher":{,"PLAYERID":"penaor01","YEARID":"1958","STINT":"1","TEAMID":"CIN","LGID":"NL","W":"1","L":"0","G":"9","GS":"0","CG":"0","SHO":"0","SV":"3","IPOUTS":"45","H":"10","ER":"1","HR":"0","BB":"4","SO":"11","BAOPP":"0.18","ERA":"0.6","IBB":"1","WP":"0","HBP":"0","BK":"0","BFP":"60","GF":"7","R":"1","SH":"-1","SF":"-1","GIDP":"-1"}},{"pitcher":{,"PLAYERID":"perezge01","YEARID":"1958","STINT":"1","TEAMID":"PIT","LGID":"NL","W":"0","L":"1","G":"4","GS":"0","CG":"0","SHO":"0","SV":"1","IPOUTS":"25","H":"9","ER":"5","HR":"1","BB":"4","SO":"2","BAOPP":"0.3","ERA":"5.4","IBB":"0","WP":"3","HBP":"0","BK":"0","BFP":"35","GF":"1","R":"5","SH":"-1","SF":"-1","GIDP":"-1"}},{"pitcher":{,"PLAYERID":"phillta01","YEARID":"1958","STINT":"1","TEAMID":"CHN","LGID":"NL","W":"7","L":"10","G":"39","GS":"27","CG":"5","SHO":"1","SV":"1","IPOUTS":"511","H":"178","ER":"90","HR":"22","BB":"79","SO":"102","BAOPP":"0.26","ERA":"4.76","IBB":"5","WP":"8","HBP":"6","BK":"3","BFP":"761","GF":"4","R":"102","SH":"-1","SF":"-1","GIDP":"-1"}},{"pitcher":{,"PLAYERID":"piercbi02","YEARID":"1958","STINT":"1","TEAMID":"CHA","LGID":"AL","W":"17","L":"11","G":"35","GS":"32","CG":"19","SHO":"3","SV":"2","IPOUTS":"735","H":"204","ER":"73","HR":"33","BB":"66","SO":"144","BAOPP":"0.22","ERA":"2.68","IBB":"2","WP":"1","HBP":"1","BK":"0","BFP":"983","GF":"3","R":"83","SH":"-1","SF":"-1","GIDP":"-1"}},{"pitcher":{,"PLAYERID":"pizarju01","YEARID":"1958","STINT":"1","TEAMID":"ML1","LGID":"NL","W":"6","L":"4","G":"16","GS":"10","CG":"7","SHO":"1","SV":"1","IPOUTS":"290","H":"75","ER":"29","HR":"12","BB":"47","SO":"84","BAOPP":"0.21","ERA":"2.7","IBB":"0","WP":"6","HBP":"4","BK":"1","BFP":"408","GF":"4","R":"36","SH":"-1","SF":"-1","GIDP":"-1"}},{"pitcher":{,"PLAYERID":"podrejo01","YEARID":"1958","STINT":"1","TEAMID":"LAN","LGID":"NL","W":"13","L":"15","G":"39","GS":"31","CG":"10","SHO":"2","SV":"1","IPOUTS":"631","H":"208","ER":"87","HR":"27","BB":"78","SO":"143","BAOPP":"0.26","ERA":"3.72","IBB":"8","WP":"4","HBP":"2","BK":"3","BFP":"890","GF":"4","R":"96","SH":"-1","SF":"-1","GIDP":"-1"}},{"pitcher":{,"PLAYERID":"portebo01","YEARID":"1958","STINT":"2","TEAMID":"PIT","LGID":"NL","W":"4","L":"6","G":"37","GS":"6","CG":"2","SHO":"1","SV":"5","IPOUTS":"263","H":"78","ER":"32","HR":"7","BB":"19","SO":"39","BAOPP":"0.24","ERA":"3.29","IBB":"3","WP":"2","HBP":"1","BK":"0","BFP":"352","GF":"10","R":"33","SH":"-1","SF":"-1","GIDP":"-1"}},{"pitcher":{,"PLAYERID":"portebo01","YEARID":"1958","STINT":"1","TEAMID":"BOS","LGID":"AL","W":"0","L":"0","G":"2","GS":"0","CG":"0","SHO":"0","SV":"0","IPOUTS":"12","H":"3","ER":"2","HR":"1","BB":"0","SO":"1","BAOPP":"0.21","ERA":"4.5","IBB":"0","WP":"0","HBP":"0","BK":"0","BFP":"15","GF":"1","R":"2","SH":"-1","SF":"-1","GIDP":"-1"}},{"pitcher":{,"PLAYERID":"portoar01","YEARID":"1958","STINT":"1","TEAMID":"BAL","LGID":"AL","W":"15","L":"11","G":"32","GS":"27","CG":"10","SHO":"3","SV":"2","IPOUTS":"614","H":"173","ER":"74","HR":"17","BB":"57","SO":"90","BAOPP":"0.22","ERA":"3.25","IBB":"3","WP":"0","HBP":"3","BK":"1","BFP":"826","GF":"4","R":"81","SH":"-1","SF":"-1","GIDP":"-1"}},{"pitcher":{,"PLAYERID":"preskjo01","YEARID":"1958","STINT":"1","TEAMID":"DET","LGID":"AL","W":"0","L":"0","G":"7","GS":"0","CG":"0","SHO":"0","SV":"2","IPOUTS":"32","H":"13","ER":"4","HR":"0","BB":"1","SO":"6","BAOPP":"0.31","ERA":"3.38","IBB":"0","WP":"0","HBP":"0","BK":"0","BFP":"43","GF":"6","R":"4","SH":"-1","SF":"-1","GIDP":"-1"}},{"pitcher":{,"PLAYERID":"purkebo01","YEARID":"1958","STINT":"1","TEAMID":"CIN","LGID":"NL","W":"17","L":"11","G":"37","GS":"34","CG":"17","SHO":"3","SV":"0","IPOUTS":"750","H":"259","ER":"100","HR":"25","BB":"49","SO":"70","BAOPP":"0.26","ERA":"3.6","IBB":"3","WP":"1","HBP":"4","BK":"0","BFP":"1040","GF":"2","R":"106","SH":"-1","SF":"-1","GIDP":"-1"}},{"pitcher":{,"PLAYERID":"qualtto01","YEARID":"1958","STINT":"2","TEAMID":"CHA","LGID":"AL","W":"0","L":"0","G":"26","GS":"0","CG":"0","SHO":"0","SV":"0","IPOUTS":"129","H":"45","ER":"20","HR":"1","BB":"20","SO":"14","BAOPP":"0.28","ERA":"4.19","IBB":"4","WP":"4","HBP":"0","BK":"0","BFP":"184","GF":"10","R":"22","SH":"-1","SF":"-1","GIDP":"-1"}},{"pitcher":{,"PLAYERID":"qualtto01","YEARID":"1958","STINT":"1","TEAMID":"PHI","LGID":"NL","W":"0","L":"0","G":"1","GS":"0","CG":"0","SHO":"0","SV":"0","IPOUTS":"6","H":"2","ER":"1","HR":"0","BB":"1","SO":"0","BAOPP":"0.22","ERA":"4.5","IBB":"0","WP":"0","HBP":"0","BK":"0","BFP":"10","GF":"0","R":"1","SH":"-1","SF":"-1","GIDP":"-1"}},{"pitcher":{,"PLAYERID":"rabech01","YEARID":"1958","STINT":"1","TEAMID":"CIN","LGID":"NL","W":"0","L":"3","G":"9","GS":"1","CG":"0","SHO":"0","SV":"0","IPOUTS":"56","H":"25","ER":"9","HR":"3","BB":"9","SO":"10","BAOPP":"0.32","ERA":"4.34","IBB":"0","WP":"0","HBP":"0","BK":"0","BFP":"87","GF":"1","R":"10","SH":"-1","SF":"-1","GIDP":"-1"}},{"pitcher":{,"PLAYERID":"ramospe01","YEARID":"1958","STINT":"1","TEAMID":"WS1","LGID":"AL","W":"14","L":"18","G":"43","GS":"37","CG":"10","SHO":"4","SV":"3","IPOUTS":"778","H":"277","ER":"122","HR":"38","BB":"77","SO":"132","BAOPP":"0.27","ERA":"4.23","IBB":"9","WP":"4","HBP":"5","BK":"1","BFP":"1112","GF":"5","R":"133","SH":"-1","SF":"-1","GIDP":"-1"}},{"pitcher":{,"PLAYERID":"raydocu01","YEARID":"1958","STINT":"1","TEAMID":"PIT","LGID":"NL","W":"8","L":"4","G":"31","GS":"20","CG":"2","SHO":"1","SV":"1","IPOUTS":"403","H":"118","ER":"54","HR":"18","BB":"61","SO":"85","BAOPP":"0.23","ERA":"3.62","IBB":"4","WP":"3","HBP":"5","BK":"1","BFP":"573","GF":"5","R":"64","SH":"-1","SF":"-1","GIDP":"-1"}},{"pitcher":{,"PLAYERID":"reedho01","YEARID":"1958","STINT":"1","TEAMID":"KC1","LGID":"AL","W":"1","L":"0","G":"3","GS":"1","CG":"1","SHO":"0","SV":"0","IPOUTS":"31","H":"5","ER":"1","HR":"0","BB":"4","SO":"5","BAOPP":"0.13","ERA":"0.87","IBB":"0","WP":"0","HBP":"0","BK":"0","BFP":"42","GF":"1","R":"1","SH":"-1","SF":"-1","GIDP":"-1"}},{"pitcher":{,"PLAYERID":"ridzist01","YEARID":"1958","STINT":"1","TEAMID":"CLE","LGID":"AL","W":"0","L":"2","G":"6","GS":"0","CG":"0","SHO":"0","SV":"0","IPOUTS":"26","H":"9","ER":"2","HR":"1","BB":"5","SO":"6","BAOPP":"0.25","ERA":"2.08","IBB":"2","WP":"1","HBP":"0","BK":"0","BFP":"41","GF":"2","R":"7","SH":"-1","SF":"-1","GIDP":"-1"}},{"pitcher":{,"PLAYERID":"roberro01","YEARID":"1958","STINT":"1","TEAMID":"PHI","LGID":"NL","W":"17","L":"14","G":"35","GS":"34","CG":"21","SHO":"1","SV":"0","IPOUTS":"809","H":"270","ER":"97","HR":"30","BB":"51","SO":"130","BAOPP":"0.25","ERA":"3.24","IBB":"5","WP":"2","HBP":"2","BK":"0","BFP":"1116","GF":"0","R":"112","SH":"-1","SF":"-1","GIDP":"-1"}},{"pitcher":{,"PLAYERID":"robinhu01","YEARID":"1958","STINT":"1","TEAMID":"ML1","LGID":"NL","W":"2","L":"4","G":"19","GS":"0","CG":"0","SHO":"0","SV":"1","IPOUTS":"125","H":"30","ER":"14","HR":"4","BB":"13","SO":"26","BAOPP":"0.2","ERA":"3.02","IBB":"2","WP":"0","HBP":"2","BK":"2","BFP":"166","GF":"11","R":"15","SH":"-1","SF":"-1","GIDP":"-1"}},{"pitcher":{,"PLAYERID":"rodrifr01","YEARID":"1958","STINT":"1","TEAMID":"CHN","LGID":"NL","W":"0","L":"0","G":"7","GS":"0","CG":"0","SHO":"0","SV":"2","IPOUTS":"22","H":"8","ER":"6","HR":"2","BB":"5","SO":"5","BAOPP":"0.26","ERA":"7.36","IBB":"0","WP":"0","HBP":"1","BK":"0","BFP":"36","GF":"3","R":"6","SH":"-1","SF":"-1","GIDP":"-1"}},{"pitcher":{,"PLAYERID":"roebued01","YEARID":"1958","STINT":"1","TEAMID":"LAN","LGID":"NL","W":"0","L":"1","G":"32","GS":"0","CG":"0","SHO":"0","SV":"5","IPOUTS":"132","H":"45","ER":"17","HR":"9","BB":"15","SO":"26","BAOPP":"0.27","ERA":"3.48","IBB":"3","WP":"1","HBP":"2","BK":"1","BFP":"188","GF":"13","R":"22","SH":"-1","SF":"-1","GIDP":"-1"}},{"pitcher":{,"PLAYERID":"romonjo01","YEARID":"1958","STINT":"1","TEAMID":"WS1","LGID":"AL","W":"2","L":"4","G":"18","GS":"5","CG":"1","SHO":"0","SV":"0","IPOUTS":"166","H":"52","ER":"40","HR":"6","BB":"28","SO":"38","BAOPP":"0.24","ERA":"6.51","IBB":"4","WP":"1","HBP":"0","BK":"0","BFP":"247","GF":"4","R":"42","SH":"-1","SF":"-1","GIDP":"-1"}},{"pitcher":{,"PLAYERID":"rudoldo01","YEARID":"1958","STINT":"1","TEAMID":"CHA","LGID":"AL","W":"1","L":"0","G":"7","GS":"0","CG":"0","SHO":"0","SV":"1","IPOUTS":"21","H":"4","ER":"2","HR":"0","BB":"5","SO":"2","BAOPP":"0.19","ERA":"2.57","IBB":"1","WP":"0","HBP":"0","BK":"0","BFP":"26","GF":"6","R":"2","SH":"-1","SF":"-1","GIDP":"-1"}},{"pitcher":{,"PLAYERID":"rushbo01","YEARID":"1958","STINT":"1","TEAMID":"ML1","LGID":"NL","W":"10","L":"6","G":"28","GS":"20","CG":"5","SHO":"2","SV":"0","IPOUTS":"442","H":"142","ER":"56","HR":"13","BB":"31","SO":"84","BAOPP":"0.25","ERA":"3.42","IBB":"7","WP":"0","HBP":"1","BK":"0","BFP":"600","GF":"1","R":"59","SH":"-1","SF":"-1","GIDP":"-1"}},{"pitcher":{,"PLAYERID":"sanfoja02","YEARID":"1958","STINT":"1","TEAMID":"PHI","LGID":"NL","W":"10","L":"13","G":"38","GS":"27","CG":"7","SHO":"2","SV":"0","IPOUTS":"559","H":"197","ER":"92","HR":"15","BB":"81","SO":"106","BAOPP":"0.27","ERA":"4.44","IBB":"6","WP":"3","HBP":"3","BK":"0","BFP":"819","GF":"4","R":"103","SH":"-1","SF":"-1","GIDP":"-1"}},{"pitcher":{,"PLAYERID":"schmiwi01","YEARID":"1958","STINT":"1","TEAMID":"CIN","LGID":"NL","W":"3","L":"5","G":"41","GS":"2","CG":"0","SHO":"0","SV":"0","IPOUTS":"208","H":"60","ER":"22","HR":"8","BB":"33","SO":"41","BAOPP":"0.23","ERA":"2.86","IBB":"7","WP":"1","HBP":"1","BK":"0","BFP":"302","GF":"18","R":"29","SH":"-1","SF":"-1","GIDP":"-1"}},{"pitcher":{,"PLAYERID":"schroal01","YEARID":"1958","STINT":"1","TEAMID":"BOS","LGID":"AL","W":"0","L":"0","G":"5","GS":"0","CG":"0","SHO":"0","SV":"0","IPOUTS":"30","H":"6","ER":"5","HR":"1","BB":"4","SO":"7","BAOPP":"0.17","ERA":"4.5","IBB":"0","WP":"0","HBP":"0","BK":"0","BFP":"39","GF":"1","R":"5","SH":"-1","SF":"-1","GIDP":"-1"}},{"pitcher":{,"PLAYERID":"scorehe01","YEARID":"1958","STINT":"1","TEAMID":"CLE","LGID":"AL","W":"2","L":"3","G":"12","GS":"5","CG":"2","SHO":"1","SV":"3","IPOUTS":"123","H":"29","ER":"18","HR":"1","BB":"34","SO":"48","BAOPP":"0.19","ERA":"3.95","IBB":"1","WP":"1","HBP":"0","BK":"0","BFP":"182","GF":"4","R":"19","SH":"-1","SF":"-1","GIDP":"-1"}},{"pitcher":{,"PLAYERID":"semprra01","YEARID":"1958","STINT":"1","TEAMID":"PHI","LGID":"NL","W":"13","L":"11","G":"36","GS":"30","CG":"12","SHO":"2","SV":"0","IPOUTS":"613","H":"211","ER":"89","HR":"25","BB":"58","SO":"92","BAOPP":"0.26","ERA":"3.92","IBB":"1","WP":"5","HBP":"6","BK":"0","BFP":"872","GF":"3","R":"105","SH":"-1","SF":"-1","GIDP":"-1"}},{"pitcher":{,"PLAYERID":"shantbo01","YEARID":"1958","STINT":"1","TEAMID":"NYA","LGID":"AL","W":"7","L":"6","G":"33","GS":"13","CG":"3","SHO":"0","SV":"0","IPOUTS":"378","H":"127","ER":"47","HR":"8","BB":"35","SO":"80","BAOPP":"0.26","ERA":"3.36","IBB":"7","WP":"3","HBP":"2","BK":"1","BFP":"531","GF":"7","R":"52","SH":"-1","SF":"-1","GIDP":"-1"}},{"pitcher":{,"PLAYERID":"shawbo01","YEARID":"1958","STINT":"2","TEAMID":"CHA","LGID":"AL","W":"4","L":"2","G":"29","GS":"3","CG":"0","SHO":"0","SV":"1","IPOUTS":"192","H":"67","ER":"33","HR":"8","BB":"28","SO":"18","BAOPP":"0.27","ERA":"4.64","IBB":"3","WP":"3","HBP":"2","BK":"0","BFP":"280","GF":"8","R":"33","SH":"-1","SF":"-1","GIDP":"-1"}},{"pitcher":{,"PLAYERID":"shawbo01","YEARID":"1958","STINT":"1","TEAMID":"DET","LGID":"AL","W":"1","L":"2","G":"11","GS":"2","CG":"0","SHO":"0","SV":"0","IPOUTS":"80","H":"32","ER":"15","HR":"2","BB":"13","SO":"17","BAOPP":"0.3","ERA":"5.06","IBB":"1","WP":"1","HBP":"0","BK":"0","BFP":"124","GF":"2","R":"16","SH":"-1","SF":"-1","GIDP":"-1"}},{"pitcher":{,"PLAYERID":"sherrla01","YEARID":"1958","STINT":"1","TEAMID":"LAN","LGID":"NL","W":"0","L":"0","G":"5","GS":"0","CG":"0","SHO":"0","SV":"0","IPOUTS":"13","H":"10","ER":"6","HR":"0","BB":"7","SO":"2","BAOPP":"0.47","ERA":"12.46","IBB":"1","WP":"1","HBP":"1","BK":"0","BFP":"29","GF":"1","R":"7","SH":"-1","SF":"-1","GIDP":"-1"}},{"pitcher":{,"PLAYERID":"shipljo01","YEARID":"1958","STINT":"1","TEAMID":"SFN","LGID":"NL","W":"0","L":"0","G":"1","GS":"0","CG":"0","SHO":"0","SV":"0","IPOUTS":"4","H":"3","ER":"5","HR":"0","BB":"3","SO":"0","BAOPP":"0.42","ERA":"33.75","IBB":"0","WP":"1","HBP":"2","BK":"0","BFP":"12","GF":"0","R":"5","SH":"-1","SF":"-1","GIDP":"-1"}},{"pitcher":{,"PLAYERID":"simmocu01","YEARID":"1958","STINT":"1","TEAMID":"PHI","LGID":"NL","W":"7","L":"14","G":"29","GS":"27","CG":"7","SHO":"1","SV":"1","IPOUTS":"505","H":"196","ER":"82","HR":"11","BB":"40","SO":"78","BAOPP":"0.29","ERA":"4.38","IBB":"4","WP":"4","HBP":"3","BK":"1","BFP":"727","GF":"2","R":"92","SH":"-1","SF":"-1","GIDP":"-1"}},{"pitcher":{,"PLAYERID":"singlel01","YEARID":"1958","STINT":"1","TEAMID":"CHN","LGID":"NL","W":"1","L":"0","G":"2","GS":"0","CG":"0","SHO":"0","SV":"0","IPOUTS":"14","H":"1","ER":"0","HR":"0","BB":"1","SO":"2","BAOPP":"0.07","ERA":"0.0","IBB":"1","WP":"0","HBP":"0","BK":"0","BFP":"15","GF":"2","R":"0","SH":"-1","SF":"-1","GIDP":"-1"}},{"pitcher":{,"PLAYERID":"sisleda01","YEARID":"1958","STINT":"1","TEAMID":"BOS","LGID":"AL","W":"8","L":"9","G":"30","GS":"25","CG":"4","SHO":"1","SV":"0","IPOUTS":"448","H":"157","ER":"82","HR":"22","BB":"79","SO":"71","BAOPP":"0.27","ERA":"4.94","IBB":"2","WP":"6","HBP":"1","BK":"2","BFP":"666","GF":"2","R":"94","SH":"-1","SF":"-1","GIDP":"-1"}},{"pitcher":{,"PLAYERID":"sleatlo01","YEARID":"1958","STINT":"1","TEAMID":"DET","LGID":"AL","W":"0","L":"0","G":"4","GS":"0","CG":"0","SHO":"0","SV":"0","IPOUTS":"16","H":"3","ER":"4","HR":"2","BB":"6","SO":"4","BAOPP":"0.15","ERA":"6.75","IBB":"0","WP":"0","HBP":"0","BK":"0","BFP":"25","GF":"2","R":"4","SH":"-1","SF":"-1","GIDP":"-1"}},{"pitcher":{,"PLAYERID":"sleatlo01","YEARID":"1958","STINT":"2","TEAMID":"BAL","LGID":"AL","W":"1","L":"0","G":"6","GS":"0","CG":"0","SHO":"0","SV":"0","IPOUTS":"21","H":"14","ER":"10","HR":"0","BB":"2","SO":"5","BAOPP":"0.43","ERA":"12.86","IBB":"0","WP":"0","HBP":"0","BK":"0","BFP":"35","GF":"4","R":"10","SH":"-1","SF":"-1","GIDP":"-1"}},{"pitcher":{,"PLAYERID":"smithbi04","YEARID":"1958","STINT":"1","TEAMID":"SLN","LGID":"NL","W":"0","L":"1","G":"2","GS":"1","CG":"0","SHO":"0","SV":"0","IPOUTS":"29","H":"12","ER":"7","HR":"0","BB":"4","SO":"4","BAOPP":"0.32","ERA":"6.52","IBB":"0","WP":"0","HBP":"0","BK":"0","BFP":"42","GF":"1","R":"7","SH":"-1","SF":"-1","GIDP":"-1"}},{"pitcher":{,"PLAYERID":"smithbo03","YEARID":"1958","STINT":"1","TEAMID":"PIT","LGID":"NL","W":"2","L":"2","G":"35","GS":"4","CG":"0","SHO":"0","SV":"1","IPOUTS":"183","H":"61","ER":"30","HR":"6","BB":"31","SO":"24","BAOPP":"0.26","ERA":"4.43","IBB":"7","WP":"3","HBP":"2","BK":"0","BFP":"274","GF":"9","R":"39","SH":"-1","SF":"-1","GIDP":"-1"}},{"pitcher":{,"PLAYERID":"smithbo05","YEARID":"1958","STINT":"1","TEAMID":"BOS","LGID":"AL","W":"4","L":"3","G":"17","GS":"7","CG":"1","SHO":"0","SV":"0","IPOUTS":"200","H":"61","ER":"28","HR":"4","BB":"45","SO":"43","BAOPP":"0.24","ERA":"3.78","IBB":"2","WP":"4","HBP":"0","BK":"0","BFP":"297","GF":"4","R":"32","SH":"-1","SF":"-1","GIDP":"-1"}},{"pitcher":{,"PLAYERID":"solisma01","YEARID":"1958","STINT":"1","TEAMID":"CHN","LGID":"NL","W":"3","L":"3","G":"15","GS":"4","CG":"0","SHO":"0","SV":"0","IPOUTS":"156","H":"74","ER":"35","HR":"5","BB":"20","SO":"15","BAOPP":"0.33","ERA":"6.06","IBB":"1","WP":"2","HBP":"4","BK":"0","BFP":"244","GF":"3","R":"41","SH":"-1","SF":"-1","GIDP":"-1"}},{"pitcher":{,"PLAYERID":"spahnwa01","YEARID":"1958","STINT":"1","TEAMID":"ML1","LGID":"NL","W":"22","L":"11","G":"38","GS":"36","CG":"23","SHO":"2","SV":"1","IPOUTS":"870","H":"257","ER":"99","HR":"29","BB":"76","SO":"150","BAOPP":"0.23","ERA":"3.07","IBB":"7","WP":"2","HBP":"2","BK":"1","BFP":"1176","GF":"1","R":"106","SH":"-1","SF":"-1","GIDP":"-1"}},{"pitcher":{,"PLAYERID":"spencge01","YEARID":"1958","STINT":"1","TEAMID":"DET","LGID":"AL","W":"1","L":"0","G":"7","GS":"0","CG":"0","SHO":"0","SV":"0","IPOUTS":"30","H":"11","ER":"3","HR":"0","BB":"4","SO":"5","BAOPP":"0.28","ERA":"2.7","IBB":"0","WP":"0","HBP":"0","BK":"0","BFP":"44","GF":"2","R":"4","SH":"-1","SF":"-1","GIDP":"-1"}},{"pitcher":{,"PLAYERID":"sprinja01","YEARID":"1958","STINT":"1","TEAMID":"WS1","LGID":"AL","W":"0","L":"0","G":"3","GS":"1","CG":"0","SHO":"0","SV":"0","IPOUTS":"21","H":"16","ER":"11","HR":"1","BB":"7","SO":"1","BAOPP":"0.45","ERA":"14.14","IBB":"3","WP":"0","HBP":"0","BK":"0","BFP":"43","GF":"2","R":"11","SH":"-1","SF":"-1","GIDP":"-1"}},{"pitcher":{,"PLAYERID":"stalege01","YEARID":"1958","STINT":"1","TEAMID":"CHA","LGID":"AL","W":"4","L":"5","G":"50","GS":"0","CG":"0","SHO":"0","SV":"8","IPOUTS":"256","H":"81","ER":"30","HR":"10","BB":"24","SO":"27","BAOPP":"0.25","ERA":"3.16","IBB":"3","WP":"3","HBP":"0","BK":"0","BFP":"349","GF":"28","R":"36","SH":"-1","SF":"-1","GIDP":"-1"}},{"pitcher":{,"PLAYERID":"stobbch01","YEARID":"1958","STINT":"2","TEAMID":"SLN","LGID":"NL","W":"1","L":"3","G":"17","GS":"0","CG":"0","SHO":"0","SV":"1","IPOUTS":"119","H":"40","ER":"16","HR":"4","BB":"14","SO":"25","BAOPP":"0.26","ERA":"3.63","IBB":"1","WP":"1","HBP":"0","BK":"0","BFP":"171","GF":"7","R":"16","SH":"-1","SF":"-1","GIDP":"-1"}},{"pitcher":{,"PLAYERID":"stobbch01","YEARID":"1958","STINT":"1","TEAMID":"WS1","LGID":"AL","W":"2","L":"6","G":"19","GS":"8","CG":"0","SHO":"0","SV":"0","IPOUTS":"170","H":"87","ER":"38","HR":"7","BB":"16","SO":"23","BAOPP":"0.36","ERA":"6.04","IBB":"0","WP":"3","HBP":"2","BK":"0","BFP":"268","GF":"4","R":"44","SH":"-1","SF":"-1","GIDP":"-1"}},{"pitcher":{,"PLAYERID":"sturdto01","YEARID":"1958","STINT":"1","TEAMID":"NYA","LGID":"AL","W":"3","L":"6","G":"15","GS":"10","CG":"0","SHO":"0","SV":"0","IPOUTS":"212","H":"77","ER":"33","HR":"6","BB":"38","SO":"41","BAOPP":"0.27","ERA":"4.2","IBB":"0","WP":"2","HBP":"3","BK":"0","BFP":"325","GF":"2","R":"37","SH":"-1","SF":"-1","GIDP":"-1"}},{"pitcher":{,"PLAYERID":"sullifr01","YEARID":"1958","STINT":"1","TEAMID":"BOS","LGID":"AL","W":"13","L":"9","G":"32","GS":"29","CG":"10","SHO":"2","SV":"3","IPOUTS":"598","H":"216","ER":"79","HR":"12","BB":"49","SO":"103","BAOPP":"0.27","ERA":"3.57","IBB":"0","WP":"2","HBP":"3","BK":"1","BFP":"836","GF":"3","R":"91","SH":"-1","SF":"-1","GIDP":"-1"}},{"pitcher":{,"PLAYERID":"suscege02","YEARID":"1958","STINT":"2","TEAMID":"DET","LGID":"AL","W":"4","L":"3","G":"27","GS":"10","CG":"2","SHO":"0","SV":"1","IPOUTS":"272","H":"90","ER":"37","HR":"7","BB":"26","SO":"42","BAOPP":"0.25","ERA":"3.67","IBB":"1","WP":"2","HBP":"3","BK":"1","BFP":"385","GF":"7","R":"45","SH":"-1","SF":"-1","GIDP":"-1"}},{"pitcher":{,"PLAYERID":"suscege02","YEARID":"1958","STINT":"1","TEAMID":"BOS","LGID":"AL","W":"0","L":"0","G":"2","GS":"0","CG":"0","SHO":"0","SV":"0","IPOUTS":"6","H":"6","ER":"4","HR":"1","BB":"1","SO":"0","BAOPP":"0.6","ERA":"18.0","IBB":"0","WP":"0","HBP":"0","BK":"0","BFP":"12","GF":"1","R":"4","SH":"-1","SF":"-1","GIDP":"-1"}},{"pitcher":{,"PLAYERID":"terryra01","YEARID":"1958","STINT":"1","TEAMID":"KC1","LGID":"AL","W":"11","L":"13","G":"40","GS":"33","CG":"8","SHO":"3","SV":"2","IPOUTS":"650","H":"217","ER":"102","HR":"29","BB":"61","SO":"134","BAOPP":"0.26","ERA":"4.24","IBB":"4","WP":"3","HBP":"2","BK":"0","BFP":"906","GF":"3","R":"111","SH":"-1","SF":"-1","GIDP":"-1"}},{"pitcher":{,"PLAYERID":"tomandi01","YEARID":"1958","STINT":"2","TEAMID":"KC1","LGID":"AL","W":"5","L":"5","G":"36","GS":"2","CG":"1","SHO":"0","SV":"5","IPOUTS":"217","H":"69","ER":"29","HR":"5","BB":"28","SO":"50","BAOPP":"0.25","ERA":"3.61","IBB":"3","WP":"6","HBP":"0","BK":"0","BFP":"305","GF":"22","R":"34","SH":"-1","SF":"-1","GIDP":"-1"}},{"pitcher":{,"PLAYERID":"tomandi01","YEARID":"1958","STINT":"1","TEAMID":"CLE","LGID":"AL","W":"2","L":"3","G":"18","GS":"6","CG":"2","SHO":"0","SV":"0","IPOUTS":"173","H":"61","ER":"36","HR":"8","BB":"28","SO":"42","BAOPP":"0.27","ERA":"5.62","IBB":"2","WP":"3","HBP":"2","BK":"0","BFP":"254","GF":"3","R":"37","SH":"-1","SF":"-1","GIDP":"-1"}},{"pitcher":{,"PLAYERID":"troskha02","YEARID":"1958","STINT":"1","TEAMID":"CHA","LGID":"AL","W":"1","L":"0","G":"2","GS":"0","CG":"0","SHO":"0","SV":"0","IPOUTS":"9","H":"5","ER":"2","HR":"0","BB":"2","SO":"1","BAOPP":"0.38","ERA":"6.0","IBB":"0","WP":"0","HBP":"0","BK":"0","BFP":"15","GF":"0","R":"3","SH":"-1","SF":"-1","GIDP":"-1"}},{"pitcher":{,"PLAYERID":"trowbbo01","YEARID":"1958","STINT":"1","TEAMID":"ML1","LGID":"NL","W":"1","L":"3","G":"27","GS":"4","CG":"0","SHO":"0","SV":"1","IPOUTS":"165","H":"53","ER":"24","HR":"4","BB":"26","SO":"31","BAOPP":"0.25","ERA":"3.93","IBB":"3","WP":"0","HBP":"1","BK":"0","BFP":"242","GF":"12","R":"26","SH":"-1","SF":"-1","GIDP":"-1"}},{"pitcher":{,"PLAYERID":"truckvi01","YEARID":"1958","STINT":"1","TEAMID":"KC1","LGID":"AL","W":"0","L":"1","G":"16","GS":"0","CG":"0","SHO":"0","SV":"3","IPOUTS":"66","H":"18","ER":"5","HR":"2","BB":"15","SO":"15","BAOPP":"0.22","ERA":"2.05","IBB":"1","WP":"0","HBP":"0","BK":"0","BFP":"98","GF":"12","R":"7","SH":"-1","SF":"-1","GIDP":"-1"}},{"pitcher":{,"PLAYERID":"truckvi01","YEARID":"1958","STINT":"2","TEAMID":"NYA","LGID":"AL","W":"2","L":"1","G":"25","GS":"0","CG":"0","SHO":"0","SV":"1","IPOUTS":"119","H":"40","ER":"20","HR":"1","BB":"24","SO":"26","BAOPP":"0.26","ERA":"4.54","IBB":"0","WP":"2","HBP":"2","BK":"0","BFP":"185","GF":"13","R":"24","SH":"-1","SF":"-1","GIDP":"-1"}},{"pitcher":{,"PLAYERID":"tsitojo01","YEARID":"1958","STINT":"1","TEAMID":"KC1","LGID":"AL","W":"0","L":"0","G":"1","GS":"1","CG":"0","SHO":"0","SV":"0","IPOUTS":"9","H":"2","ER":"1","HR":"0","BB":"2","SO":"1","BAOPP":"0.18","ERA":"3.0","IBB":"0","WP":"1","HBP":"0","BK":"0","BFP":"13","GF":"0","R":"1","SH":"-1","SF":"-1","GIDP":"-1"}},{"pitcher":{,"PLAYERID":"turlebo01","YEARID":"1958","STINT":"1","TEAMID":"NYA","LGID":"AL","W":"21","L":"7","G":"33","GS":"31","CG":"19","SHO":"6","SV":"1","IPOUTS":"736","H":"178","ER":"81","HR":"24","BB":"128","SO":"168","BAOPP":"0.2","ERA":"2.97","IBB":"2","WP":"6","HBP":"8","BK":"0","BFP":"1013","GF":"1","R":"82","SH":"-1","SF":"-1","GIDP":"-1"}},{"pitcher":{,"PLAYERID":"urbanja01","YEARID":"1958","STINT":"1","TEAMID":"KC1","LGID":"AL","W":"8","L":"11","G":"30","GS":"24","CG":"5","SHO":"1","SV":"1","IPOUTS":"396","H":"150","ER":"87","HR":"17","BB":"51","SO":"54","BAOPP":"0.28","ERA":"5.93","IBB":"1","WP":"5","HBP":"2","BK":"0","BFP":"589","GF":"3","R":"92","SH":"-1","SF":"-1","GIDP":"-1"}},{"pitcher":{,"PLAYERID":"valenvi01","YEARID":"1958","STINT":"1","TEAMID":"DET","LGID":"AL","W":"1","L":"0","G":"15","GS":"0","CG":"0","SHO":"0","SV":"2","IPOUTS":"56","H":"18","ER":"7","HR":"4","BB":"5","SO":"10","BAOPP":"0.25","ERA":"3.38","IBB":"0","WP":"0","HBP":"1","BK":"0","BFP":"77","GF":"9","R":"7","SH":"-1","SF":"-1","GIDP":"-1"}},{"pitcher":{,"PLAYERID":"valenvi01","YEARID":"1958","STINT":"2","TEAMID":"WS1","LGID":"AL","W":"4","L":"6","G":"23","GS":"10","CG":"2","SHO":"0","SV":"0","IPOUTS":"287","H":"106","ER":"54","HR":"16","BB":"49","SO":"33","BAOPP":"0.28","ERA":"5.08","IBB":"7","WP":"2","HBP":"2","BK":"1","BFP":"427","GF":"4","R":"54","SH":"-1","SF":"-1","GIDP":"-1"}},{"pitcher":{,"PLAYERID":"walkeje01","YEARID":"1958","STINT":"1","TEAMID":"BAL","LGID":"AL","W":"0","L":"0","G":"6","GS":"0","CG":"0","SHO":"0","SV":"0","IPOUTS":"31","H":"16","ER":"8","HR":"2","BB":"5","SO":"6","BAOPP":"0.34","ERA":"6.97","IBB":"0","WP":"1","HBP":"0","BK":"0","BFP":"52","GF":"2","R":"8","SH":"-1","SF":"-1","GIDP":"-1"}},{"pitcher":{,"PLAYERID":"wallmu01","YEARID":"1958","STINT":"1","TEAMID":"BOS","LGID":"AL","W":"8","L":"9","G":"52","GS":"1","CG":"0","SHO":"0","SV":"10","IPOUTS":"343","H":"109","ER":"46","HR":"14","BB":"33","SO":"53","BAOPP":"0.25","ERA":"3.62","IBB":"4","WP":"0","HBP":"5","BK":"1","BFP":"482","GF":"29","R":"51","SH":"-1","SF":"-1","GIDP":"-1"}},{"pitcher":{,"PLAYERID":"wehmehe01","YEARID":"1958","STINT":"2","TEAMID":"DET","LGID":"AL","W":"1","L":"0","G":"7","GS":"3","CG":"0","SHO":"0","SV":"0","IPOUTS":"68","H":"21","ER":"6","HR":"2","BB":"5","SO":"11","BAOPP":"0.24","ERA":"2.38","IBB":"0","WP":"0","HBP":"0","BK":"0","BFP":"93","GF":"2","R":"8","SH":"-1","SF":"-1","GIDP":"-1"}},{"pitcher":{,"PLAYERID":"wehmehe01","YEARID":"1958","STINT":"1","TEAMID":"SLN","LGID":"NL","W":"0","L":"1","G":"3","GS":"3","CG":"0","SHO":"0","SV":"0","IPOUTS":"18","H":"13","ER":"9","HR":"2","BB":"2","SO":"4","BAOPP":"0.44","ERA":"13.5","IBB":"0","WP":"0","HBP":"0","BK":"0","BFP":"31","GF":"0","R":"9","SH":"-1","SF":"-1","GIDP":"-1"}},{"pitcher":{,"PLAYERID":"wieante01","YEARID":"1958","STINT":"1","TEAMID":"CIN","LGID":"NL","W":"0","L":"0","G":"1","GS":"0","CG":"0","SHO":"0","SV":"0","IPOUTS":"6","H":"4","ER":"2","HR":"1","BB":"0","SO":"2","BAOPP":"0.4","ERA":"9.0","IBB":"0","WP":"0","HBP":"0","BK":"0","BFP":"10","GF":"0","R":"2","SH":"-1","SF":"-1","GIDP":"-1"}},{"pitcher":{,"PLAYERID":"wieslbo01","YEARID":"1958","STINT":"1","TEAMID":"WS1","LGID":"AL","W":"0","L":"0","G":"4","GS":"0","CG":"0","SHO":"0","SV":"0","IPOUTS":"28","H":"14","ER":"7","HR":"2","BB":"5","SO":"5","BAOPP":"0.35","ERA":"6.75","IBB":"0","WP":"3","HBP":"1","BK":"0","BFP":"46","GF":"0","R":"8","SH":"-1","SF":"-1","GIDP":"-1"}},{"pitcher":{,"PLAYERID":"wightbi01","YEARID":"1958","STINT":"1","TEAMID":"CIN","LGID":"NL","W":"0","L":"1","G":"7","GS":"0","CG":"0","SHO":"0","SV":"0","IPOUTS":"20","H":"7","ER":"3","HR":"1","BB":"4","SO":"5","BAOPP":"0.29","ERA":"4.05","IBB":"0","WP":"0","HBP":"0","BK":"0","BFP":"28","GF":"2","R":"4","SH":"-1","SF":"-1","GIDP":"-1"}},{"pitcher":{,"PLAYERID":"wightbi01","YEARID":"1958","STINT":"2","TEAMID":"SLN","LGID":"NL","W":"3","L":"0","G":"28","GS":"1","CG":"1","SHO":"0","SV":"2","IPOUTS":"172","H":"64","ER":"32","HR":"7","BB":"32","SO":"18","BAOPP":"0.29","ERA":"5.02","IBB":"1","WP":"6","HBP":"0","BK":"0","BFP":"263","GF":"11","R":"35","SH":"-1","SF":"-1","GIDP":"-1"}},{"pitcher":{,"PLAYERID":"wilheho01","YEARID":"1958","STINT":"2","TEAMID":"BAL","LGID":"AL","W":"1","L":"3","G":"9","GS":"4","CG":"3","SHO":"1","SV":"0","IPOUTS":"122","H":"25","ER":"9","HR":"2","BB":"10","SO":"35","BAOPP":"0.17","ERA":"1.99","IBB":"2","WP":"0","HBP":"1","BK":"2","BFP":"155","GF":"1","R":"9","SH":"-1","SF":"-1","GIDP":"-1"}},{"pitcher":{,"PLAYERID":"wilheho01","YEARID":"1958","STINT":"1","TEAMID":"CLE","LGID":"AL","W":"2","L":"7","G":"30","GS":"6","CG":"1","SHO":"0","SV":"5","IPOUTS":"271","H":"70","ER":"25","HR":"4","BB":"35","SO":"57","BAOPP":"0.21","ERA":"2.49","IBB":"2","WP":"2","HBP":"1","BK":"0","BFP":"371","GF":"16","R":"32","SH":"-1","SF":"-1","GIDP":"-1"}},{"pitcher":{,"PLAYERID":"willeca01","YEARID":"1958","STINT":"1","TEAMID":"ML1","LGID":"NL","W":"9","L":"7","G":"23","GS":"19","CG":"9","SHO":"4","SV":"0","IPOUTS":"420","H":"110","ER":"42","HR":"14","BB":"53","SO":"74","BAOPP":"0.21","ERA":"2.7","IBB":"4","WP":"3","HBP":"2","BK":"0","BFP":"573","GF":"0","R":"44","SH":"-1","SF":"-1","GIDP":"-1"}},{"pitcher":{,"PLAYERID":"willido01","YEARID":"1958","STINT":"1","TEAMID":"PIT","LGID":"NL","W":"0","L":"0","G":"2","GS":"0","CG":"0","SHO":"0","SV":"0","IPOUTS":"12","H":"6","ER":"3","HR":"1","BB":"1","SO":"3","BAOPP":"0.37","ERA":"6.75","IBB":"0","WP":"1","HBP":"0","BK":"0","BFP":"17","GF":"1","R":"3","SH":"-1","SF":"-1","GIDP":"-1"}},{"pitcher":{,"PLAYERID":"willist02","YEARID":"1958","STINT":"1","TEAMID":"LAN","LGID":"NL","W":"9","L":"7","G":"27","GS":"21","CG":"3","SHO":"2","SV":"0","IPOUTS":"357","H":"99","ER":"53","HR":"10","BB":"65","SO":"80","BAOPP":"0.22","ERA":"4.01","IBB":"1","WP":"5","HBP":"7","BK":"0","BFP":"516","GF":"2","R":"58","SH":"-1","SF":"-1","GIDP":"-1"}},{"pitcher":{,"PLAYERID":"wilsodu01","YEARID":"1958","STINT":"1","TEAMID":"BOS","LGID":"AL","W":"0","L":"0","G":"2","GS":"2","CG":"0","SHO":"0","SV":"0","IPOUTS":"19","H":"10","ER":"4","HR":"0","BB":"7","SO":"3","BAOPP":"0.4","ERA":"5.68","IBB":"1","WP":"0","HBP":"0","BK":"0","BFP":"34","GF":"0","R":"5","SH":"-1","SF":"-1","GIDP":"-1"}},{"pitcher":{,"PLAYERID":"wilsoji02","YEARID":"1958","STINT":"1","TEAMID":"CHA","LGID":"AL","W":"9","L":"9","G":"28","GS":"23","CG":"4","SHO":"1","SV":"1","IPOUTS":"467","H":"156","ER":"71","HR":"21","BB":"63","SO":"70","BAOPP":"0.26","ERA":"4.1","IBB":"8","WP":"1","HBP":"1","BK":"0","BFP":"661","GF":"3","R":"75","SH":"-1","SF":"-1","GIDP":"-1"}},{"pitcher":{,"PLAYERID":"wittge01","YEARID":"1958","STINT":"1","TEAMID":"PIT","LGID":"NL","W":"9","L":"2","G":"18","GS":"15","CG":"5","SHO":"3","SV":"0","IPOUTS":"318","H":"78","ER":"19","HR":"2","BB":"59","SO":"81","BAOPP":"0.2","ERA":"1.61","IBB":"3","WP":"5","HBP":"2","BK":"0","BFP":"442","GF":"0","R":"22","SH":"-1","SF":"-1","GIDP":"-1"}},{"pitcher":{,"PLAYERID":"woodeha01","YEARID":"1958","STINT":"1","TEAMID":"CLE","LGID":"AL","W":"6","L":"6","G":"14","GS":"9","CG":"3","SHO":"0","SV":"0","IPOUTS":"215","H":"71","ER":"29","HR":"4","BB":"25","SO":"27","BAOPP":"0.26","ERA":"3.64","IBB":"0","WP":"1","HBP":"6","BK":"1","BFP":"303","GF":"3","R":"32","SH":"-1","SF":"-1","GIDP":"-1"}},{"pitcher":{,"PLAYERID":"worthal01","YEARID":"1958","STINT":"1","TEAMID":"SFN","LGID":"NL","W":"11","L":"7","G":"54","GS":"12","CG":"1","SHO":"0","SV":"6","IPOUTS":"454","H":"152","ER":"61","HR":"17","BB":"57","SO":"76","BAOPP":"0.25","ERA":"3.63","IBB":"6","WP":"3","HBP":"2","BK":"0","BFP":"666","GF":"17","R":"72","SH":"-1","SF":"-1","GIDP":"-1"}},{"pitcher":{,"PLAYERID":"wynnea01","YEARID":"1958","STINT":"1","TEAMID":"CHA","LGID":"AL","W":"14","L":"16","G":"40","GS":"34","CG":"11","SHO":"4","SV":"2","IPOUTS":"719","H":"214","ER":"110","HR":"27","BB":"104","SO":"179","BAOPP":"0.24","ERA":"4.13","IBB":"3","WP":"3","HBP":"6","BK":"0","BFP":"1016","GF":"6","R":"115","SH":"-1","SF":"-1","GIDP":"-1"}},{"pitcher":{,"PLAYERID":"zannido01","YEARID":"1958","STINT":"1","TEAMID":"SFN","LGID":"NL","W":"1","L":"0","G":"1","GS":"0","CG":"0","SHO":"0","SV":"0","IPOUTS":"12","H":"7","ER":"1","HR":"1","BB":"1","SO":"3","BAOPP":"0.41","ERA":"2.25","IBB":"0","WP":"0","HBP":"0","BK":"0","BFP":"18","GF":"0","R":"1","SH":"-1","SF":"-1","GIDP":"-1"}},{"pitcher":{,"PLAYERID":"zuverge01","YEARID":"1958","STINT":"1","TEAMID":"BAL","LGID":"AL","W":"2","L":"2","G":"45","GS":"0","CG":"0","SHO":"0","SV":"7","IPOUTS":"207","H":"74","ER":"26","HR":"4","BB":"17","SO":"22","BAOPP":"0.28","ERA":"3.39","IBB":"3","WP":"2","HBP":"6","BK":"0","BFP":"294","GF":"23","R":"29","SH":"-1","SF":"-1","GIDP":"-1"}}]