{"pitchers":[{"pitcher":{,"PLAYERID":"abernte02","YEARID":"1960","STINT":"1","TEAMID":"WS1","LGID":"AL","W":"0","L":"0","G":"2","GS":"0","CG":"0","SHO":"0","SV":"0","IPOUTS":"9","H":"4","ER":"4","HR":"0","BB":"4","SO":"1","BAOPP":"0.3","ERA":"12.0","IBB":"0","WP":"0","HBP":"0","BK":"0","BFP":"17","GF":"0","R":"4","SH":"-1","SF":"-1","GIDP":"-1"}},{"pitcher":{,"PLAYERID":"aguirha01","YEARID":"1960","STINT":"1","TEAMID":"DET","LGID":"AL","W":"5","L":"3","G":"37","GS":"6","CG":"1","SHO":"0","SV":"10","IPOUTS":"284","H":"75","ER":"30","HR":"7","BB":"30","SO":"80","BAOPP":"0.21","ERA":"2.85","IBB":"1","WP":"1","HBP":"3","BK":"1","BFP":"386","GF":"18","R":"31","SH":"-1","SF":"-1","GIDP":"-1"}},{"pitcher":{,"PLAYERID":"anderbo01","YEARID":"1960","STINT":"1","TEAMID":"CHN","LGID":"NL","W":"9","L":"11","G":"38","GS":"30","CG":"5","SHO":"0","SV":"1","IPOUTS":"611","H":"201","ER":"93","HR":"26","BB":"68","SO":"115","BAOPP":"0.25","ERA":"4.11","IBB":"8","WP":"9","HBP":"7","BK":"0","BFP":"868","GF":"3","R":"105","SH":"-1","SF":"-1","GIDP":"-1"}},{"pitcher":{,"PLAYERID":"anderjo02","YEARID":"1960","STINT":"1","TEAMID":"BAL","LGID":"AL","W":"0","L":"0","G":"4","GS":"0","CG":"0","SHO":"0","SV":"0","IPOUTS":"14","H":"8","ER":"7","HR":"0","BB":"4","SO":"1","BAOPP":"0.44","ERA":"13.5","IBB":"0","WP":"0","HBP":"0","BK":"0","BFP":"26","GF":"2","R":"7","SH":"-1","SF":"-1","GIDP":"-1"}},{"pitcher":{,"PLAYERID":"antonjo02","YEARID":"1960","STINT":"1","TEAMID":"SFN","LGID":"NL","W":"6","L":"7","G":"41","GS":"10","CG":"1","SHO":"1","SV":"11","IPOUTS":"337","H":"106","ER":"47","HR":"7","BB":"47","SO":"57","BAOPP":"0.25","ERA":"3.77","IBB":"10","WP":"1","HBP":"2","BK":"0","BFP":"480","GF":"19","R":"51","SH":"-1","SF":"-1","GIDP":"-1"}},{"pitcher":{,"PLAYERID":"arroylu01","YEARID":"1960","STINT":"1","TEAMID":"NYA","LGID":"AL","W":"5","L":"1","G":"29","GS":"0","CG":"0","SHO":"0","SV":"7","IPOUTS":"122","H":"30","ER":"13","HR":"2","BB":"22","SO":"29","BAOPP":"0.2","ERA":"2.88","IBB":"3","WP":"0","HBP":"0","BK":"0","BFP":"170","GF":"17","R":"14","SH":"-1","SF":"-1","GIDP":"-1"}},{"pitcher":{,"PLAYERID":"barbest01","YEARID":"1960","STINT":"1","TEAMID":"BAL","LGID":"AL","W":"10","L":"7","G":"36","GS":"27","CG":"6","SHO":"1","SV":"2","IPOUTS":"545","H":"148","ER":"65","HR":"10","BB":"113","SO":"112","BAOPP":"0.22","ERA":"3.22","IBB":"1","WP":"10","HBP":"3","BK":"0","BFP":"784","GF":"6","R":"78","SH":"-1","SF":"-1","GIDP":"-1"}},{"pitcher":{,"PLAYERID":"barnefr02","YEARID":"1960","STINT":"1","TEAMID":"SLN","LGID":"NL","W":"0","L":"1","G":"4","GS":"1","CG":"0","SHO":"0","SV":"1","IPOUTS":"23","H":"8","ER":"3","HR":"1","BB":"9","SO":"8","BAOPP":"0.26","ERA":"3.52","IBB":"0","WP":"0","HBP":"1","BK":"0","BFP":"41","GF":"1","R":"5","SH":"-1","SF":"-1","GIDP":"-1"}},{"pitcher":{,"PLAYERID":"baumafr01","YEARID":"1960","STINT":"1","TEAMID":"CHA","LGID":"AL","W":"13","L":"6","G":"47","GS":"20","CG":"7","SHO":"2","SV":"3","IPOUTS":"556","H":"169","ER":"55","HR":"11","BB":"53","SO":"71","BAOPP":"0.24","ERA":"2.67","IBB":"8","WP":"0","HBP":"1","BK":"0","BFP":"748","GF":"10","R":"67","SH":"-1","SF":"-1","GIDP":"-1"}},{"pitcher":{,"PLAYERID":"bautaed01","YEARID":"1960","STINT":"1","TEAMID":"SLN","LGID":"NL","W":"0","L":"0","G":"9","GS":"0","CG":"0","SHO":"0","SV":"1","IPOUTS":"47","H":"14","ER":"11","HR":"4","BB":"11","SO":"6","BAOPP":"0.23","ERA":"6.32","IBB":"1","WP":"2","HBP":"1","BK":"1","BFP":"72","GF":"5","R":"11","SH":"-1","SF":"-1","GIDP":"-1"}},{"pitcher":{,"PLAYERID":"becquju01","YEARID":"1960","STINT":"1","TEAMID":"WS1","LGID":"AL","W":"0","L":"0","G":"1","GS":"0","CG":"0","SHO":"0","SV":"0","IPOUTS":"3","H":"1","ER":"1","HR":"1","BB":"0","SO":"0","BAOPP":"0.25","ERA":"9.0","IBB":"0","WP":"0","HBP":"0","BK":"0","BFP":"4","GF":"1","R":"1","SH":"-1","SF":"-1","GIDP":"-1"}},{"pitcher":{,"PLAYERID":"bellga01","YEARID":"1960","STINT":"1","TEAMID":"CLE","LGID":"AL","W":"9","L":"10","G":"28","GS":"23","CG":"6","SHO":"2","SV":"1","IPOUTS":"464","H":"139","ER":"71","HR":"15","BB":"82","SO":"109","BAOPP":"0.24","ERA":"4.13","IBB":"2","WP":"9","HBP":"7","BK":"0","BFP":"674","GF":"1","R":"78","SH":"-1","SF":"-1","GIDP":"-1"}},{"pitcher":{,"PLAYERID":"blemkra01","YEARID":"1960","STINT":"1","TEAMID":"KC1","LGID":"AL","W":"0","L":"0","G":"1","GS":"0","CG":"0","SHO":"0","SV":"0","IPOUTS":"5","H":"3","ER":"5","HR":"1","BB":"2","SO":"0","BAOPP":"0.37","ERA":"27.0","IBB":"0","WP":"1","HBP":"1","BK":"0","BFP":"11","GF":"1","R":"5","SH":"-1","SF":"-1","GIDP":"-1"}},{"pitcher":{,"PLAYERID":"borlato01","YEARID":"1960","STINT":"1","TEAMID":"BOS","LGID":"AL","W":"0","L":"4","G":"26","GS":"4","CG":"0","SHO":"0","SV":"3","IPOUTS":"153","H":"67","ER":"37","HR":"4","BB":"23","SO":"32","BAOPP":"0.32","ERA":"6.53","IBB":"4","WP":"4","HBP":"0","BK":"1","BFP":"236","GF":"12","R":"40","SH":"-1","SF":"-1","GIDP":"-1"}},{"pitcher":{,"PLAYERID":"bowsfte01","YEARID":"1960","STINT":"2","TEAMID":"CLE","LGID":"AL","W":"3","L":"4","G":"11","GS":"6","CG":"1","SHO":"1","SV":"0","IPOUTS":"122","H":"47","ER":"23","HR":"1","BB":"20","SO":"14","BAOPP":"0.29","ERA":"5.09","IBB":"1","WP":"0","HBP":"0","BK":"0","BFP":"182","GF":"3","R":"30","SH":"-1","SF":"-1","GIDP":"-1"}},{"pitcher":{,"PLAYERID":"bowsfte01","YEARID":"1960","STINT":"1","TEAMID":"BOS","LGID":"AL","W":"1","L":"2","G":"17","GS":"2","CG":"0","SHO":"0","SV":"2","IPOUTS":"63","H":"20","ER":"12","HR":"1","BB":"13","SO":"18","BAOPP":"0.26","ERA":"5.14","IBB":"0","WP":"2","HBP":"1","BK":"0","BFP":"94","GF":"6","R":"12","SH":"-1","SF":"-1","GIDP":"-1"}},{"pitcher":{,"PLAYERID":"breweji01","YEARID":"1960","STINT":"1","TEAMID":"CHN","LGID":"NL","W":"0","L":"3","G":"5","GS":"4","CG":"0","SHO":"0","SV":"0","IPOUTS":"65","H":"25","ER":"14","HR":"2","BB":"6","SO":"7","BAOPP":"0.27","ERA":"5.82","IBB":"2","WP":"0","HBP":"1","BK":"0","BFP":"99","GF":"0","R":"14","SH":"-1","SF":"-1","GIDP":"-1"}},{"pitcher":{,"PLAYERID":"breweto01","YEARID":"1960","STINT":"1","TEAMID":"BOS","LGID":"AL","W":"10","L":"15","G":"34","GS":"29","CG":"8","SHO":"1","SV":"1","IPOUTS":"560","H":"220","ER":"100","HR":"13","BB":"72","SO":"60","BAOPP":"0.3","ERA":"4.82","IBB":"5","WP":"9","HBP":"6","BK":"0","BFP":"831","GF":"2","R":"115","SH":"-1","SF":"-1","GIDP":"-1"}},{"pitcher":{,"PLAYERID":"bridgma01","YEARID":"1960","STINT":"2","TEAMID":"CIN","LGID":"NL","W":"4","L":"0","G":"14","GS":"0","CG":"0","SHO":"0","SV":"2","IPOUTS":"76","H":"14","ER":"3","HR":"1","BB":"7","SO":"26","BAOPP":"0.16","ERA":"1.07","IBB":"0","WP":"0","HBP":"0","BK":"0","BFP":"94","GF":"7","R":"3","SH":"-1","SF":"-1","GIDP":"-1"}},{"pitcher":{,"PLAYERID":"bridgma01","YEARID":"1960","STINT":"1","TEAMID":"SLN","LGID":"NL","W":"2","L":"2","G":"20","GS":"1","CG":"0","SHO":"0","SV":"1","IPOUTS":"94","H":"33","ER":"12","HR":"2","BB":"16","SO":"27","BAOPP":"0.26","ERA":"3.45","IBB":"1","WP":"0","HBP":"1","BK":"0","BFP":"144","GF":"7","R":"15","SH":"-1","SF":"-1","GIDP":"-1"}},{"pitcher":{,"PLAYERID":"briggjo01","YEARID":"1960","STINT":"1","TEAMID":"CLE","LGID":"AL","W":"4","L":"2","G":"21","GS":"2","CG":"0","SHO":"0","SV":"1","IPOUTS":"109","H":"32","ER":"18","HR":"4","BB":"15","SO":"19","BAOPP":"0.25","ERA":"4.46","IBB":"0","WP":"0","HBP":"1","BK":"0","BFP":"149","GF":"7","R":"20","SH":"-1","SF":"-1","GIDP":"-1"}},{"pitcher":{,"PLAYERID":"briggjo01","YEARID":"1960","STINT":"2","TEAMID":"KC1","LGID":"AL","W":"0","L":"2","G":"8","GS":"1","CG":"0","SHO":"0","SV":"0","IPOUTS":"34","H":"19","ER":"16","HR":"3","BB":"12","SO":"8","BAOPP":"0.38","ERA":"12.71","IBB":"0","WP":"0","HBP":"0","BK":"0","BFP":"63","GF":"2","R":"17","SH":"-1","SF":"-1","GIDP":"-1"}},{"pitcher":{,"PLAYERID":"brogler01","YEARID":"1960","STINT":"1","TEAMID":"SLN","LGID":"NL","W":"21","L":"9","G":"52","GS":"24","CG":"9","SHO":"3","SV":"0","IPOUTS":"679","H":"172","ER":"69","HR":"18","BB":"100","SO":"188","BAOPP":"0.21","ERA":"2.74","IBB":"5","WP":"5","HBP":"2","BK":"0","BFP":"924","GF":"14","R":"76","SH":"-1","SF":"-1","GIDP":"-1"}},{"pitcher":{,"PLAYERID":"brosnji01","YEARID":"1960","STINT":"1","TEAMID":"CIN","LGID":"NL","W":"7","L":"2","G":"57","GS":"2","CG":"0","SHO":"0","SV":"12","IPOUTS":"297","H":"79","ER":"26","HR":"4","BB":"22","SO":"62","BAOPP":"0.22","ERA":"2.36","IBB":"5","WP":"3","HBP":"0","BK":"0","BFP":"383","GF":"27","R":"31","SH":"-1","SF":"-1","GIDP":"-1"}},{"pitcher":{,"PLAYERID":"brownca01","YEARID":"1960","STINT":"1","TEAMID":"SLN","LGID":"NL","W":"0","L":"0","G":"1","GS":"0","CG":"0","SHO":"0","SV":"0","IPOUTS":"2","H":"5","ER":"3","HR":"1","BB":"1","SO":"0","BAOPP":"0.71","ERA":"40.5","IBB":"0","WP":"0","HBP":"0","BK":"0","BFP":"8","GF":"0","R":"3","SH":"-1","SF":"-1","GIDP":"-1"}},{"pitcher":{,"PLAYERID":"brownha01","YEARID":"1960","STINT":"1","TEAMID":"BAL","LGID":"AL","W":"12","L":"5","G":"30","GS":"20","CG":"6","SHO":"1","SV":"0","IPOUTS":"477","H":"155","ER":"54","HR":"14","BB":"22","SO":"66","BAOPP":"0.25","ERA":"3.06","IBB":"3","WP":"3","HBP":"1","BK":"0","BFP":"635","GF":"5","R":"61","SH":"-1","SF":"-1","GIDP":"-1"}},{"pitcher":{,"PLAYERID":"brucebo01","YEARID":"1960","STINT":"1","TEAMID":"DET","LGID":"AL","W":"4","L":"7","G":"34","GS":"15","CG":"1","SHO":"0","SV":"0","IPOUTS":"390","H":"127","ER":"54","HR":"16","BB":"56","SO":"76","BAOPP":"0.25","ERA":"3.74","IBB":"1","WP":"6","HBP":"5","BK":"0","BFP":"572","GF":"8","R":"68","SH":"-1","SF":"-1","GIDP":"-1"}},{"pitcher":{,"PLAYERID":"brunege01","YEARID":"1960","STINT":"1","TEAMID":"KC1","LGID":"AL","W":"0","L":"2","G":"3","GS":"2","CG":"0","SHO":"0","SV":"0","IPOUTS":"31","H":"12","ER":"5","HR":"0","BB":"10","SO":"4","BAOPP":"0.3","ERA":"4.35","IBB":"2","WP":"2","HBP":"1","BK":"0","BFP":"52","GF":"0","R":"6","SH":"-1","SF":"-1","GIDP":"-1"}},{"pitcher":{,"PLAYERID":"brunege01","YEARID":"1960","STINT":"2","TEAMID":"ML1","LGID":"NL","W":"2","L":"0","G":"17","GS":"6","CG":"0","SHO":"0","SV":"0","IPOUTS":"149","H":"53","ER":"28","HR":"6","BB":"22","SO":"39","BAOPP":"0.27","ERA":"5.07","IBB":"5","WP":"3","HBP":"1","BK":"0","BFP":"221","GF":"1","R":"31","SH":"-1","SF":"-1","GIDP":"-1"}},{"pitcher":{,"PLAYERID":"buhlbo01","YEARID":"1960","STINT":"1","TEAMID":"ML1","LGID":"NL","W":"16","L":"9","G":"36","GS":"33","CG":"11","SHO":"2","SV":"0","IPOUTS":"716","H":"202","ER":"82","HR":"23","BB":"103","SO":"121","BAOPP":"0.22","ERA":"3.09","IBB":"7","WP":"11","HBP":"3","BK":"2","BFP":"1008","GF":"2","R":"89","SH":"-1","SF":"-1","GIDP":"-1"}},{"pitcher":{,"PLAYERID":"bunniji01","YEARID":"1960","STINT":"1","TEAMID":"DET","LGID":"AL","W":"11","L":"14","G":"36","GS":"34","CG":"10","SHO":"3","SV":"0","IPOUTS":"756","H":"217","ER":"78","HR":"20","BB":"64","SO":"201","BAOPP":"0.23","ERA":"2.79","IBB":"7","WP":"2","HBP":"11","BK":"0","BFP":"1024","GF":"1","R":"92","SH":"-1","SF":"-1","GIDP":"-1"}},{"pitcher":{,"PLAYERID":"burdele01","YEARID":"1960","STINT":"1","TEAMID":"ML1","LGID":"NL","W":"19","L":"13","G":"45","GS":"32","CG":"18","SHO":"4","SV":"4","IPOUTS":"827","H":"277","ER":"103","HR":"19","BB":"35","SO":"83","BAOPP":"0.26","ERA":"3.36","IBB":"7","WP":"2","HBP":"5","BK":"0","BFP":"1117","GF":"9","R":"116","SH":"-1","SF":"-1","GIDP":"-1"}},{"pitcher":{,"PLAYERID":"burnspe01","YEARID":"1960","STINT":"1","TEAMID":"DET","LGID":"AL","W":"7","L":"7","G":"31","GS":"15","CG":"2","SHO":"0","SV":"2","IPOUTS":"341","H":"122","ER":"54","HR":"14","BB":"50","SO":"71","BAOPP":"0.27","ERA":"4.28","IBB":"1","WP":"3","HBP":"4","BK":"2","BFP":"506","GF":"8","R":"56","SH":"-1","SF":"-1","GIDP":"-1"}},{"pitcher":{,"PLAYERID":"burwedi01","YEARID":"1960","STINT":"1","TEAMID":"CHN","LGID":"NL","W":"0","L":"0","G":"3","GS":"1","CG":"0","SHO":"0","SV":"0","IPOUTS":"29","H":"11","ER":"6","HR":"2","BB":"7","SO":"1","BAOPP":"0.3","ERA":"5.59","IBB":"0","WP":"1","HBP":"1","BK":"0","BFP":"44","GF":"0","R":"6","SH":"-1","SF":"-1","GIDP":"-1"}},{"pitcher":{,"PLAYERID":"buzhajo01","YEARID":"1960","STINT":"1","TEAMID":"PHI","LGID":"NL","W":"5","L":"16","G":"30","GS":"29","CG":"5","SHO":"0","SV":"0","IPOUTS":"601","H":"198","ER":"86","HR":"14","BB":"68","SO":"73","BAOPP":"0.25","ERA":"3.86","IBB":"12","WP":"4","HBP":"2","BK":"1","BFP":"849","GF":"0","R":"101","SH":"-1","SF":"-1","GIDP":"-1"}},{"pitcher":{,"PLAYERID":"byerlbu01","YEARID":"1960","STINT":"1","TEAMID":"SFN","LGID":"NL","W":"1","L":"0","G":"19","GS":"0","CG":"0","SHO":"0","SV":"2","IPOUTS":"66","H":"32","ER":"13","HR":"3","BB":"6","SO":"13","BAOPP":"0.34","ERA":"5.32","IBB":"0","WP":"1","HBP":"1","BK":"0","BFP":"106","GF":"9","R":"14","SH":"-1","SF":"-1","GIDP":"-1"}},{"pitcher":{,"PLAYERID":"cardwdo01","YEARID":"1960","STINT":"2","TEAMID":"CHN","LGID":"NL","W":"8","L":"14","G":"31","GS":"26","CG":"6","SHO":"1","SV":"0","IPOUTS":"531","H":"166","ER":"86","HR":"19","BB":"68","SO":"129","BAOPP":"0.24","ERA":"4.37","IBB":"10","WP":"2","HBP":"5","BK":"1","BFP":"753","GF":"2","R":"101","SH":"-1","SF":"-1","GIDP":"-1"}},{"pitcher":{,"PLAYERID":"cardwdo01","YEARID":"1960","STINT":"1","TEAMID":"PHI","LGID":"NL","W":"1","L":"2","G":"5","GS":"4","CG":"0","SHO":"0","SV":"0","IPOUTS":"85","H":"28","ER":"14","HR":"4","BB":"11","SO":"21","BAOPP":"0.26","ERA":"4.45","IBB":"1","WP":"4","HBP":"1","BK":"0","BFP":"120","GF":"1","R":"14","SH":"-1","SF":"-1","GIDP":"-1"}},{"pitcher":{,"PLAYERID":"casalje01","YEARID":"1960","STINT":"1","TEAMID":"BOS","LGID":"AL","W":"2","L":"9","G":"29","GS":"14","CG":"1","SHO":"0","SV":"0","IPOUTS":"289","H":"113","ER":"66","HR":"14","BB":"67","SO":"54","BAOPP":"0.29","ERA":"6.17","IBB":"5","WP":"5","HBP":"1","BK":"0","BFP":"469","GF":"5","R":"78","SH":"-1","SF":"-1","GIDP":"-1"}},{"pitcher":{,"PLAYERID":"ceccaar01","YEARID":"1960","STINT":"1","TEAMID":"CHN","LGID":"NL","W":"0","L":"0","G":"7","GS":"1","CG":"0","SHO":"0","SV":"0","IPOUTS":"39","H":"16","ER":"8","HR":"1","BB":"4","SO":"10","BAOPP":"0.29","ERA":"5.54","IBB":"0","WP":"3","HBP":"0","BK":"0","BFP":"59","GF":"2","R":"12","SH":"-1","SF":"-1","GIDP":"-1"}},{"pitcher":{,"PLAYERID":"cheneto01","YEARID":"1960","STINT":"1","TEAMID":"PIT","LGID":"NL","W":"2","L":"2","G":"11","GS":"8","CG":"1","SHO":"1","SV":"0","IPOUTS":"156","H":"44","ER":"23","HR":"5","BB":"33","SO":"35","BAOPP":"0.23","ERA":"3.98","IBB":"0","WP":"1","HBP":"0","BK":"0","BFP":"221","GF":"0","R":"25","SH":"-1","SF":"-1","GIDP":"-1"}},{"pitcher":{,"PLAYERID":"chittne01","YEARID":"1960","STINT":"1","TEAMID":"BOS","LGID":"AL","W":"0","L":"0","G":"6","GS":"0","CG":"0","SHO":"0","SV":"0","IPOUTS":"25","H":"8","ER":"4","HR":"0","BB":"6","SO":"5","BAOPP":"0.24","ERA":"4.32","IBB":"1","WP":"0","HBP":"0","BK":"0","BFP":"40","GF":"1","R":"4","SH":"-1","SF":"-1","GIDP":"-1"}},{"pitcher":{,"PLAYERID":"choatdo01","YEARID":"1960","STINT":"1","TEAMID":"SFN","LGID":"NL","W":"0","L":"0","G":"4","GS":"0","CG":"0","SHO":"0","SV":"0","IPOUTS":"24","H":"7","ER":"2","HR":"0","BB":"4","SO":"7","BAOPP":"0.23","ERA":"2.25","IBB":"0","WP":"1","HBP":"0","BK":"0","BFP":"34","GF":"1","R":"4","SH":"-1","SF":"-1","GIDP":"-1"}},{"pitcher":{,"PLAYERID":"clevete01","YEARID":"1960","STINT":"1","TEAMID":"WS1","LGID":"AL","W":"5","L":"11","G":"53","GS":"11","CG":"1","SHO":"0","SV":"7","IPOUTS":"386","H":"150","ER":"60","HR":"10","BB":"49","SO":"49","BAOPP":"0.29","ERA":"4.2","IBB":"10","WP":"5","HBP":"3","BK":"0","BFP":"573","GF":"24","R":"77","SH":"-1","SF":"-1","GIDP":"-1"}},{"pitcher":{,"PLAYERID":"coateji01","YEARID":"1960","STINT":"1","TEAMID":"NYA","LGID":"AL","W":"13","L":"3","G":"35","GS":"18","CG":"6","SHO":"2","SV":"1","IPOUTS":"448","H":"139","ER":"71","HR":"16","BB":"66","SO":"73","BAOPP":"0.24","ERA":"4.28","IBB":"4","WP":"2","HBP":"2","BK":"1","BFP":"641","GF":"5","R":"78","SH":"-1","SF":"-1","GIDP":"-1"}},{"pitcher":{,"PLAYERID":"colemri01","YEARID":"1960","STINT":"1","TEAMID":"BAL","LGID":"AL","W":"0","L":"2","G":"5","GS":"1","CG":"0","SHO":"0","SV":"0","IPOUTS":"12","H":"8","ER":"5","HR":"0","BB":"5","SO":"0","BAOPP":"0.44","ERA":"11.25","IBB":"1","WP":"0","HBP":"1","BK":"0","BFP":"24","GF":"0","R":"5","SH":"-1","SF":"-1","GIDP":"-1"}},{"pitcher":{,"PLAYERID":"conlege01","YEARID":"1960","STINT":"1","TEAMID":"PHI","LGID":"NL","W":"8","L":"14","G":"29","GS":"25","CG":"9","SHO":"2","SV":"0","IPOUTS":"550","H":"192","ER":"75","HR":"10","BB":"42","SO":"117","BAOPP":"0.27","ERA":"3.68","IBB":"4","WP":"1","HBP":"2","BK":"1","BFP":"771","GF":"3","R":"85","SH":"-1","SF":"-1","GIDP":"-1"}},{"pitcher":{,"PLAYERID":"craigro01","YEARID":"1960","STINT":"1","TEAMID":"LAN","LGID":"NL","W":"8","L":"3","G":"21","GS":"15","CG":"6","SHO":"1","SV":"0","IPOUTS":"347","H":"99","ER":"42","HR":"8","BB":"43","SO":"69","BAOPP":"0.23","ERA":"3.27","IBB":"4","WP":"0","HBP":"3","BK":"1","BFP":"478","GF":"3","R":"48","SH":"-1","SF":"-1","GIDP":"-1"}},{"pitcher":{,"PLAYERID":"daleybu01","YEARID":"1960","STINT":"1","TEAMID":"KC1","LGID":"AL","W":"16","L":"16","G":"37","GS":"35","CG":"13","SHO":"1","SV":"0","IPOUTS":"693","H":"234","ER":"117","HR":"27","BB":"96","SO":"126","BAOPP":"0.26","ERA":"4.56","IBB":"3","WP":"8","HBP":"10","BK":"1","BFP":"1016","GF":"2","R":"129","SH":"-1","SF":"-1","GIDP":"-1"}},{"pitcher":{,"PLAYERID":"daniebe02","YEARID":"1960","STINT":"1","TEAMID":"PIT","LGID":"NL","W":"1","L":"3","G":"10","GS":"6","CG":"0","SHO":"0","SV":"0","IPOUTS":"121","H":"52","ER":"35","HR":"4","BB":"17","SO":"16","BAOPP":"0.31","ERA":"7.81","IBB":"1","WP":"2","HBP":"0","BK":"0","BFP":"189","GF":"0","R":"35","SH":"-1","SF":"-1","GIDP":"-1"}},{"pitcher":{,"PLAYERID":"davisbo01","YEARID":"1960","STINT":"1","TEAMID":"KC1","LGID":"AL","W":"0","L":"0","G":"21","GS":"0","CG":"0","SHO":"0","SV":"1","IPOUTS":"96","H":"31","ER":"13","HR":"1","BB":"22","SO":"28","BAOPP":"0.26","ERA":"3.66","IBB":"1","WP":"3","HBP":"1","BK":"0","BFP":"146","GF":"13","R":"15","SH":"-1","SF":"-1","GIDP":"-1"}},{"pitcher":{,"PLAYERID":"delocik01","YEARID":"1960","STINT":"1","TEAMID":"BOS","LGID":"AL","W":"9","L":"10","G":"24","GS":"23","CG":"3","SHO":"1","SV":"0","IPOUTS":"388","H":"145","ER":"68","HR":"21","BB":"52","SO":"49","BAOPP":"0.28","ERA":"4.73","IBB":"3","WP":"3","HBP":"4","BK":"0","BFP":"576","GF":"1","R":"77","SH":"-1","SF":"-1","GIDP":"-1"}},{"pitcher":{,"PLAYERID":"ditmaar01","YEARID":"1960","STINT":"1","TEAMID":"NYA","LGID":"AL","W":"15","L":"9","G":"34","GS":"28","CG":"8","SHO":"1","SV":"0","IPOUTS":"600","H":"195","ER":"68","HR":"25","BB":"56","SO":"65","BAOPP":"0.25","ERA":"3.06","IBB":"1","WP":"4","HBP":"1","BK":"1","BFP":"825","GF":"3","R":"77","SH":"-1","SF":"-1","GIDP":"-1"}},{"pitcher":{,"PLAYERID":"donovdi01","YEARID":"1960","STINT":"1","TEAMID":"CHA","LGID":"AL","W":"6","L":"1","G":"33","GS":"8","CG":"0","SHO":"0","SV":"3","IPOUTS":"236","H":"87","ER":"47","HR":"13","BB":"25","SO":"30","BAOPP":"0.28","ERA":"5.38","IBB":"3","WP":"2","HBP":"0","BK":"0","BFP":"340","GF":"7","R":"49","SH":"-1","SF":"-1","GIDP":"-1"}},{"pitcher":{,"PLAYERID":"drabomo01","YEARID":"1960","STINT":"1","TEAMID":"CHN","LGID":"NL","W":"3","L":"1","G":"32","GS":"7","CG":"0","SHO":"0","SV":"1","IPOUTS":"151","H":"71","ER":"36","HR":"3","BB":"23","SO":"26","BAOPP":"0.33","ERA":"6.44","IBB":"0","WP":"4","HBP":"1","BK":"0","BFP":"243","GF":"12","R":"44","SH":"-1","SF":"-1","GIDP":"-1"}},{"pitcher":{,"PLAYERID":"drottdi01","YEARID":"1960","STINT":"1","TEAMID":"CHN","LGID":"NL","W":"0","L":"6","G":"23","GS":"9","CG":"0","SHO":"0","SV":"0","IPOUTS":"166","H":"63","ER":"44","HR":"7","BB":"42","SO":"32","BAOPP":"0.29","ERA":"7.16","IBB":"0","WP":"4","HBP":"3","BK":"0","BFP":"269","GF":"7","R":"49","SH":"-1","SF":"-1","GIDP":"-1"}},{"pitcher":{,"PLAYERID":"drysddo01","YEARID":"1960","STINT":"1","TEAMID":"LAN","LGID":"NL","W":"15","L":"14","G":"41","GS":"36","CG":"15","SHO":"5","SV":"2","IPOUTS":"807","H":"214","ER":"85","HR":"27","BB":"72","SO":"246","BAOPP":"0.21","ERA":"2.84","IBB":"5","WP":"6","HBP":"10","BK":"0","BFP":"1083","GF":"5","R":"93","SH":"-1","SF":"-1","GIDP":"-1"}},{"pitcher":{,"PLAYERID":"dulibbo01","YEARID":"1960","STINT":"1","TEAMID":"SLN","LGID":"NL","W":"4","L":"4","G":"27","GS":"0","CG":"0","SHO":"0","SV":"0","IPOUTS":"122","H":"49","ER":"19","HR":"6","BB":"16","SO":"23","BAOPP":"0.31","ERA":"4.2","IBB":"4","WP":"3","HBP":"0","BK":"0","BFP":"178","GF":"16","R":"20","SH":"-1","SF":"-1","GIDP":"-1"}},{"pitcher":{,"PLAYERID":"durenry01","YEARID":"1960","STINT":"1","TEAMID":"NYA","LGID":"AL","W":"3","L":"4","G":"42","GS":"1","CG":"0","SHO":"0","SV":"9","IPOUTS":"147","H":"27","ER":"27","HR":"3","BB":"49","SO":"67","BAOPP":"0.16","ERA":"4.96","IBB":"1","WP":"4","HBP":"7","BK":"0","BFP":"229","GF":"17","R":"29","SH":"-1","SF":"-1","GIDP":"-1"}},{"pitcher":{,"PLAYERID":"earlear01","YEARID":"1960","STINT":"1","TEAMID":"BOS","LGID":"AL","W":"0","L":"1","G":"2","GS":"0","CG":"0","SHO":"0","SV":"0","IPOUTS":"12","H":"9","ER":"7","HR":"1","BB":"4","SO":"5","BAOPP":"0.42","ERA":"15.75","IBB":"0","WP":"2","HBP":"0","BK":"0","BFP":"25","GF":"1","R":"8","SH":"-1","SF":"-1","GIDP":"-1"}},{"pitcher":{,"PLAYERID":"ellswdi01","YEARID":"1960","STINT":"1","TEAMID":"CHN","LGID":"NL","W":"7","L":"13","G":"31","GS":"27","CG":"6","SHO":"0","SV":"0","IPOUTS":"530","H":"170","ER":"73","HR":"12","BB":"72","SO":"94","BAOPP":"0.25","ERA":"3.72","IBB":"8","WP":"1","HBP":"2","BK":"0","BFP":"744","GF":"0","R":"83","SH":"-1","SF":"-1","GIDP":"-1"}},{"pitcher":{,"PLAYERID":"elstodo01","YEARID":"1960","STINT":"1","TEAMID":"CHN","LGID":"NL","W":"8","L":"9","G":"60","GS":"0","CG":"0","SHO":"0","SV":"11","IPOUTS":"381","H":"109","ER":"48","HR":"17","BB":"55","SO":"85","BAOPP":"0.23","ERA":"3.4","IBB":"8","WP":"0","HBP":"4","BK":"0","BFP":"547","GF":"33","R":"57","SH":"-1","SF":"-1","GIDP":"-1"}},{"pitcher":{,"PLAYERID":"estrach01","YEARID":"1960","STINT":"1","TEAMID":"BAL","LGID":"AL","W":"18","L":"11","G":"36","GS":"25","CG":"12","SHO":"1","SV":"2","IPOUTS":"626","H":"162","ER":"83","HR":"18","BB":"101","SO":"144","BAOPP":"0.21","ERA":"3.58","IBB":"3","WP":"2","HBP":"15","BK":"0","BFP":"883","GF":"6","R":"87","SH":"-1","SF":"-1","GIDP":"-1"}},{"pitcher":{,"PLAYERID":"facero01","YEARID":"1960","STINT":"1","TEAMID":"PIT","LGID":"NL","W":"10","L":"8","G":"68","GS":"0","CG":"0","SHO":"0","SV":"24","IPOUTS":"344","H":"93","ER":"37","HR":"11","BB":"29","SO":"72","BAOPP":"0.22","ERA":"2.9","IBB":"9","WP":"2","HBP":"0","BK":"0","BFP":"454","GF":"61","R":"39","SH":"-1","SF":"-1","GIDP":"-1"}},{"pitcher":{,"PLAYERID":"farretu01","YEARID":"1960","STINT":"1","TEAMID":"PHI","LGID":"NL","W":"10","L":"6","G":"59","GS":"0","CG":"0","SHO":"0","SV":"11","IPOUTS":"310","H":"88","ER":"31","HR":"3","BB":"29","SO":"70","BAOPP":"0.23","ERA":"2.7","IBB":"6","WP":"4","HBP":"4","BK":"1","BFP":"415","GF":"50","R":"36","SH":"-1","SF":"-1","GIDP":"-1"}},{"pitcher":{,"PLAYERID":"ferrado01","YEARID":"1960","STINT":"1","TEAMID":"CHA","LGID":"AL","W":"0","L":"1","G":"5","GS":"0","CG":"0","SHO":"0","SV":"0","IPOUTS":"12","H":"8","ER":"8","HR":"2","BB":"9","SO":"4","BAOPP":"0.4","ERA":"18.0","IBB":"0","WP":"0","HBP":"0","BK":"0","BFP":"29","GF":"1","R":"8","SH":"-1","SF":"-1","GIDP":"-1"}},{"pitcher":{,"PLAYERID":"fischbi01","YEARID":"1960","STINT":"2","TEAMID":"DET","LGID":"AL","W":"5","L":"3","G":"20","GS":"6","CG":"1","SHO":"0","SV":"0","IPOUTS":"165","H":"50","ER":"21","HR":"6","BB":"18","SO":"24","BAOPP":"0.24","ERA":"3.44","IBB":"3","WP":"1","HBP":"0","BK":"0","BFP":"228","GF":"7","R":"23","SH":"-1","SF":"-1","GIDP":"-1"}},{"pitcher":{,"PLAYERID":"fischbi01","YEARID":"1960","STINT":"1","TEAMID":"WS1","LGID":"AL","W":"3","L":"5","G":"20","GS":"7","CG":"1","SHO":"0","SV":"0","IPOUTS":"231","H":"85","ER":"42","HR":"7","BB":"17","SO":"31","BAOPP":"0.28","ERA":"4.91","IBB":"2","WP":"2","HBP":"0","BK":"0","BFP":"325","GF":"4","R":"45","SH":"-1","SF":"-1","GIDP":"-1"}},{"pitcher":{,"PLAYERID":"fisheed02","YEARID":"1960","STINT":"1","TEAMID":"SFN","LGID":"NL","W":"1","L":"0","G":"3","GS":"1","CG":"1","SHO":"0","SV":"0","IPOUTS":"38","H":"11","ER":"5","HR":"2","BB":"2","SO":"7","BAOPP":"0.24","ERA":"3.55","IBB":"0","WP":"0","HBP":"0","BK":"0","BFP":"50","GF":"0","R":"5","SH":"-1","SF":"-1","GIDP":"-1"}},{"pitcher":{,"PLAYERID":"fisheja01","YEARID":"1960","STINT":"1","TEAMID":"BAL","LGID":"AL","W":"12","L":"11","G":"40","GS":"20","CG":"8","SHO":"3","SV":"2","IPOUTS":"593","H":"174","ER":"75","HR":"13","BB":"78","SO":"99","BAOPP":"0.24","ERA":"3.41","IBB":"4","WP":"2","HBP":"2","BK":"0","BFP":"824","GF":"14","R":"87","SH":"-1","SF":"-1","GIDP":"-1"}},{"pitcher":{,"PLAYERID":"fordwh01","YEARID":"1960","STINT":"1","TEAMID":"NYA","LGID":"AL","W":"12","L":"9","G":"33","GS":"29","CG":"8","SHO":"4","SV":"0","IPOUTS":"578","H":"168","ER":"66","HR":"15","BB":"65","SO":"85","BAOPP":"0.23","ERA":"3.08","IBB":"5","WP":"5","HBP":"1","BK":"0","BFP":"797","GF":"1","R":"76","SH":"-1","SF":"-1","GIDP":"-1"}},{"pitcher":{,"PLAYERID":"fornimi01","YEARID":"1960","STINT":"1","TEAMID":"BOS","LGID":"AL","W":"10","L":"5","G":"70","GS":"0","CG":"0","SHO":"0","SV":"14","IPOUTS":"327","H":"86","ER":"32","HR":"6","BB":"49","SO":"64","BAOPP":"0.21","ERA":"2.64","IBB":"7","WP":"5","HBP":"6","BK":"0","BFP":"461","GF":"48","R":"38","SH":"-1","SF":"-1","GIDP":"-1"}},{"pitcher":{,"PLAYERID":"foxte01","YEARID":"1960","STINT":"1","TEAMID":"ML1","LGID":"NL","W":"0","L":"0","G":"5","GS":"0","CG":"0","SHO":"0","SV":"0","IPOUTS":"25","H":"6","ER":"4","HR":"0","BB":"6","SO":"5","BAOPP":"0.2","ERA":"4.32","IBB":"0","WP":"0","HBP":"0","BK":"0","BFP":"36","GF":"1","R":"5","SH":"-1","SF":"-1","GIDP":"-1"}},{"pitcher":{,"PLAYERID":"foytapa01","YEARID":"1960","STINT":"1","TEAMID":"DET","LGID":"AL","W":"2","L":"11","G":"28","GS":"13","CG":"1","SHO":"0","SV":"2","IPOUTS":"290","H":"108","ER":"66","HR":"11","BB":"49","SO":"38","BAOPP":"0.28","ERA":"6.14","IBB":"3","WP":"2","HBP":"0","BK":"1","BFP":"435","GF":"10","R":"70","SH":"-1","SF":"-1","GIDP":"-1"}},{"pitcher":{,"PLAYERID":"francea01","YEARID":"1960","STINT":"1","TEAMID":"PIT","LGID":"NL","W":"1","L":"0","G":"7","GS":"0","CG":"0","SHO":"0","SV":"0","IPOUTS":"54","H":"14","ER":"4","HR":"0","BB":"4","SO":"8","BAOPP":"0.22","ERA":"2.0","IBB":"0","WP":"0","HBP":"1","BK":"0","BFP":"69","GF":"3","R":"5","SH":"-1","SF":"-1","GIDP":"-1"}},{"pitcher":{,"PLAYERID":"freemma01","YEARID":"1960","STINT":"1","TEAMID":"CHN","LGID":"NL","W":"3","L":"3","G":"30","GS":"8","CG":"1","SHO":"0","SV":"1","IPOUTS":"230","H":"70","ER":"48","HR":"10","BB":"33","SO":"50","BAOPP":"0.24","ERA":"5.63","IBB":"3","WP":"2","HBP":"5","BK":"0","BFP":"334","GF":"9","R":"51","SH":"-1","SF":"-1","GIDP":"-1"}},{"pitcher":{,"PLAYERID":"frienbo01","YEARID":"1960","STINT":"1","TEAMID":"PIT","LGID":"NL","W":"18","L":"12","G":"38","GS":"37","CG":"16","SHO":"4","SV":"1","IPOUTS":"827","H":"266","ER":"92","HR":"18","BB":"45","SO":"183","BAOPP":"0.25","ERA":"3.0","IBB":"10","WP":"5","HBP":"0","BK":"0","BFP":"1118","GF":"1","R":"97","SH":"-1","SF":"-1","GIDP":"-1"}},{"pitcher":{,"PLAYERID":"funkfr01","YEARID":"1960","STINT":"1","TEAMID":"CLE","LGID":"AL","W":"4","L":"2","G":"9","GS":"0","CG":"0","SHO":"0","SV":"1","IPOUTS":"95","H":"27","ER":"7","HR":"3","BB":"9","SO":"18","BAOPP":"0.24","ERA":"1.99","IBB":"3","WP":"1","HBP":"0","BK":"0","BFP":"122","GF":"8","R":"8","SH":"-1","SF":"-1","GIDP":"-1"}},{"pitcher":{,"PLAYERID":"gablega02","YEARID":"1960","STINT":"1","TEAMID":"NYA","LGID":"AL","W":"3","L":"3","G":"21","GS":"4","CG":"0","SHO":"0","SV":"1","IPOUTS":"156","H":"46","ER":"24","HR":"2","BB":"32","SO":"19","BAOPP":"0.24","ERA":"4.15","IBB":"1","WP":"4","HBP":"0","BK":"0","BFP":"228","GF":"5","R":"27","SH":"-1","SF":"-1","GIDP":"-1"}},{"pitcher":{,"PLAYERID":"garcimi01","YEARID":"1960","STINT":"1","TEAMID":"CHA","LGID":"AL","W":"0","L":"0","G":"15","GS":"0","CG":"0","SHO":"0","SV":"2","IPOUTS":"53","H":"23","ER":"9","HR":"2","BB":"10","SO":"8","BAOPP":"0.33","ERA":"4.58","IBB":"0","WP":"3","HBP":"0","BK":"0","BFP":"82","GF":"3","R":"9","SH":"-1","SF":"-1","GIDP":"-1"}},{"pitcher":{,"PLAYERID":"garvene01","YEARID":"1960","STINT":"1","TEAMID":"KC1","LGID":"AL","W":"4","L":"9","G":"28","GS":"15","CG":"5","SHO":"2","SV":"0","IPOUTS":"367","H":"110","ER":"52","HR":"15","BB":"35","SO":"50","BAOPP":"0.24","ERA":"3.83","IBB":"2","WP":"1","HBP":"2","BK":"0","BFP":"510","GF":"6","R":"57","SH":"-1","SF":"-1","GIDP":"-1"}},{"pitcher":{,"PLAYERID":"gibbojo01","YEARID":"1960","STINT":"1","TEAMID":"PIT","LGID":"NL","W":"4","L":"2","G":"27","GS":"9","CG":"0","SHO":"0","SV":"0","IPOUTS":"241","H":"87","ER":"36","HR":"5","BB":"31","SO":"60","BAOPP":"0.27","ERA":"4.03","IBB":"5","WP":"2","HBP":"0","BK":"0","BFP":"351","GF":"6","R":"40","SH":"-1","SF":"-1","GIDP":"-1"}},{"pitcher":{,"PLAYERID":"gibsobo01","YEARID":"1960","STINT":"1","TEAMID":"SLN","LGID":"NL","W":"3","L":"6","G":"27","GS":"12","CG":"2","SHO":"0","SV":"0","IPOUTS":"260","H":"97","ER":"54","HR":"7","BB":"48","SO":"69","BAOPP":"0.28","ERA":"5.61","IBB":"6","WP":"3","HBP":"1","BK":"0","BFP":"399","GF":"3","R":"61","SH":"-1","SF":"-1","GIDP":"-1"}},{"pitcher":{,"PLAYERID":"gielpa01","YEARID":"1960","STINT":"1","TEAMID":"PIT","LGID":"NL","W":"2","L":"0","G":"16","GS":"0","CG":"0","SHO":"0","SV":"0","IPOUTS":"99","H":"35","ER":"21","HR":"3","BB":"15","SO":"21","BAOPP":"0.27","ERA":"5.73","IBB":"1","WP":"4","HBP":"0","BK":"0","BFP":"146","GF":"3","R":"25","SH":"-1","SF":"-1","GIDP":"-1"}},{"pitcher":{,"PLAYERID":"giggibo01","YEARID":"1960","STINT":"1","TEAMID":"ML1","LGID":"NL","W":"0","L":"0","G":"3","GS":"0","CG":"0","SHO":"0","SV":"0","IPOUTS":"13","H":"5","ER":"2","HR":"0","BB":"4","SO":"5","BAOPP":"0.27","ERA":"4.15","IBB":"1","WP":"0","HBP":"0","BK":"0","BFP":"22","GF":"2","R":"2","SH":"-1","SF":"-1","GIDP":"-1"}},{"pitcher":{,"PLAYERID":"giggibo01","YEARID":"1960","STINT":"2","TEAMID":"KC1","LGID":"AL","W":"1","L":"0","G":"10","GS":"0","CG":"0","SHO":"0","SV":"0","IPOUTS":"56","H":"24","ER":"12","HR":"1","BB":"15","SO":"8","BAOPP":"0.33","ERA":"5.79","IBB":"2","WP":"1","HBP":"0","BK":"0","BFP":"92","GF":"2","R":"12","SH":"-1","SF":"-1","GIDP":"-1"}},{"pitcher":{,"PLAYERID":"goetzjo01","YEARID":"1960","STINT":"1","TEAMID":"CHN","LGID":"NL","W":"0","L":"0","G":"4","GS":"0","CG":"0","SHO":"0","SV":"0","IPOUTS":"19","H":"10","ER":"9","HR":"2","BB":"4","SO":"6","BAOPP":"0.37","ERA":"12.79","IBB":"1","WP":"0","HBP":"0","BK":"0","BFP":"32","GF":"1","R":"9","SH":"-1","SF":"-1","GIDP":"-1"}},{"pitcher":{,"PLAYERID":"goldeji01","YEARID":"1960","STINT":"1","TEAMID":"LAN","LGID":"NL","W":"1","L":"0","G":"1","GS":"1","CG":"0","SHO":"0","SV":"0","IPOUTS":"21","H":"6","ER":"5","HR":"1","BB":"4","SO":"4","BAOPP":"0.24","ERA":"6.43","IBB":"0","WP":"0","HBP":"0","BK":"0","BFP":"30","GF":"0","R":"5","SH":"-1","SF":"-1","GIDP":"-1"}},{"pitcher":{,"PLAYERID":"gomezru01","YEARID":"1960","STINT":"1","TEAMID":"PHI","LGID":"NL","W":"0","L":"3","G":"22","GS":"1","CG":"0","SHO":"0","SV":"1","IPOUTS":"157","H":"68","ER":"31","HR":"7","BB":"9","SO":"24","BAOPP":"0.32","ERA":"5.33","IBB":"2","WP":"2","HBP":"1","BK":"0","BFP":"233","GF":"6","R":"37","SH":"-1","SF":"-1","GIDP":"-1"}},{"pitcher":{,"PLAYERID":"grantmu01","YEARID":"1960","STINT":"1","TEAMID":"CLE","LGID":"AL","W":"9","L":"8","G":"33","GS":"19","CG":"5","SHO":"0","SV":"0","IPOUTS":"479","H":"147","ER":"78","HR":"26","BB":"78","SO":"75","BAOPP":"0.24","ERA":"4.4","IBB":"4","WP":"7","HBP":"2","BK":"1","BFP":"697","GF":"7","R":"88","SH":"-1","SF":"-1","GIDP":"-1"}},{"pitcher":{,"PLAYERID":"grbael01","YEARID":"1960","STINT":"1","TEAMID":"NYA","LGID":"AL","W":"6","L":"4","G":"24","GS":"9","CG":"1","SHO":"0","SV":"1","IPOUTS":"242","H":"65","ER":"33","HR":"9","BB":"46","SO":"32","BAOPP":"0.22","ERA":"3.68","IBB":"3","WP":"4","HBP":"2","BK":"1","BFP":"346","GF":"4","R":"45","SH":"-1","SF":"-1","GIDP":"-1"}},{"pitcher":{,"PLAYERID":"greenda02","YEARID":"1960","STINT":"1","TEAMID":"PHI","LGID":"NL","W":"3","L":"6","G":"23","GS":"10","CG":"5","SHO":"1","SV":"0","IPOUTS":"326","H":"100","ER":"49","HR":"10","BB":"44","SO":"51","BAOPP":"0.24","ERA":"4.06","IBB":"4","WP":"3","HBP":"2","BK":"0","BFP":"463","GF":"7","R":"54","SH":"-1","SF":"-1","GIDP":"-1"}},{"pitcher":{,"PLAYERID":"greenfr01","YEARID":"1960","STINT":"1","TEAMID":"PIT","LGID":"NL","W":"8","L":"4","G":"45","GS":"0","CG":"0","SHO":"0","SV":"3","IPOUTS":"210","H":"61","ER":"25","HR":"4","BB":"33","SO":"49","BAOPP":"0.24","ERA":"3.21","IBB":"8","WP":"0","HBP":"1","BK":"0","BFP":"301","GF":"18","R":"26","SH":"-1","SF":"-1","GIDP":"-1"}},{"pitcher":{,"PLAYERID":"grimbo01","YEARID":"1960","STINT":"3","TEAMID":"SLN","LGID":"NL","W":"1","L":"0","G":"15","GS":"0","CG":"0","SHO":"0","SV":"0","IPOUTS":"62","H":"22","ER":"7","HR":"1","BB":"9","SO":"15","BAOPP":"0.27","ERA":"3.05","IBB":"1","WP":"0","HBP":"0","BK":"0","BFP":"92","GF":"10","R":"7","SH":"-1","SF":"-1","GIDP":"-1"}},{"pitcher":{,"PLAYERID":"grimbo01","YEARID":"1960","STINT":"2","TEAMID":"CIN","LGID":"NL","W":"2","L":"2","G":"26","GS":"0","CG":"0","SHO":"0","SV":"2","IPOUTS":"91","H":"32","ER":"15","HR":"3","BB":"10","SO":"22","BAOPP":"0.27","ERA":"4.45","IBB":"2","WP":"0","HBP":"0","BK":"0","BFP":"133","GF":"14","R":"18","SH":"-1","SF":"-1","GIDP":"-1"}},{"pitcher":{,"PLAYERID":"grimbo01","YEARID":"1960","STINT":"1","TEAMID":"CLE","LGID":"AL","W":"0","L":"1","G":"3","GS":"0","CG":"0","SHO":"0","SV":"0","IPOUTS":"7","H":"6","ER":"3","HR":"0","BB":"1","SO":"2","BAOPP":"0.5","ERA":"11.57","IBB":"0","WP":"0","HBP":"0","BK":"0","BFP":"14","GF":"1","R":"3","SH":"-1","SF":"-1","GIDP":"-1"}},{"pitcher":{,"PLAYERID":"grossdo01","YEARID":"1960","STINT":"1","TEAMID":"PIT","LGID":"NL","W":"0","L":"0","G":"5","GS":"0","CG":"0","SHO":"0","SV":"0","IPOUTS":"16","H":"5","ER":"2","HR":"1","BB":"0","SO":"3","BAOPP":"0.23","ERA":"3.38","IBB":"0","WP":"0","HBP":"0","BK":"0","BFP":"21","GF":"3","R":"2","SH":"-1","SF":"-1","GIDP":"-1"}},{"pitcher":{,"PLAYERID":"haddiha01","YEARID":"1960","STINT":"1","TEAMID":"PIT","LGID":"NL","W":"11","L":"10","G":"29","GS":"28","CG":"4","SHO":"0","SV":"1","IPOUTS":"517","H":"189","ER":"76","HR":"13","BB":"38","SO":"101","BAOPP":"0.27","ERA":"3.97","IBB":"8","WP":"3","HBP":"1","BK":"0","BFP":"734","GF":"1","R":"87","SH":"-1","SF":"-1","GIDP":"-1"}},{"pitcher":{,"PLAYERID":"halldi01","YEARID":"1960","STINT":"1","TEAMID":"KC1","LGID":"AL","W":"8","L":"13","G":"29","GS":"28","CG":"9","SHO":"1","SV":"0","IPOUTS":"547","H":"183","ER":"82","HR":"28","BB":"38","SO":"79","BAOPP":"0.26","ERA":"4.05","IBB":"4","WP":"0","HBP":"3","BK":"0","BFP":"757","GF":"0","R":"96","SH":"-1","SF":"-1","GIDP":"-1"}},{"pitcher":{,"PLAYERID":"harshja01","YEARID":"1960","STINT":"1","TEAMID":"CLE","LGID":"AL","W":"2","L":"4","G":"15","GS":"8","CG":"0","SHO":"0","SV":"0","IPOUTS":"163","H":"50","ER":"24","HR":"7","BB":"30","SO":"25","BAOPP":"0.24","ERA":"3.98","IBB":"2","WP":"0","HBP":"0","BK":"0","BFP":"240","GF":"4","R":"32","SH":"-1","SF":"-1","GIDP":"-1"}},{"pitcher":{,"PLAYERID":"hawkiwy01","YEARID":"1960","STINT":"1","TEAMID":"CLE","LGID":"AL","W":"4","L":"4","G":"15","GS":"9","CG":"1","SHO":"0","SV":"0","IPOUTS":"198","H":"68","ER":"31","HR":"10","BB":"39","SO":"39","BAOPP":"0.26","ERA":"4.23","IBB":"2","WP":"1","HBP":"1","BK":"0","BFP":"297","GF":"2","R":"32","SH":"-1","SF":"-1","GIDP":"-1"}},{"pitcher":{,"PLAYERID":"henrybi01","YEARID":"1960","STINT":"1","TEAMID":"CIN","LGID":"NL","W":"1","L":"5","G":"51","GS":"0","CG":"0","SHO":"0","SV":"17","IPOUTS":"203","H":"62","ER":"24","HR":"8","BB":"20","SO":"58","BAOPP":"0.24","ERA":"3.19","IBB":"5","WP":"5","HBP":"4","BK":"0","BFP":"278","GF":"38","R":"25","SH":"-1","SF":"-1","GIDP":"-1"}},{"pitcher":{,"PLAYERID":"herbera01","YEARID":"1960","STINT":"1","TEAMID":"KC1","LGID":"AL","W":"14","L":"15","G":"37","GS":"33","CG":"14","SHO":"0","SV":"1","IPOUTS":"758","H":"256","ER":"92","HR":"17","BB":"72","SO":"122","BAOPP":"0.26","ERA":"3.28","IBB":"6","WP":"2","HBP":"7","BK":"0","BFP":"1063","GF":"3","R":"106","SH":"-1","SF":"-1","GIDP":"-1"}},{"pitcher":{,"PLAYERID":"hernaru01","YEARID":"1960","STINT":"1","TEAMID":"WS1","LGID":"AL","W":"4","L":"1","G":"21","GS":"0","CG":"0","SHO":"0","SV":"0","IPOUTS":"104","H":"34","ER":"17","HR":"2","BB":"21","SO":"22","BAOPP":"0.26","ERA":"4.41","IBB":"3","WP":"4","HBP":"1","BK":"0","BFP":"158","GF":"8","R":"24","SH":"-1","SF":"-1","GIDP":"-1"}},{"pitcher":{,"PLAYERID":"hillmda01","YEARID":"1960","STINT":"1","TEAMID":"BOS","LGID":"AL","W":"0","L":"3","G":"16","GS":"3","CG":"0","SHO":"0","SV":"0","IPOUTS":"110","H":"41","ER":"23","HR":"6","BB":"12","SO":"14","BAOPP":"0.28","ERA":"5.65","IBB":"1","WP":"0","HBP":"0","BK":"1","BFP":"161","GF":"3","R":"27","SH":"-1","SF":"-1","GIDP":"-1"}},{"pitcher":{,"PLAYERID":"hobbigl01","YEARID":"1960","STINT":"1","TEAMID":"CHN","LGID":"NL","W":"16","L":"20","G":"46","GS":"36","CG":"16","SHO":"4","SV":"1","IPOUTS":"776","H":"253","ER":"114","HR":"27","BB":"101","SO":"134","BAOPP":"0.25","ERA":"3.97","IBB":"7","WP":"8","HBP":"9","BK":"0","BFP":"1118","GF":"5","R":"130","SH":"-1","SF":"-1","GIDP":"-1"}},{"pitcher":{,"PLAYERID":"hoeftbi01","YEARID":"1960","STINT":"1","TEAMID":"BAL","LGID":"AL","W":"2","L":"1","G":"19","GS":"0","CG":"0","SHO":"0","SV":"0","IPOUTS":"56","H":"18","ER":"9","HR":"2","BB":"14","SO":"14","BAOPP":"0.24","ERA":"4.34","IBB":"1","WP":"0","HBP":"0","BK":"0","BFP":"89","GF":"8","R":"10","SH":"-1","SF":"-1","GIDP":"-1"}},{"pitcher":{,"PLAYERID":"hookja01","YEARID":"1960","STINT":"1","TEAMID":"CIN","LGID":"NL","W":"11","L":"18","G":"36","GS":"33","CG":"10","SHO":"2","SV":"0","IPOUTS":"666","H":"222","ER":"111","HR":"31","BB":"73","SO":"103","BAOPP":"0.26","ERA":"4.5","IBB":"7","WP":"2","HBP":"5","BK":"0","BFP":"939","GF":"1","R":"119","SH":"-1","SF":"-1","GIDP":"-1"}},{"pitcher":{,"PLAYERID":"hydedi01","YEARID":"1960","STINT":"1","TEAMID":"WS1","LGID":"AL","W":"0","L":"1","G":"9","GS":"0","CG":"0","SHO":"0","SV":"0","IPOUTS":"26","H":"11","ER":"4","HR":"2","BB":"5","SO":"4","BAOPP":"0.35","ERA":"4.15","IBB":"1","WP":"1","HBP":"1","BK":"0","BFP":"39","GF":"4","R":"4","SH":"-1","SF":"-1","GIDP":"-1"}},{"pitcher":{,"PLAYERID":"jacksla01","YEARID":"1960","STINT":"1","TEAMID":"SLN","LGID":"NL","W":"18","L":"13","G":"43","GS":"38","CG":"14","SHO":"3","SV":"0","IPOUTS":"846","H":"277","ER":"109","HR":"22","BB":"70","SO":"171","BAOPP":"0.25","ERA":"3.48","IBB":"4","WP":"2","HBP":"3","BK":"0","BFP":"1173","GF":"3","R":"123","SH":"-1","SF":"-1","GIDP":"-1"}},{"pitcher":{,"PLAYERID":"jamesjo01","YEARID":"1960","STINT":"1","TEAMID":"NYA","LGID":"AL","W":"5","L":"1","G":"28","GS":"0","CG":"0","SHO":"0","SV":"2","IPOUTS":"130","H":"38","ER":"21","HR":"3","BB":"26","SO":"29","BAOPP":"0.24","ERA":"4.36","IBB":"2","WP":"1","HBP":"3","BK":"0","BFP":"189","GF":"11","R":"22","SH":"-1","SF":"-1","GIDP":"-1"}},{"pitcher":{,"PLAYERID":"jayjo01","YEARID":"1960","STINT":"1","TEAMID":"ML1","LGID":"NL","W":"9","L":"8","G":"32","GS":"11","CG":"3","SHO":"0","SV":"1","IPOUTS":"400","H":"128","ER":"48","HR":"10","BB":"59","SO":"90","BAOPP":"0.25","ERA":"3.24","IBB":"5","WP":"8","HBP":"6","BK":"0","BFP":"581","GF":"7","R":"60","SH":"-1","SF":"-1","GIDP":"-1"}},{"pitcher":{,"PLAYERID":"johnsbe01","YEARID":"1960","STINT":"1","TEAMID":"CHN","LGID":"NL","W":"2","L":"1","G":"17","GS":"0","CG":"0","SHO":"0","SV":"1","IPOUTS":"88","H":"39","ER":"16","HR":"3","BB":"11","SO":"9","BAOPP":"0.35","ERA":"4.91","IBB":"0","WP":"1","HBP":"1","BK":"0","BFP":"130","GF":"7","R":"21","SH":"-1","SF":"-1","GIDP":"-1"}},{"pitcher":{,"PLAYERID":"johnske02","YEARID":"1960","STINT":"1","TEAMID":"KC1","LGID":"AL","W":"5","L":"10","G":"42","GS":"6","CG":"2","SHO":"0","SV":"3","IPOUTS":"361","H":"120","ER":"57","HR":"16","BB":"45","SO":"83","BAOPP":"0.26","ERA":"4.26","IBB":"6","WP":"3","HBP":"7","BK":"1","BFP":"525","GF":"18","R":"68","SH":"-1","SF":"-1","GIDP":"-1"}},{"pitcher":{,"PLAYERID":"jonesgo01","YEARID":"1960","STINT":"1","TEAMID":"BAL","LGID":"AL","W":"1","L":"1","G":"29","GS":"0","CG":"0","SHO":"0","SV":"2","IPOUTS":"165","H":"59","ER":"27","HR":"9","BB":"13","SO":"30","BAOPP":"0.28","ERA":"4.42","IBB":"1","WP":"0","HBP":"1","BK":"1","BFP":"228","GF":"15","R":"28","SH":"-1","SF":"-1","GIDP":"-1"}},{"pitcher":{,"PLAYERID":"jonessa02","YEARID":"1960","STINT":"1","TEAMID":"SFN","LGID":"NL","W":"18","L":"14","G":"39","GS":"35","CG":"13","SHO":"3","SV":"0","IPOUTS":"702","H":"200","ER":"83","HR":"18","BB":"91","SO":"190","BAOPP":"0.23","ERA":"3.19","IBB":"5","WP":"8","HBP":"4","BK":"0","BFP":"978","GF":"3","R":"112","SH":"-1","SF":"-1","GIDP":"-1"}},{"pitcher":{,"PLAYERID":"jonessh02","YEARID":"1960","STINT":"1","TEAMID":"SFN","LGID":"NL","W":"1","L":"1","G":"16","GS":"0","CG":"0","SHO":"0","SV":"1","IPOUTS":"96","H":"37","ER":"11","HR":"3","BB":"11","SO":"10","BAOPP":"0.29","ERA":"3.09","IBB":"1","WP":"0","HBP":"1","BK":"0","BFP":"143","GF":"8","R":"17","SH":"-1","SF":"-1","GIDP":"-1"}},{"pitcher":{,"PLAYERID":"kaatji01","YEARID":"1960","STINT":"1","TEAMID":"WS1","LGID":"AL","W":"1","L":"5","G":"13","GS":"9","CG":"0","SHO":"0","SV":"0","IPOUTS":"150","H":"48","ER":"31","HR":"8","BB":"31","SO":"25","BAOPP":"0.25","ERA":"5.58","IBB":"2","WP":"2","HBP":"5","BK":"0","BFP":"228","GF":"2","R":"39","SH":"-1","SF":"-1","GIDP":"-1"}},{"pitcher":{,"PLAYERID":"kemmeru01","YEARID":"1960","STINT":"2","TEAMID":"CHA","LGID":"AL","W":"6","L":"3","G":"36","GS":"7","CG":"2","SHO":"1","SV":"2","IPOUTS":"362","H":"111","ER":"40","HR":"5","BB":"45","SO":"76","BAOPP":"0.24","ERA":"2.98","IBB":"4","WP":"5","HBP":"1","BK":"0","BFP":"507","GF":"9","R":"45","SH":"-1","SF":"-1","GIDP":"-1"}},{"pitcher":{,"PLAYERID":"kemmeru01","YEARID":"1960","STINT":"1","TEAMID":"WS1","LGID":"AL","W":"0","L":"2","G":"3","GS":"3","CG":"0","SHO":"0","SV":"0","IPOUTS":"52","H":"18","ER":"15","HR":"2","BB":"10","SO":"10","BAOPP":"0.26","ERA":"7.79","IBB":"0","WP":"1","HBP":"1","BK":"0","BFP":"79","GF":"0","R":"15","SH":"-1","SF":"-1","GIDP":"-1"}},{"pitcher":{,"PLAYERID":"kielyle01","YEARID":"1960","STINT":"1","TEAMID":"KC1","LGID":"AL","W":"1","L":"2","G":"20","GS":"0","CG":"0","SHO":"0","SV":"1","IPOUTS":"62","H":"21","ER":"4","HR":"1","BB":"5","SO":"6","BAOPP":"0.26","ERA":"1.74","IBB":"0","WP":"0","HBP":"1","BK":"0","BFP":"86","GF":"12","R":"4","SH":"-1","SF":"-1","GIDP":"-1"}},{"pitcher":{,"PLAYERID":"kippfr01","YEARID":"1960","STINT":"1","TEAMID":"NYA","LGID":"AL","W":"0","L":"1","G":"4","GS":"0","CG":"0","SHO":"0","SV":"0","IPOUTS":"13","H":"4","ER":"3","HR":"0","BB":"0","SO":"2","BAOPP":"0.25","ERA":"6.23","IBB":"0","WP":"0","HBP":"0","BK":"0","BFP":"17","GF":"3","R":"3","SH":"-1","SF":"-1","GIDP":"-1"}},{"pitcher":{,"PLAYERID":"klinero01","YEARID":"1960","STINT":"1","TEAMID":"SLN","LGID":"NL","W":"4","L":"9","G":"34","GS":"17","CG":"1","SHO":"0","SV":"1","IPOUTS":"353","H":"133","ER":"79","HR":"21","BB":"43","SO":"54","BAOPP":"0.28","ERA":"6.04","IBB":"5","WP":"4","HBP":"0","BK":"0","BFP":"523","GF":"6","R":"86","SH":"-1","SF":"-1","GIDP":"-1"}},{"pitcher":{,"PLAYERID":"klippjo01","YEARID":"1960","STINT":"1","TEAMID":"CLE","LGID":"AL","W":"5","L":"5","G":"49","GS":"0","CG":"0","SHO":"0","SV":"14","IPOUTS":"223","H":"53","ER":"24","HR":"8","BB":"35","SO":"46","BAOPP":"0.2","ERA":"2.91","IBB":"3","WP":"1","HBP":"1","BK":"0","BFP":"303","GF":"30","R":"30","SH":"-1","SF":"-1","GIDP":"-1"}},{"pitcher":{,"PLAYERID":"koufasa01","YEARID":"1960","STINT":"1","TEAMID":"LAN","LGID":"NL","W":"8","L":"13","G":"37","GS":"26","CG":"7","SHO":"2","SV":"1","IPOUTS":"525","H":"133","ER":"76","HR":"20","BB":"100","SO":"197","BAOPP":"0.2","ERA":"3.91","IBB":"6","WP":"9","HBP":"1","BK":"0","BFP":"753","GF":"7","R":"83","SH":"-1","SF":"-1","GIDP":"-1"}},{"pitcher":{,"PLAYERID":"kralija01","YEARID":"1960","STINT":"1","TEAMID":"WS1","LGID":"AL","W":"8","L":"6","G":"35","GS":"18","CG":"7","SHO":"2","SV":"1","IPOUTS":"453","H":"139","ER":"51","HR":"12","BB":"45","SO":"71","BAOPP":"0.24","ERA":"3.04","IBB":"4","WP":"2","HBP":"4","BK":"1","BFP":"627","GF":"3","R":"54","SH":"-1","SF":"-1","GIDP":"-1"}},{"pitcher":{,"PLAYERID":"kucksjo01","YEARID":"1960","STINT":"1","TEAMID":"KC1","LGID":"AL","W":"4","L":"10","G":"31","GS":"17","CG":"1","SHO":"0","SV":"0","IPOUTS":"342","H":"140","ER":"76","HR":"22","BB":"43","SO":"38","BAOPP":"0.3","ERA":"6.0","IBB":"2","WP":"2","HBP":"1","BK":"0","BFP":"518","GF":"5","R":"85","SH":"-1","SF":"-1","GIDP":"-1"}},{"pitcher":{,"PLAYERID":"kutynma01","YEARID":"1960","STINT":"1","TEAMID":"KC1","LGID":"AL","W":"3","L":"2","G":"51","GS":"0","CG":"0","SHO":"0","SV":"4","IPOUTS":"185","H":"64","ER":"27","HR":"7","BB":"32","SO":"20","BAOPP":"0.27","ERA":"3.94","IBB":"3","WP":"2","HBP":"0","BK":"1","BFP":"276","GF":"30","R":"33","SH":"-1","SF":"-1","GIDP":"-1"}},{"pitcher":{,"PLAYERID":"labincl01","YEARID":"1960","STINT":"3","TEAMID":"PIT","LGID":"NL","W":"3","L":"0","G":"15","GS":"0","CG":"0","SHO":"0","SV":"3","IPOUTS":"91","H":"29","ER":"5","HR":"0","BB":"11","SO":"21","BAOPP":"0.25","ERA":"1.48","IBB":"3","WP":"0","HBP":"1","BK":"0","BFP":"129","GF":"5","R":"5","SH":"-1","SF":"-1","GIDP":"-1"}},{"pitcher":{,"PLAYERID":"labincl01","YEARID":"1960","STINT":"2","TEAMID":"DET","LGID":"AL","W":"0","L":"3","G":"14","GS":"0","CG":"0","SHO":"0","SV":"2","IPOUTS":"58","H":"19","ER":"11","HR":"2","BB":"12","SO":"6","BAOPP":"0.25","ERA":"5.12","IBB":"4","WP":"1","HBP":"0","BK":"0","BFP":"90","GF":"10","R":"12","SH":"-1","SF":"-1","GIDP":"-1"}},{"pitcher":{,"PLAYERID":"labincl01","YEARID":"1960","STINT":"1","TEAMID":"LAN","LGID":"NL","W":"0","L":"1","G":"13","GS":"0","CG":"0","SHO":"0","SV":"1","IPOUTS":"51","H":"26","ER":"11","HR":"1","BB":"8","SO":"15","BAOPP":"0.35","ERA":"5.82","IBB":"3","WP":"0","HBP":"0","BK":"0","BFP":"81","GF":"6","R":"12","SH":"-1","SF":"-1","GIDP":"-1"}},{"pitcher":{,"PLAYERID":"larsedo01","YEARID":"1960","STINT":"1","TEAMID":"KC1","LGID":"AL","W":"1","L":"10","G":"22","GS":"15","CG":"0","SHO":"0","SV":"0","IPOUTS":"251","H":"97","ER":"50","HR":"11","BB":"42","SO":"43","BAOPP":"0.29","ERA":"5.38","IBB":"1","WP":"2","HBP":"0","BK":"0","BFP":"381","GF":"3","R":"55","SH":"-1","SF":"-1","GIDP":"-1"}},{"pitcher":{,"PLAYERID":"laryfr01","YEARID":"1960","STINT":"1","TEAMID":"DET","LGID":"AL","W":"15","L":"15","G":"38","GS":"36","CG":"15","SHO":"2","SV":"1","IPOUTS":"823","H":"262","ER":"107","HR":"25","BB":"62","SO":"149","BAOPP":"0.24","ERA":"3.51","IBB":"3","WP":"8","HBP":"19","BK":"1","BFP":"1148","GF":"2","R":"125","SH":"-1","SF":"-1","GIDP":"-1"}},{"pitcher":{,"PLAYERID":"latmaba01","YEARID":"1960","STINT":"1","TEAMID":"CLE","LGID":"AL","W":"7","L":"7","G":"31","GS":"20","CG":"4","SHO":"0","SV":"0","IPOUTS":"442","H":"146","ER":"66","HR":"19","BB":"72","SO":"94","BAOPP":"0.25","ERA":"4.03","IBB":"2","WP":"5","HBP":"6","BK":"0","BFP":"656","GF":"2","R":"78","SH":"-1","SF":"-1","GIDP":"-1"}},{"pitcher":{,"PLAYERID":"lawrebr01","YEARID":"1960","STINT":"1","TEAMID":"CIN","LGID":"NL","W":"1","L":"0","G":"7","GS":"0","CG":"0","SHO":"0","SV":"1","IPOUTS":"23","H":"9","ER":"9","HR":"1","BB":"8","SO":"2","BAOPP":"0.31","ERA":"10.57","IBB":"1","WP":"0","HBP":"0","BK":"0","BFP":"38","GF":"1","R":"12","SH":"-1","SF":"-1","GIDP":"-1"}},{"pitcher":{,"PLAYERID":"lawve01","YEARID":"1960","STINT":"1","TEAMID":"PIT","LGID":"NL","W":"20","L":"9","G":"35","GS":"35","CG":"18","SHO":"3","SV":"0","IPOUTS":"815","H":"266","ER":"93","HR":"25","BB":"40","SO":"120","BAOPP":"0.25","ERA":"3.08","IBB":"8","WP":"2","HBP":"4","BK":"1","BFP":"1091","GF":"0","R":"104","SH":"-1","SF":"-1","GIDP":"-1"}},{"pitcher":{,"PLAYERID":"leedo01","YEARID":"1960","STINT":"1","TEAMID":"WS1","LGID":"AL","W":"8","L":"7","G":"44","GS":"20","CG":"1","SHO":"0","SV":"3","IPOUTS":"495","H":"160","ER":"63","HR":"16","BB":"64","SO":"88","BAOPP":"0.25","ERA":"3.44","IBB":"3","WP":"6","HBP":"3","BK":"0","BFP":"698","GF":"10","R":"72","SH":"-1","SF":"-1","GIDP":"-1"}},{"pitcher":{,"PLAYERID":"leemi01","YEARID":"1960","STINT":"1","TEAMID":"CLE","LGID":"AL","W":"0","L":"0","G":"7","GS":"0","CG":"0","SHO":"0","SV":"0","IPOUTS":"27","H":"6","ER":"2","HR":"1","BB":"11","SO":"6","BAOPP":"0.2","ERA":"2.0","IBB":"0","WP":"1","HBP":"1","BK":"0","BFP":"42","GF":"7","R":"2","SH":"-1","SF":"-1","GIDP":"-1"}},{"pitcher":{,"PLAYERID":"lockebo01","YEARID":"1960","STINT":"1","TEAMID":"CLE","LGID":"AL","W":"3","L":"5","G":"32","GS":"11","CG":"2","SHO":"2","SV":"2","IPOUTS":"369","H":"121","ER":"46","HR":"10","BB":"37","SO":"53","BAOPP":"0.25","ERA":"3.37","IBB":"3","WP":"1","HBP":"2","BK":"1","BFP":"521","GF":"10","R":"51","SH":"-1","SF":"-1","GIDP":"-1"}},{"pitcher":{,"PLAYERID":"loesbi01","YEARID":"1960","STINT":"1","TEAMID":"SFN","LGID":"NL","W":"3","L":"2","G":"37","GS":"0","CG":"0","SHO":"0","SV":"5","IPOUTS":"137","H":"40","ER":"25","HR":"9","BB":"17","SO":"28","BAOPP":"0.24","ERA":"4.93","IBB":"2","WP":"1","HBP":"4","BK":"0","BFP":"190","GF":"21","R":"26","SH":"-1","SF":"-1","GIDP":"-1"}},{"pitcher":{,"PLAYERID":"lowntu01","YEARID":"1960","STINT":"1","TEAMID":"CHA","LGID":"AL","W":"2","L":"3","G":"45","GS":"0","CG":"0","SHO":"0","SV":"5","IPOUTS":"202","H":"60","ER":"29","HR":"6","BB":"34","SO":"39","BAOPP":"0.23","ERA":"3.88","IBB":"6","WP":"0","HBP":"0","BK":"0","BFP":"292","GF":"16","R":"31","SH":"-1","SF":"-1","GIDP":"-1"}},{"pitcher":{,"PLAYERID":"maasdu01","YEARID":"1960","STINT":"1","TEAMID":"NYA","LGID":"AL","W":"5","L":"1","G":"35","GS":"1","CG":"0","SHO":"0","SV":"4","IPOUTS":"211","H":"70","ER":"32","HR":"6","BB":"35","SO":"28","BAOPP":"0.26","ERA":"4.09","IBB":"2","WP":"1","HBP":"1","BK":"0","BFP":"313","GF":"17","R":"44","SH":"-1","SF":"-1","GIDP":"-1"}},{"pitcher":{,"PLAYERID":"mabebo01","YEARID":"1960","STINT":"1","TEAMID":"BAL","LGID":"AL","W":"0","L":"0","G":"2","GS":"0","CG":"0","SHO":"0","SV":"0","IPOUTS":"2","H":"4","ER":"2","HR":"0","BB":"1","SO":"0","BAOPP":"0.57","ERA":"27.0","IBB":"0","WP":"0","HBP":"0","BK":"0","BFP":"8","GF":"0","R":"6","SH":"-1","SF":"-1","GIDP":"-1"}},{"pitcher":{,"PLAYERID":"mackeke01","YEARID":"1960","STINT":"1","TEAMID":"ML1","LGID":"NL","W":"0","L":"1","G":"9","GS":"0","CG":"0","SHO":"0","SV":"0","IPOUTS":"25","H":"9","ER":"6","HR":"2","BB":"3","SO":"9","BAOPP":"0.28","ERA":"6.48","IBB":"2","WP":"0","HBP":"0","BK":"0","BFP":"37","GF":"6","R":"7","SH":"-1","SF":"-1","GIDP":"-1"}},{"pitcher":{,"PLAYERID":"maesthe01","YEARID":"1960","STINT":"1","TEAMID":"WS1","LGID":"AL","W":"0","L":"0","G":"1","GS":"0","CG":"0","SHO":"0","SV":"0","IPOUTS":"6","H":"1","ER":"0","HR":"0","BB":"1","SO":"1","BAOPP":"0.16","ERA":"0.0","IBB":"0","WP":"0","HBP":"0","BK":"0","BFP":"7","GF":"0","R":"0","SH":"-1","SF":"-1","GIDP":"-1"}},{"pitcher":{,"PLAYERID":"mahafar01","YEARID":"1960","STINT":"1","TEAMID":"PHI","LGID":"NL","W":"7","L":"3","G":"14","GS":"12","CG":"5","SHO":"1","SV":"0","IPOUTS":"280","H":"78","ER":"24","HR":"9","BB":"34","SO":"56","BAOPP":"0.22","ERA":"2.31","IBB":"1","WP":"2","HBP":"1","BK":"0","BFP":"382","GF":"2","R":"29","SH":"-1","SF":"-1","GIDP":"-1"}},{"pitcher":{,"PLAYERID":"malonji01","YEARID":"1960","STINT":"1","TEAMID":"CIN","LGID":"NL","W":"2","L":"6","G":"11","GS":"10","CG":"2","SHO":"1","SV":"0","IPOUTS":"191","H":"61","ER":"33","HR":"5","BB":"37","SO":"48","BAOPP":"0.25","ERA":"4.66","IBB":"2","WP":"2","HBP":"2","BK":"0","BFP":"281","GF":"0","R":"35","SH":"-1","SF":"-1","GIDP":"-1"}},{"pitcher":{,"PLAYERID":"marange01","YEARID":"1960","STINT":"1","TEAMID":"SFN","LGID":"NL","W":"1","L":"4","G":"17","GS":"4","CG":"0","SHO":"0","SV":"0","IPOUTS":"152","H":"50","ER":"26","HR":"6","BB":"30","SO":"28","BAOPP":"0.25","ERA":"4.62","IBB":"7","WP":"1","HBP":"0","BK":"0","BFP":"230","GF":"4","R":"32","SH":"-1","SF":"-1","GIDP":"-1"}},{"pitcher":{,"PLAYERID":"maricju01","YEARID":"1960","STINT":"1","TEAMID":"SFN","LGID":"NL","W":"6","L":"2","G":"11","GS":"11","CG":"6","SHO":"1","SV":"0","IPOUTS":"244","H":"59","ER":"24","HR":"5","BB":"28","SO":"58","BAOPP":"0.2","ERA":"2.66","IBB":"1","WP":"3","HBP":"0","BK":"2","BFP":"328","GF":"0","R":"29","SH":"-1","SF":"-1","GIDP":"-1"}},{"pitcher":{,"PLAYERID":"masonha01","YEARID":"1960","STINT":"1","TEAMID":"PHI","LGID":"NL","W":"0","L":"0","G":"3","GS":"0","CG":"0","SHO":"0","SV":"0","IPOUTS":"17","H":"9","ER":"6","HR":"1","BB":"5","SO":"3","BAOPP":"0.37","ERA":"9.53","IBB":"1","WP":"0","HBP":"0","BK":"0","BFP":"31","GF":"1","R":"6","SH":"-1","SF":"-1","GIDP":"-1"}},{"pitcher":{,"PLAYERID":"mathica01","YEARID":"1960","STINT":"1","TEAMID":"CLE","LGID":"AL","W":"0","L":"1","G":"7","GS":"0","CG":"0","SHO":"0","SV":"0","IPOUTS":"46","H":"14","ER":"6","HR":"2","BB":"8","SO":"13","BAOPP":"0.23","ERA":"3.52","IBB":"0","WP":"0","HBP":"0","BK":"1","BFP":"68","GF":"3","R":"7","SH":"-1","SF":"-1","GIDP":"-1"}},{"pitcher":{,"PLAYERID":"mcbrike01","YEARID":"1960","STINT":"1","TEAMID":"CHA","LGID":"AL","W":"0","L":"1","G":"5","GS":"0","CG":"0","SHO":"0","SV":"0","IPOUTS":"14","H":"6","ER":"2","HR":"0","BB":"3","SO":"4","BAOPP":"0.33","ERA":"3.86","IBB":"0","WP":"0","HBP":"1","BK":"0","BFP":"24","GF":"3","R":"2","SH":"-1","SF":"-1","GIDP":"-1"}},{"pitcher":{,"PLAYERID":"mccormi03","YEARID":"1960","STINT":"1","TEAMID":"SFN","LGID":"NL","W":"15","L":"12","G":"40","GS":"34","CG":"15","SHO":"4","SV":"3","IPOUTS":"759","H":"228","ER":"76","HR":"15","BB":"65","SO":"154","BAOPP":"0.24","ERA":"2.7","IBB":"12","WP":"12","HBP":"1","BK":"0","BFP":"1033","GF":"6","R":"87","SH":"-1","SF":"-1","GIDP":"-1"}},{"pitcher":{,"PLAYERID":"mcdanli01","YEARID":"1960","STINT":"1","TEAMID":"SLN","LGID":"NL","W":"12","L":"4","G":"65","GS":"2","CG":"1","SHO":"0","SV":"26","IPOUTS":"349","H":"85","ER":"27","HR":"8","BB":"24","SO":"105","BAOPP":"0.2","ERA":"2.09","IBB":"3","WP":"7","HBP":"1","BK":"1","BFP":"448","GF":"47","R":"28","SH":"-1","SF":"-1","GIDP":"-1"}},{"pitcher":{,"PLAYERID":"mcdevda01","YEARID":"1960","STINT":"1","TEAMID":"LAN","LGID":"NL","W":"0","L":"4","G":"24","GS":"7","CG":"0","SHO":"0","SV":"0","IPOUTS":"159","H":"51","ER":"25","HR":"7","BB":"42","SO":"30","BAOPP":"0.26","ERA":"4.25","IBB":"3","WP":"4","HBP":"6","BK":"0","BFP":"248","GF":"7","R":"26","SH":"-1","SF":"-1","GIDP":"-1"}},{"pitcher":{,"PLAYERID":"mclisca01","YEARID":"1960","STINT":"1","TEAMID":"CIN","LGID":"NL","W":"4","L":"14","G":"37","GS":"21","CG":"2","SHO":"1","SV":"0","IPOUTS":"454","H":"170","ER":"70","HR":"16","BB":"48","SO":"56","BAOPP":"0.28","ERA":"4.16","IBB":"8","WP":"5","HBP":"7","BK":"1","BFP":"663","GF":"11","R":"85","SH":"-1","SF":"-1","GIDP":"-1"}},{"pitcher":{,"PLAYERID":"mcmahdo02","YEARID":"1960","STINT":"1","TEAMID":"ML1","LGID":"NL","W":"3","L":"6","G":"48","GS":"0","CG":"0","SHO":"0","SV":"10","IPOUTS":"191","H":"66","ER":"42","HR":"9","BB":"32","SO":"50","BAOPP":"0.26","ERA":"5.94","IBB":"4","WP":"2","HBP":"2","BK":"1","BFP":"288","GF":"27","R":"48","SH":"-1","SF":"-1","GIDP":"-1"}},{"pitcher":{,"PLAYERID":"meyerja01","YEARID":"1960","STINT":"1","TEAMID":"PHI","LGID":"NL","W":"3","L":"1","G":"7","GS":"4","CG":"0","SHO":"0","SV":"0","IPOUTS":"75","H":"25","ER":"12","HR":"2","BB":"11","SO":"18","BAOPP":"0.27","ERA":"4.32","IBB":"0","WP":"0","HBP":"0","BK":"0","BFP":"109","GF":"2","R":"13","SH":"-1","SF":"-1","GIDP":"-1"}},{"pitcher":{,"PLAYERID":"millebo04","YEARID":"1960","STINT":"1","TEAMID":"SLN","LGID":"NL","W":"4","L":"3","G":"15","GS":"7","CG":"0","SHO":"0","SV":"0","IPOUTS":"158","H":"53","ER":"20","HR":"2","BB":"17","SO":"33","BAOPP":"0.26","ERA":"3.42","IBB":"2","WP":"2","HBP":"1","BK":"0","BFP":"225","GF":"3","R":"21","SH":"-1","SF":"-1","GIDP":"-1"}},{"pitcher":{,"PLAYERID":"millest01","YEARID":"1960","STINT":"1","TEAMID":"SFN","LGID":"NL","W":"7","L":"6","G":"47","GS":"3","CG":"2","SHO":"0","SV":"2","IPOUTS":"305","H":"100","ER":"44","HR":"9","BB":"31","SO":"65","BAOPP":"0.25","ERA":"3.9","IBB":"5","WP":"0","HBP":"3","BK":"0","BFP":"437","GF":"16","R":"49","SH":"-1","SF":"-1","GIDP":"-1"}},{"pitcher":{,"PLAYERID":"mizelvi01","YEARID":"1960","STINT":"2","TEAMID":"PIT","LGID":"NL","W":"13","L":"5","G":"23","GS":"23","CG":"8","SHO":"3","SV":"0","IPOUTS":"467","H":"141","ER":"54","HR":"7","BB":"46","SO":"71","BAOPP":"0.24","ERA":"3.12","IBB":"6","WP":"1","HBP":"3","BK":"0","BFP":"631","GF":"0","R":"59","SH":"-1","SF":"-1","GIDP":"-1"}},{"pitcher":{,"PLAYERID":"mizelvi01","YEARID":"1960","STINT":"1","TEAMID":"SLN","LGID":"NL","W":"1","L":"3","G":"9","GS":"9","CG":"0","SHO":"0","SV":"0","IPOUTS":"166","H":"64","ER":"28","HR":"7","BB":"28","SO":"42","BAOPP":"0.29","ERA":"4.55","IBB":"4","WP":"2","HBP":"0","BK":"0","BFP":"252","GF":"0","R":"31","SH":"-1","SF":"-1","GIDP":"-1"}},{"pitcher":{,"PLAYERID":"monbobi01","YEARID":"1960","STINT":"1","TEAMID":"BOS","LGID":"AL","W":"14","L":"11","G":"35","GS":"30","CG":"12","SHO":"3","SV":"0","IPOUTS":"645","H":"217","ER":"87","HR":"18","BB":"68","SO":"134","BAOPP":"0.26","ERA":"3.64","IBB":"9","WP":"2","HBP":"2","BK":"1","BFP":"909","GF":"2","R":"91","SH":"-1","SF":"-1","GIDP":"-1"}},{"pitcher":{,"PLAYERID":"monzara01","YEARID":"1960","STINT":"1","TEAMID":"SFN","LGID":"NL","W":"0","L":"0","G":"1","GS":"0","CG":"0","SHO":"0","SV":"0","IPOUTS":"3","H":"1","ER":"1","HR":"1","BB":"0","SO":"1","BAOPP":"0.25","ERA":"9.0","IBB":"0","WP":"0","HBP":"0","BK":"0","BFP":"4","GF":"0","R":"1","SH":"-1","SF":"-1","GIDP":"-1"}},{"pitcher":{,"PLAYERID":"moorera02","YEARID":"1960","STINT":"2","TEAMID":"WS1","LGID":"AL","W":"3","L":"2","G":"37","GS":"0","CG":"0","SHO":"0","SV":"13","IPOUTS":"197","H":"49","ER":"21","HR":"5","BB":"27","SO":"29","BAOPP":"0.21","ERA":"2.88","IBB":"3","WP":"1","HBP":"1","BK":"0","BFP":"265","GF":"19","R":"24","SH":"-1","SF":"-1","GIDP":"-1"}},{"pitcher":{,"PLAYERID":"moorera02","YEARID":"1960","STINT":"1","TEAMID":"CHA","LGID":"AL","W":"1","L":"1","G":"14","GS":"0","CG":"0","SHO":"0","SV":"0","IPOUTS":"62","H":"19","ER":"13","HR":"5","BB":"11","SO":"3","BAOPP":"0.25","ERA":"5.66","IBB":"0","WP":"0","HBP":"0","BK":"0","BFP":"89","GF":"3","R":"13","SH":"-1","SF":"-1","GIDP":"-1"}},{"pitcher":{,"PLAYERID":"morehse01","YEARID":"1960","STINT":"1","TEAMID":"CHN","LGID":"NL","W":"2","L":"9","G":"45","GS":"7","CG":"2","SHO":"0","SV":"4","IPOUTS":"370","H":"123","ER":"54","HR":"17","BB":"46","SO":"64","BAOPP":"0.25","ERA":"3.94","IBB":"6","WP":"3","HBP":"2","BK":"3","BFP":"531","GF":"15","R":"61","SH":"-1","SF":"-1","GIDP":"-1"}},{"pitcher":{,"PLAYERID":"morgato01","YEARID":"1960","STINT":"2","TEAMID":"WS1","LGID":"AL","W":"1","L":"3","G":"14","GS":"0","CG":"0","SHO":"0","SV":"0","IPOUTS":"72","H":"36","ER":"10","HR":"6","BB":"5","SO":"11","BAOPP":"0.34","ERA":"3.75","IBB":"3","WP":"0","HBP":"1","BK":"0","BFP":"113","GF":"6","R":"15","SH":"-1","SF":"-1","GIDP":"-1"}},{"pitcher":{,"PLAYERID":"morgato01","YEARID":"1960","STINT":"1","TEAMID":"DET","LGID":"AL","W":"3","L":"2","G":"22","GS":"0","CG":"0","SHO":"0","SV":"1","IPOUTS":"87","H":"33","ER":"15","HR":"6","BB":"10","SO":"12","BAOPP":"0.29","ERA":"4.66","IBB":"1","WP":"0","HBP":"0","BK":"0","BFP":"127","GF":"16","R":"17","SH":"-1","SF":"-1","GIDP":"-1"}},{"pitcher":{,"PLAYERID":"mossido01","YEARID":"1960","STINT":"1","TEAMID":"DET","LGID":"AL","W":"9","L":"8","G":"23","GS":"22","CG":"9","SHO":"2","SV":"0","IPOUTS":"475","H":"158","ER":"61","HR":"17","BB":"32","SO":"69","BAOPP":"0.25","ERA":"3.47","IBB":"4","WP":"0","HBP":"1","BK":"0","BFP":"660","GF":"1","R":"68","SH":"-1","SF":"-1","GIDP":"-1"}},{"pitcher":{,"PLAYERID":"muffebi01","YEARID":"1960","STINT":"1","TEAMID":"BOS","LGID":"AL","W":"6","L":"4","G":"23","GS":"14","CG":"4","SHO":"1","SV":"0","IPOUTS":"375","H":"116","ER":"45","HR":"6","BB":"36","SO":"75","BAOPP":"0.24","ERA":"3.24","IBB":"2","WP":"4","HBP":"5","BK":"0","BFP":"530","GF":"3","R":"53","SH":"-1","SF":"-1","GIDP":"-1"}},{"pitcher":{,"PLAYERID":"neigeal01","YEARID":"1960","STINT":"1","TEAMID":"PHI","LGID":"NL","W":"0","L":"0","G":"6","GS":"0","CG":"0","SHO":"0","SV":"0","IPOUTS":"38","H":"16","ER":"8","HR":"2","BB":"4","SO":"3","BAOPP":"0.34","ERA":"5.68","IBB":"1","WP":"1","HBP":"2","BK":"0","BFP":"59","GF":"3","R":"8","SH":"-1","SF":"-1","GIDP":"-1"}},{"pitcher":{,"PLAYERID":"nelsome01","YEARID":"1960","STINT":"1","TEAMID":"SLN","LGID":"NL","W":"0","L":"1","G":"2","GS":"1","CG":"0","SHO":"0","SV":"0","IPOUTS":"24","H":"7","ER":"3","HR":"1","BB":"2","SO":"7","BAOPP":"0.22","ERA":"3.38","IBB":"1","WP":"0","HBP":"0","BK":"0","BFP":"33","GF":"1","R":"3","SH":"-1","SF":"-1","GIDP":"-1"}},{"pitcher":{,"PLAYERID":"newcodo01","YEARID":"1960","STINT":"2","TEAMID":"CLE","LGID":"AL","W":"2","L":"3","G":"20","GS":"2","CG":"0","SHO":"0","SV":"1","IPOUTS":"162","H":"61","ER":"26","HR":"6","BB":"8","SO":"27","BAOPP":"0.28","ERA":"4.33","IBB":"0","WP":"0","HBP":"0","BK":"0","BFP":"223","GF":"13","R":"28","SH":"-1","SF":"-1","GIDP":"-1"}},{"pitcher":{,"PLAYERID":"newcodo01","YEARID":"1960","STINT":"1","TEAMID":"CIN","LGID":"NL","W":"4","L":"6","G":"16","GS":"15","CG":"1","SHO":"0","SV":"0","IPOUTS":"248","H":"99","ER":"42","HR":"12","BB":"14","SO":"36","BAOPP":"0.3","ERA":"4.57","IBB":"0","WP":"0","HBP":"3","BK":"0","BFP":"354","GF":"0","R":"48","SH":"-1","SF":"-1","GIDP":"-1"}},{"pitcher":{,"PLAYERID":"nichoch02","YEARID":"1960","STINT":"1","TEAMID":"BOS","LGID":"AL","W":"0","L":"2","G":"6","GS":"1","CG":"0","SHO":"0","SV":"0","IPOUTS":"38","H":"12","ER":"6","HR":"0","BB":"4","SO":"11","BAOPP":"0.24","ERA":"4.26","IBB":"0","WP":"0","HBP":"0","BK":"0","BFP":"55","GF":"3","R":"6","SH":"-1","SF":"-1","GIDP":"-1"}},{"pitcher":{,"PLAYERID":"nottedo01","YEARID":"1960","STINT":"1","TEAMID":"ML1","LGID":"NL","W":"1","L":"0","G":"5","GS":"1","CG":"0","SHO":"0","SV":"1","IPOUTS":"46","H":"14","ER":"7","HR":"0","BB":"15","SO":"8","BAOPP":"0.23","ERA":"4.11","IBB":"2","WP":"0","HBP":"0","BK":"0","BFP":"77","GF":"1","R":"10","SH":"-1","SF":"-1","GIDP":"-1"}},{"pitcher":{,"PLAYERID":"nuxhajo01","YEARID":"1960","STINT":"1","TEAMID":"CIN","LGID":"NL","W":"1","L":"8","G":"38","GS":"6","CG":"0","SHO":"0","SV":"0","IPOUTS":"336","H":"130","ER":"55","HR":"8","BB":"27","SO":"72","BAOPP":"0.29","ERA":"4.42","IBB":"6","WP":"3","HBP":"4","BK":"0","BFP":"482","GF":"5","R":"58","SH":"-1","SF":"-1","GIDP":"-1"}},{"pitcher":{,"PLAYERID":"odellbi01","YEARID":"1960","STINT":"1","TEAMID":"SFN","LGID":"NL","W":"8","L":"13","G":"43","GS":"24","CG":"6","SHO":"1","SV":"2","IPOUTS":"608","H":"198","ER":"72","HR":"16","BB":"72","SO":"145","BAOPP":"0.25","ERA":"3.2","IBB":"8","WP":"4","HBP":"2","BK":"2","BFP":"873","GF":"6","R":"80","SH":"-1","SF":"-1","GIDP":"-1"}},{"pitcher":{,"PLAYERID":"olivodi01","YEARID":"1960","STINT":"1","TEAMID":"PIT","LGID":"NL","W":"0","L":"0","G":"4","GS":"0","CG":"0","SHO":"0","SV":"0","IPOUTS":"29","H":"8","ER":"3","HR":"1","BB":"5","SO":"10","BAOPP":"0.21","ERA":"2.79","IBB":"1","WP":"0","HBP":"0","BK":"0","BFP":"42","GF":"2","R":"3","SH":"-1","SF":"-1","GIDP":"-1"}},{"pitcher":{,"PLAYERID":"ortegph01","YEARID":"1960","STINT":"1","TEAMID":"LAN","LGID":"NL","W":"0","L":"0","G":"3","GS":"1","CG":"0","SHO":"0","SV":"0","IPOUTS":"19","H":"12","ER":"12","HR":"1","BB":"5","SO":"4","BAOPP":"0.4","ERA":"17.05","IBB":"0","WP":"0","HBP":"0","BK":"0","BFP":"37","GF":"0","R":"12","SH":"-1","SF":"-1","GIDP":"-1"}},{"pitcher":{,"PLAYERID":"osteecl01","YEARID":"1960","STINT":"1","TEAMID":"CIN","LGID":"NL","W":"0","L":"1","G":"20","GS":"3","CG":"0","SHO":"0","SV":"0","IPOUTS":"145","H":"53","ER":"27","HR":"5","BB":"30","SO":"15","BAOPP":"0.29","ERA":"5.03","IBB":"4","WP":"4","HBP":"1","BK":"0","BFP":"217","GF":"8","R":"29","SH":"-1","SF":"-1","GIDP":"-1"}},{"pitcher":{,"PLAYERID":"otoolji01","YEARID":"1960","STINT":"1","TEAMID":"CIN","LGID":"NL","W":"12","L":"12","G":"34","GS":"31","CG":"7","SHO":"2","SV":"1","IPOUTS":"589","H":"198","ER":"83","HR":"14","BB":"66","SO":"124","BAOPP":"0.26","ERA":"3.8","IBB":"4","WP":"7","HBP":"4","BK":"0","BFP":"834","GF":"1","R":"94","SH":"-1","SF":"-1","GIDP":"-1"}},{"pitcher":{,"PLAYERID":"owensji01","YEARID":"1960","STINT":"1","TEAMID":"PHI","LGID":"NL","W":"4","L":"14","G":"31","GS":"22","CG":"6","SHO":"0","SV":"0","IPOUTS":"450","H":"182","ER":"84","HR":"21","BB":"64","SO":"83","BAOPP":"0.29","ERA":"5.04","IBB":"7","WP":"9","HBP":"1","BK":"0","BFP":"686","GF":"2","R":"95","SH":"-1","SF":"-1","GIDP":"-1"}},{"pitcher":{,"PLAYERID":"palmqed01","YEARID":"1960","STINT":"1","TEAMID":"LAN","LGID":"NL","W":"0","L":"1","G":"22","GS":"0","CG":"0","SHO":"0","SV":"0","IPOUTS":"117","H":"34","ER":"11","HR":"6","BB":"16","SO":"23","BAOPP":"0.24","ERA":"2.54","IBB":"5","WP":"1","HBP":"1","BK":"0","BFP":"162","GF":"4","R":"16","SH":"-1","SF":"-1","GIDP":"-1"}},{"pitcher":{,"PLAYERID":"pappami01","YEARID":"1960","STINT":"1","TEAMID":"BAL","LGID":"AL","W":"15","L":"11","G":"30","GS":"27","CG":"11","SHO":"3","SV":"0","IPOUTS":"617","H":"184","ER":"77","HR":"15","BB":"83","SO":"126","BAOPP":"0.24","ERA":"3.37","IBB":"4","WP":"10","HBP":"6","BK":"0","BFP":"863","GF":"3","R":"81","SH":"-1","SF":"-1","GIDP":"-1"}},{"pitcher":{,"PLAYERID":"pascuca02","YEARID":"1960","STINT":"1","TEAMID":"WS1","LGID":"AL","W":"12","L":"8","G":"26","GS":"22","CG":"8","SHO":"3","SV":"2","IPOUTS":"455","H":"139","ER":"51","HR":"11","BB":"53","SO":"143","BAOPP":"0.24","ERA":"3.03","IBB":"2","WP":"2","HBP":"2","BK":"0","BFP":"639","GF":"2","R":"65","SH":"-1","SF":"-1","GIDP":"-1"}},{"pitcher":{,"PLAYERID":"penaor01","YEARID":"1960","STINT":"1","TEAMID":"CIN","LGID":"NL","W":"0","L":"1","G":"4","GS":"0","CG":"0","SHO":"0","SV":"0","IPOUTS":"28","H":"8","ER":"3","HR":"0","BB":"3","SO":"9","BAOPP":"0.22","ERA":"2.89","IBB":"2","WP":"0","HBP":"0","BK":"0","BFP":"39","GF":"1","R":"3","SH":"-1","SF":"-1","GIDP":"-1"}},{"pitcher":{,"PLAYERID":"perryji01","YEARID":"1960","STINT":"1","TEAMID":"CLE","LGID":"AL","W":"18","L":"10","G":"41","GS":"36","CG":"10","SHO":"4","SV":"1","IPOUTS":"784","H":"257","ER":"105","HR":"35","BB":"91","SO":"120","BAOPP":"0.26","ERA":"3.62","IBB":"3","WP":"3","HBP":"4","BK":"0","BFP":"1103","GF":"3","R":"118","SH":"-1","SF":"-1","GIDP":"-1"}},{"pitcher":{,"PLAYERID":"peterga01","YEARID":"1960","STINT":"1","TEAMID":"CHA","LGID":"AL","W":"0","L":"0","G":"2","GS":"0","CG":"0","SHO":"0","SV":"0","IPOUTS":"10","H":"4","ER":"1","HR":"0","BB":"1","SO":"4","BAOPP":"0.28","ERA":"2.7","IBB":"0","WP":"0","HBP":"0","BK":"0","BFP":"15","GF":"0","R":"1","SH":"-1","SF":"-1","GIDP":"-1"}},{"pitcher":{,"PLAYERID":"phillta01","YEARID":"1960","STINT":"1","TEAMID":"PHI","LGID":"NL","W":"0","L":"1","G":"10","GS":"1","CG":"0","SHO":"0","SV":"0","IPOUTS":"42","H":"21","ER":"13","HR":"2","BB":"4","SO":"6","BAOPP":"0.35","ERA":"8.36","IBB":"0","WP":"1","HBP":"1","BK":"0","BFP":"67","GF":"3","R":"13","SH":"-1","SF":"-1","GIDP":"-1"}},{"pitcher":{,"PLAYERID":"pichero01","YEARID":"1960","STINT":"1","TEAMID":"ML1","LGID":"NL","W":"3","L":"5","G":"37","GS":"0","CG":"0","SHO":"0","SV":"9","IPOUTS":"144","H":"48","ER":"19","HR":"3","BB":"23","SO":"38","BAOPP":"0.25","ERA":"3.56","IBB":"4","WP":"2","HBP":"3","BK":"0","BFP":"218","GF":"27","R":"26","SH":"-1","SF":"-1","GIDP":"-1"}},{"pitcher":{,"PLAYERID":"piercbi02","YEARID":"1960","STINT":"1","TEAMID":"CHA","LGID":"AL","W":"14","L":"7","G":"32","GS":"30","CG":"8","SHO":"1","SV":"0","IPOUTS":"589","H":"201","ER":"79","HR":"24","BB":"46","SO":"108","BAOPP":"0.26","ERA":"3.62","IBB":"1","WP":"2","HBP":"0","BK":"0","BFP":"813","GF":"1","R":"81","SH":"-1","SF":"-1","GIDP":"-1"}},{"pitcher":{,"PLAYERID":"pizarju01","YEARID":"1960","STINT":"1","TEAMID":"ML1","LGID":"NL","W":"6","L":"7","G":"21","GS":"17","CG":"3","SHO":"0","SV":"0","IPOUTS":"344","H":"105","ER":"58","HR":"13","BB":"72","SO":"88","BAOPP":"0.24","ERA":"4.55","IBB":"1","WP":"5","HBP":"4","BK":"0","BFP":"514","GF":"2","R":"63","SH":"-1","SF":"-1","GIDP":"-1"}},{"pitcher":{,"PLAYERID":"podrejo01","YEARID":"1960","STINT":"1","TEAMID":"LAN","LGID":"NL","W":"14","L":"12","G":"34","GS":"33","CG":"8","SHO":"1","SV":"0","IPOUTS":"683","H":"217","ER":"78","HR":"25","BB":"71","SO":"159","BAOPP":"0.25","ERA":"3.08","IBB":"9","WP":"7","HBP":"1","BK":"1","BFP":"951","GF":"1","R":"88","SH":"-1","SF":"-1","GIDP":"-1"}},{"pitcher":{,"PLAYERID":"portoar01","YEARID":"1960","STINT":"1","TEAMID":"BAL","LGID":"AL","W":"3","L":"2","G":"13","GS":"5","CG":"1","SHO":"0","SV":"0","IPOUTS":"122","H":"44","ER":"20","HR":"6","BB":"9","SO":"15","BAOPP":"0.27","ERA":"4.43","IBB":"0","WP":"1","HBP":"0","BK":"0","BFP":"170","GF":"6","R":"23","SH":"-1","SF":"-1","GIDP":"-1"}},{"pitcher":{,"PLAYERID":"purkebo01","YEARID":"1960","STINT":"1","TEAMID":"CIN","LGID":"NL","W":"17","L":"11","G":"41","GS":"33","CG":"11","SHO":"1","SV":"0","IPOUTS":"758","H":"259","ER":"101","HR":"23","BB":"59","SO":"97","BAOPP":"0.26","ERA":"3.6","IBB":"5","WP":"2","HBP":"9","BK":"1","BFP":"1064","GF":"3","R":"114","SH":"-1","SF":"-1","GIDP":"-1"}},{"pitcher":{,"PLAYERID":"rakowed01","YEARID":"1960","STINT":"1","TEAMID":"LAN","LGID":"NL","W":"0","L":"1","G":"9","GS":"2","CG":"0","SHO":"0","SV":"0","IPOUTS":"66","H":"30","ER":"18","HR":"5","BB":"11","SO":"9","BAOPP":"0.32","ERA":"7.36","IBB":"3","WP":"1","HBP":"0","BK":"1","BFP":"106","GF":"2","R":"19","SH":"-1","SF":"-1","GIDP":"-1"}},{"pitcher":{,"PLAYERID":"ramospe01","YEARID":"1960","STINT":"1","TEAMID":"WS1","LGID":"AL","W":"11","L":"18","G":"43","GS":"36","CG":"14","SHO":"1","SV":"2","IPOUTS":"822","H":"254","ER":"105","HR":"24","BB":"99","SO":"160","BAOPP":"0.24","ERA":"3.45","IBB":"8","WP":"3","HBP":"7","BK":"0","BFP":"1162","GF":"6","R":"126","SH":"-1","SF":"-1","GIDP":"-1"}},{"pitcher":{,"PLAYERID":"reedho01","YEARID":"1960","STINT":"1","TEAMID":"KC1","LGID":"AL","W":"0","L":"0","G":"1","GS":"0","CG":"0","SHO":"0","SV":"0","IPOUTS":"5","H":"2","ER":"0","HR":"1","BB":"0","SO":"1","BAOPP":"0.28","ERA":"0.0","IBB":"0","WP":"0","HBP":"0","BK":"0","BFP":"7","GF":"0","R":"1","SH":"-1","SF":"-1","GIDP":"-1"}},{"pitcher":{,"PLAYERID":"reganph01","YEARID":"1960","STINT":"1","TEAMID":"DET","LGID":"AL","W":"0","L":"4","G":"17","GS":"7","CG":"0","SHO":"0","SV":"1","IPOUTS":"204","H":"70","ER":"34","HR":"11","BB":"25","SO":"38","BAOPP":"0.26","ERA":"4.5","IBB":"1","WP":"1","HBP":"2","BK":"0","BFP":"295","GF":"3","R":"39","SH":"-1","SF":"-1","GIDP":"-1"}},{"pitcher":{,"PLAYERID":"richadu01","YEARID":"1960","STINT":"1","TEAMID":"CIN","LGID":"NL","W":"0","L":"0","G":"2","GS":"0","CG":"0","SHO":"0","SV":"0","IPOUTS":"9","H":"5","ER":"3","HR":"0","BB":"2","SO":"2","BAOPP":"0.38","ERA":"9.0","IBB":"0","WP":"0","HBP":"0","BK":"0","BFP":"16","GF":"0","R":"4","SH":"-1","SF":"-1","GIDP":"-1"}},{"pitcher":{,"PLAYERID":"roberro01","YEARID":"1960","STINT":"1","TEAMID":"PHI","LGID":"NL","W":"12","L":"16","G":"35","GS":"33","CG":"13","SHO":"2","SV":"1","IPOUTS":"712","H":"256","ER":"106","HR":"31","BB":"34","SO":"122","BAOPP":"0.27","ERA":"4.02","IBB":"7","WP":"0","HBP":"2","BK":"0","BFP":"982","GF":"2","R":"113","SH":"-1","SF":"-1","GIDP":"-1"}},{"pitcher":{,"PLAYERID":"robinhu01","YEARID":"1960","STINT":"1","TEAMID":"PHI","LGID":"NL","W":"0","L":"4","G":"33","GS":"1","CG":"0","SHO":"0","SV":"0","IPOUTS":"149","H":"48","ER":"19","HR":"6","BB":"22","SO":"31","BAOPP":"0.25","ERA":"3.44","IBB":"5","WP":"1","HBP":"0","BK":"0","BFP":"215","GF":"14","R":"24","SH":"-1","SF":"-1","GIDP":"-1"}},{"pitcher":{,"PLAYERID":"roebued01","YEARID":"1960","STINT":"1","TEAMID":"LAN","LGID":"NL","W":"8","L":"3","G":"58","GS":"0","CG":"0","SHO":"0","SV":"8","IPOUTS":"350","H":"109","ER":"36","HR":"13","BB":"38","SO":"77","BAOPP":"0.25","ERA":"2.78","IBB":"11","WP":"4","HBP":"0","BK":"0","BFP":"473","GF":"29","R":"42","SH":"-1","SF":"-1","GIDP":"-1"}},{"pitcher":{,"PLAYERID":"rushbo01","YEARID":"1960","STINT":"1","TEAMID":"ML1","LGID":"NL","W":"2","L":"0","G":"10","GS":"0","CG":"0","SHO":"0","SV":"1","IPOUTS":"45","H":"24","ER":"7","HR":"2","BB":"5","SO":"8","BAOPP":"0.36","ERA":"4.2","IBB":"2","WP":"0","HBP":"0","BK":"0","BFP":"73","GF":"7","R":"9","SH":"-1","SF":"-1","GIDP":"-1"}},{"pitcher":{,"PLAYERID":"rushbo01","YEARID":"1960","STINT":"2","TEAMID":"CHA","LGID":"AL","W":"0","L":"0","G":"9","GS":"0","CG":"0","SHO":"0","SV":"0","IPOUTS":"43","H":"16","ER":"9","HR":"4","BB":"5","SO":"12","BAOPP":"0.3","ERA":"5.65","IBB":"2","WP":"0","HBP":"0","BK":"0","BFP":"61","GF":"6","R":"10","SH":"-1","SF":"-1","GIDP":"-1"}},{"pitcher":{,"PLAYERID":"sadecra01","YEARID":"1960","STINT":"1","TEAMID":"SLN","LGID":"NL","W":"9","L":"9","G":"26","GS":"26","CG":"7","SHO":"1","SV":"0","IPOUTS":"472","H":"148","ER":"66","HR":"15","BB":"86","SO":"95","BAOPP":"0.24","ERA":"3.78","IBB":"1","WP":"8","HBP":"1","BK":"0","BFP":"690","GF":"0","R":"76","SH":"-1","SF":"-1","GIDP":"-1"}},{"pitcher":{,"PLAYERID":"sadowte01","YEARID":"1960","STINT":"1","TEAMID":"WS1","LGID":"AL","W":"1","L":"0","G":"9","GS":"1","CG":"0","SHO":"0","SV":"1","IPOUTS":"52","H":"17","ER":"10","HR":"4","BB":"9","SO":"12","BAOPP":"0.25","ERA":"5.19","IBB":"1","WP":"0","HBP":"1","BK":"0","BFP":"77","GF":"4","R":"10","SH":"-1","SF":"-1","GIDP":"-1"}},{"pitcher":{,"PLAYERID":"sanchra01","YEARID":"1960","STINT":"1","TEAMID":"CIN","LGID":"NL","W":"1","L":"0","G":"8","GS":"0","CG":"0","SHO":"0","SV":"0","IPOUTS":"44","H":"12","ER":"8","HR":"1","BB":"11","SO":"5","BAOPP":"0.22","ERA":"4.91","IBB":"1","WP":"0","HBP":"3","BK":"0","BFP":"68","GF":"1","R":"9","SH":"-1","SF":"-1","GIDP":"-1"}},{"pitcher":{,"PLAYERID":"sanfoja02","YEARID":"1960","STINT":"1","TEAMID":"SFN","LGID":"NL","W":"12","L":"14","G":"37","GS":"34","CG":"11","SHO":"6","SV":"0","IPOUTS":"657","H":"199","ER":"93","HR":"11","BB":"99","SO":"125","BAOPP":"0.24","ERA":"3.82","IBB":"6","WP":"15","HBP":"2","BK":"3","BFP":"940","GF":"2","R":"111","SH":"-1","SF":"-1","GIDP":"-1"}},{"pitcher":{,"PLAYERID":"schafjo01","YEARID":"1960","STINT":"1","TEAMID":"CHN","LGID":"NL","W":"2","L":"3","G":"33","GS":"0","CG":"0","SHO":"0","SV":"3","IPOUTS":"165","H":"46","ER":"17","HR":"2","BB":"17","SO":"33","BAOPP":"0.23","ERA":"2.78","IBB":"2","WP":"1","HBP":"1","BK":"0","BFP":"221","GF":"18","R":"21","SH":"-1","SF":"-1","GIDP":"-1"}},{"pitcher":{,"PLAYERID":"schroal01","YEARID":"1960","STINT":"1","TEAMID":"CHN","LGID":"NL","W":"0","L":"0","G":"2","GS":"0","CG":"0","SHO":"0","SV":"0","IPOUTS":"8","H":"3","ER":"3","HR":"1","BB":"5","SO":"2","BAOPP":"0.27","ERA":"10.13","IBB":"0","WP":"0","HBP":"0","BK":"0","BFP":"16","GF":"0","R":"3","SH":"-1","SF":"-1","GIDP":"-1"}},{"pitcher":{,"PLAYERID":"scorehe01","YEARID":"1960","STINT":"1","TEAMID":"CHA","LGID":"AL","W":"5","L":"10","G":"23","GS":"22","CG":"5","SHO":"1","SV":"0","IPOUTS":"341","H":"91","ER":"47","HR":"10","BB":"87","SO":"78","BAOPP":"0.22","ERA":"3.72","IBB":"0","WP":"8","HBP":"2","BK":"0","BFP":"506","GF":"1","R":"54","SH":"-1","SF":"-1","GIDP":"-1"}},{"pitcher":{,"PLAYERID":"semprra01","YEARID":"1960","STINT":"1","TEAMID":"DET","LGID":"AL","W":"3","L":"0","G":"17","GS":"0","CG":"0","SHO":"0","SV":"0","IPOUTS":"81","H":"29","ER":"12","HR":"2","BB":"16","SO":"9","BAOPP":"0.26","ERA":"4.0","IBB":"0","WP":"2","HBP":"0","BK":"0","BFP":"125","GF":"8","R":"17","SH":"-1","SF":"-1","GIDP":"-1"}},{"pitcher":{,"PLAYERID":"shantbo01","YEARID":"1960","STINT":"1","TEAMID":"NYA","LGID":"AL","W":"5","L":"4","G":"42","GS":"0","CG":"0","SHO":"0","SV":"11","IPOUTS":"203","H":"57","ER":"21","HR":"5","BB":"24","SO":"54","BAOPP":"0.23","ERA":"2.79","IBB":"4","WP":"3","HBP":"2","BK":"0","BFP":"280","GF":"21","R":"24","SH":"-1","SF":"-1","GIDP":"-1"}},{"pitcher":{,"PLAYERID":"shawbo01","YEARID":"1960","STINT":"1","TEAMID":"CHA","LGID":"AL","W":"13","L":"13","G":"36","GS":"32","CG":"7","SHO":"1","SV":"0","IPOUTS":"578","H":"221","ER":"87","HR":"16","BB":"62","SO":"46","BAOPP":"0.29","ERA":"4.06","IBB":"3","WP":"0","HBP":"3","BK":"0","BFP":"840","GF":"2","R":"97","SH":"-1","SF":"-1","GIDP":"-1"}},{"pitcher":{,"PLAYERID":"sherrla01","YEARID":"1960","STINT":"1","TEAMID":"LAN","LGID":"NL","W":"14","L":"10","G":"57","GS":"3","CG":"1","SHO":"0","SV":"7","IPOUTS":"427","H":"125","ER":"60","HR":"14","BB":"82","SO":"114","BAOPP":"0.23","ERA":"3.79","IBB":"15","WP":"6","HBP":"6","BK":"0","BFP":"622","GF":"38","R":"65","SH":"-1","SF":"-1","GIDP":"-1"}},{"pitcher":{,"PLAYERID":"shipljo01","YEARID":"1960","STINT":"1","TEAMID":"SFN","LGID":"NL","W":"0","L":"0","G":"15","GS":"0","CG":"0","SHO":"0","SV":"0","IPOUTS":"60","H":"20","ER":"12","HR":"2","BB":"9","SO":"9","BAOPP":"0.27","ERA":"5.4","IBB":"1","WP":"1","HBP":"3","BK":"1","BFP":"87","GF":"6","R":"13","SH":"-1","SF":"-1","GIDP":"-1"}},{"pitcher":{,"PLAYERID":"shortbi01","YEARID":"1960","STINT":"1","TEAMID":"NYA","LGID":"AL","W":"3","L":"5","G":"10","GS":"10","CG":"2","SHO":"0","SV":"0","IPOUTS":"141","H":"49","ER":"25","HR":"5","BB":"30","SO":"14","BAOPP":"0.28","ERA":"4.79","IBB":"1","WP":"1","HBP":"1","BK":"0","BFP":"210","GF":"0","R":"25","SH":"-1","SF":"-1","GIDP":"-1"}},{"pitcher":{,"PLAYERID":"shortch02","YEARID":"1960","STINT":"1","TEAMID":"PHI","LGID":"NL","W":"6","L":"9","G":"42","GS":"10","CG":"2","SHO":"0","SV":"3","IPOUTS":"322","H":"101","ER":"47","HR":"8","BB":"52","SO":"54","BAOPP":"0.24","ERA":"3.94","IBB":"5","WP":"6","HBP":"3","BK":"0","BFP":"467","GF":"13","R":"55","SH":"-1","SF":"-1","GIDP":"-1"}},{"pitcher":{,"PLAYERID":"simmocu01","YEARID":"1960","STINT":"2","TEAMID":"SLN","LGID":"NL","W":"7","L":"4","G":"23","GS":"17","CG":"3","SHO":"1","SV":"0","IPOUTS":"456","H":"149","ER":"45","HR":"11","BB":"31","SO":"63","BAOPP":"0.25","ERA":"2.66","IBB":"6","WP":"3","HBP":"0","BK":"1","BFP":"617","GF":"2","R":"50","SH":"-1","SF":"-1","GIDP":"-1"}},{"pitcher":{,"PLAYERID":"simmocu01","YEARID":"1960","STINT":"1","TEAMID":"PHI","LGID":"NL","W":"0","L":"0","G":"4","GS":"2","CG":"0","SHO":"0","SV":"0","IPOUTS":"12","H":"13","ER":"8","HR":"3","BB":"6","SO":"4","BAOPP":"0.54","ERA":"18.0","IBB":"0","WP":"0","HBP":"0","BK":"0","BFP":"31","GF":"0","R":"8","SH":"-1","SF":"-1","GIDP":"-1"}},{"pitcher":{,"PLAYERID":"sisleda01","YEARID":"1960","STINT":"1","TEAMID":"DET","LGID":"AL","W":"7","L":"5","G":"41","GS":"0","CG":"0","SHO":"0","SV":"6","IPOUTS":"240","H":"56","ER":"22","HR":"3","BB":"45","SO":"47","BAOPP":"0.19","ERA":"2.48","IBB":"1","WP":"9","HBP":"2","BK":"0","BFP":"334","GF":"19","R":"23","SH":"-1","SF":"-1","GIDP":"-1"}},{"pitcher":{,"PLAYERID":"spahnwa01","YEARID":"1960","STINT":"1","TEAMID":"ML1","LGID":"NL","W":"21","L":"10","G":"40","GS":"33","CG":"18","SHO":"4","SV":"2","IPOUTS":"803","H":"254","ER":"104","HR":"24","BB":"74","SO":"154","BAOPP":"0.25","ERA":"3.5","IBB":"9","WP":"1","HBP":"4","BK":"0","BFP":"1110","GF":"5","R":"114","SH":"-1","SF":"-1","GIDP":"-1"}},{"pitcher":{,"PLAYERID":"spencge01","YEARID":"1960","STINT":"1","TEAMID":"DET","LGID":"AL","W":"0","L":"1","G":"5","GS":"0","CG":"0","SHO":"0","SV":"0","IPOUTS":"23","H":"10","ER":"3","HR":"1","BB":"5","SO":"4","BAOPP":"0.32","ERA":"3.52","IBB":"1","WP":"0","HBP":"0","BK":"0","BFP":"37","GF":"3","R":"3","SH":"-1","SF":"-1","GIDP":"-1"}},{"pitcher":{,"PLAYERID":"staffbi01","YEARID":"1960","STINT":"1","TEAMID":"NYA","LGID":"AL","W":"3","L":"1","G":"11","GS":"8","CG":"2","SHO":"1","SV":"0","IPOUTS":"180","H":"50","ER":"15","HR":"3","BB":"18","SO":"36","BAOPP":"0.22","ERA":"2.25","IBB":"0","WP":"0","HBP":"1","BK":"0","BFP":"246","GF":"0","R":"17","SH":"-1","SF":"-1","GIDP":"-1"}},{"pitcher":{,"PLAYERID":"stalege01","YEARID":"1960","STINT":"1","TEAMID":"CHA","LGID":"AL","W":"13","L":"8","G":"64","GS":"0","CG":"0","SHO":"0","SV":"10","IPOUTS":"346","H":"94","ER":"31","HR":"8","BB":"25","SO":"52","BAOPP":"0.22","ERA":"2.42","IBB":"7","WP":"1","HBP":"3","BK":"0","BFP":"461","GF":"45","R":"40","SH":"-1","SF":"-1","GIDP":"-1"}},{"pitcher":{,"PLAYERID":"stalltr01","YEARID":"1960","STINT":"1","TEAMID":"BOS","LGID":"AL","W":"0","L":"0","G":"4","GS":"0","CG":"0","SHO":"0","SV":"0","IPOUTS":"12","H":"0","ER":"0","HR":"0","BB":"2","SO":"6","BAOPP":"0.0","ERA":"0.0","IBB":"0","WP":"0","HBP":"0","BK":"0","BFP":"15","GF":"4","R":"0","SH":"-1","SF":"-1","GIDP":"-1"}},{"pitcher":{,"PLAYERID":"stigmdi01","YEARID":"1960","STINT":"1","TEAMID":"CLE","LGID":"AL","W":"5","L":"11","G":"41","GS":"18","CG":"3","SHO":"0","SV":"9","IPOUTS":"401","H":"118","ER":"67","HR":"13","BB":"87","SO":"104","BAOPP":"0.23","ERA":"4.51","IBB":"1","WP":"7","HBP":"0","BK":"0","BFP":"597","GF":"16","R":"78","SH":"-1","SF":"-1","GIDP":"-1"}},{"pitcher":{,"PLAYERID":"stobbch01","YEARID":"1960","STINT":"1","TEAMID":"WS1","LGID":"AL","W":"12","L":"7","G":"40","GS":"13","CG":"1","SHO":"1","SV":"2","IPOUTS":"358","H":"115","ER":"44","HR":"13","BB":"38","SO":"72","BAOPP":"0.25","ERA":"3.32","IBB":"4","WP":"2","HBP":"3","BK":"0","BFP":"510","GF":"13","R":"54","SH":"-1","SF":"-1","GIDP":"-1"}},{"pitcher":{,"PLAYERID":"stockwe01","YEARID":"1960","STINT":"1","TEAMID":"BAL","LGID":"AL","W":"2","L":"2","G":"17","GS":"0","CG":"0","SHO":"0","SV":"2","IPOUTS":"103","H":"26","ER":"11","HR":"2","BB":"14","SO":"23","BAOPP":"0.21","ERA":"2.88","IBB":"1","WP":"0","HBP":"1","BK":"0","BFP":"137","GF":"9","R":"11","SH":"-1","SF":"-1","GIDP":"-1"}},{"pitcher":{,"PLAYERID":"stoweha01","YEARID":"1960","STINT":"1","TEAMID":"NYA","LGID":"AL","W":"0","L":"0","G":"1","GS":"0","CG":"0","SHO":"0","SV":"0","IPOUTS":"3","H":"0","ER":"1","HR":"0","BB":"1","SO":"0","BAOPP":"0.0","ERA":"9.0","IBB":"0","WP":"0","HBP":"0","BK":"1","BFP":"4","GF":"0","R":"1","SH":"-1","SF":"-1","GIDP":"-1"}},{"pitcher":{,"PLAYERID":"strikja01","YEARID":"1960","STINT":"1","TEAMID":"CHA","LGID":"AL","W":"0","L":"0","G":"2","GS":"0","CG":"0","SHO":"0","SV":"0","IPOUTS":"11","H":"5","ER":"2","HR":"1","BB":"1","SO":"1","BAOPP":"0.35","ERA":"4.91","IBB":"0","WP":"0","HBP":"1","BK":"0","BFP":"16","GF":"1","R":"3","SH":"-1","SF":"-1","GIDP":"-1"}},{"pitcher":{,"PLAYERID":"sturdto01","YEARID":"1960","STINT":"1","TEAMID":"BOS","LGID":"AL","W":"3","L":"3","G":"40","GS":"3","CG":"0","SHO":"0","SV":"1","IPOUTS":"304","H":"106","ER":"56","HR":"16","BB":"45","SO":"67","BAOPP":"0.27","ERA":"4.97","IBB":"5","WP":"5","HBP":"2","BK":"0","BFP":"443","GF":"14","R":"58","SH":"-1","SF":"-1","GIDP":"-1"}},{"pitcher":{,"PLAYERID":"sullifr01","YEARID":"1960","STINT":"1","TEAMID":"BOS","LGID":"AL","W":"6","L":"16","G":"40","GS":"22","CG":"4","SHO":"0","SV":"1","IPOUTS":"461","H":"164","ER":"87","HR":"12","BB":"52","SO":"98","BAOPP":"0.26","ERA":"5.1","IBB":"6","WP":"3","HBP":"6","BK":"0","BFP":"678","GF":"4","R":"94","SH":"-1","SF":"-1","GIDP":"-1"}},{"pitcher":{,"PLAYERID":"terryra01","YEARID":"1960","STINT":"1","TEAMID":"NYA","LGID":"AL","W":"10","L":"8","G":"35","GS":"23","CG":"7","SHO":"3","SV":"1","IPOUTS":"500","H":"149","ER":"63","HR":"15","BB":"52","SO":"92","BAOPP":"0.23","ERA":"3.4","IBB":"3","WP":"3","HBP":"4","BK":"0","BFP":"687","GF":"7","R":"78","SH":"-1","SF":"-1","GIDP":"-1"}},{"pitcher":{,"PLAYERID":"thomaca01","YEARID":"1960","STINT":"1","TEAMID":"CLE","LGID":"AL","W":"1","L":"0","G":"4","GS":"0","CG":"0","SHO":"0","SV":"0","IPOUTS":"29","H":"8","ER":"8","HR":"1","BB":"10","SO":"5","BAOPP":"0.22","ERA":"7.45","IBB":"0","WP":"1","HBP":"1","BK":"0","BFP":"47","GF":"1","R":"8","SH":"-1","SF":"-1","GIDP":"-1"}},{"pitcher":{,"PLAYERID":"tiefebo01","YEARID":"1960","STINT":"1","TEAMID":"CLE","LGID":"AL","W":"0","L":"1","G":"6","GS":"0","CG":"0","SHO":"0","SV":"0","IPOUTS":"27","H":"8","ER":"2","HR":"0","BB":"3","SO":"2","BAOPP":"0.24","ERA":"2.0","IBB":"0","WP":"0","HBP":"0","BK":"0","BFP":"37","GF":"4","R":"2","SH":"-1","SF":"-1","GIDP":"-1"}},{"pitcher":{,"PLAYERID":"trowbbo01","YEARID":"1960","STINT":"1","TEAMID":"KC1","LGID":"AL","W":"1","L":"3","G":"22","GS":"1","CG":"0","SHO":"0","SV":"2","IPOUTS":"205","H":"70","ER":"35","HR":"6","BB":"34","SO":"33","BAOPP":"0.28","ERA":"4.61","IBB":"3","WP":"5","HBP":"1","BK":"0","BFP":"298","GF":"5","R":"41","SH":"-1","SF":"-1","GIDP":"-1"}},{"pitcher":{,"PLAYERID":"tsitojo01","YEARID":"1960","STINT":"1","TEAMID":"KC1","LGID":"AL","W":"0","L":"2","G":"14","GS":"2","CG":"0","SHO":"0","SV":"0","IPOUTS":"99","H":"38","ER":"24","HR":"3","BB":"21","SO":"12","BAOPP":"0.29","ERA":"6.55","IBB":"1","WP":"5","HBP":"8","BK":"0","BFP":"165","GF":"4","R":"25","SH":"-1","SF":"-1","GIDP":"-1"}},{"pitcher":{,"PLAYERID":"turlebo01","YEARID":"1960","STINT":"1","TEAMID":"NYA","LGID":"AL","W":"9","L":"3","G":"34","GS":"24","CG":"4","SHO":"1","SV":"5","IPOUTS":"520","H":"138","ER":"63","HR":"14","BB":"87","SO":"87","BAOPP":"0.22","ERA":"3.27","IBB":"3","WP":"6","HBP":"5","BK":"1","BFP":"727","GF":"6","R":"67","SH":"-1","SF":"-1","GIDP":"-1"}},{"pitcher":{,"PLAYERID":"umbriji01","YEARID":"1960","STINT":"1","TEAMID":"PIT","LGID":"NL","W":"1","L":"2","G":"17","GS":"3","CG":"0","SHO":"0","SV":"1","IPOUTS":"122","H":"40","ER":"23","HR":"5","BB":"27","SO":"26","BAOPP":"0.27","ERA":"5.09","IBB":"1","WP":"3","HBP":"0","BK":"0","BFP":"180","GF":"5","R":"23","SH":"-1","SF":"-1","GIDP":"-1"}},{"pitcher":{,"PLAYERID":"walkeje01","YEARID":"1960","STINT":"1","TEAMID":"BAL","LGID":"AL","W":"3","L":"4","G":"29","GS":"18","CG":"1","SHO":"0","SV":"5","IPOUTS":"354","H":"107","ER":"49","HR":"15","BB":"56","SO":"48","BAOPP":"0.24","ERA":"3.74","IBB":"0","WP":"0","HBP":"3","BK":"0","BFP":"502","GF":"8","R":"53","SH":"-1","SF":"-1","GIDP":"-1"}},{"pitcher":{,"PLAYERID":"wickeda01","YEARID":"1960","STINT":"1","TEAMID":"KC1","LGID":"AL","W":"0","L":"0","G":"5","GS":"0","CG":"0","SHO":"0","SV":"2","IPOUTS":"25","H":"4","ER":"1","HR":"0","BB":"1","SO":"3","BAOPP":"0.14","ERA":"1.08","IBB":"0","WP":"0","HBP":"0","BK":"1","BFP":"28","GF":"5","R":"1","SH":"-1","SF":"-1","GIDP":"-1"}},{"pitcher":{,"PLAYERID":"wieante01","YEARID":"1960","STINT":"1","TEAMID":"CIN","LGID":"NL","W":"0","L":"1","G":"5","GS":"0","CG":"0","SHO":"0","SV":"0","IPOUTS":"13","H":"4","ER":"5","HR":"2","BB":"5","SO":"3","BAOPP":"0.25","ERA":"10.38","IBB":"1","WP":"0","HBP":"0","BK":"0","BFP":"21","GF":"3","R":"5","SH":"-1","SF":"-1","GIDP":"-1"}},{"pitcher":{,"PLAYERID":"wilheho01","YEARID":"1960","STINT":"1","TEAMID":"BAL","LGID":"AL","W":"11","L":"8","G":"41","GS":"11","CG":"3","SHO":"1","SV":"7","IPOUTS":"441","H":"125","ER":"54","HR":"13","BB":"39","SO":"107","BAOPP":"0.22","ERA":"3.31","IBB":"0","WP":"6","HBP":"1","BK":"1","BFP":"599","GF":"24","R":"69","SH":"-1","SF":"-1","GIDP":"-1"}},{"pitcher":{,"PLAYERID":"willeca01","YEARID":"1960","STINT":"1","TEAMID":"ML1","LGID":"NL","W":"6","L":"7","G":"28","GS":"21","CG":"2","SHO":"1","SV":"0","IPOUTS":"434","H":"136","ER":"70","HR":"19","BB":"65","SO":"109","BAOPP":"0.24","ERA":"4.35","IBB":"5","WP":"7","HBP":"7","BK":"1","BFP":"634","GF":"2","R":"78","SH":"-1","SF":"-1","GIDP":"-1"}},{"pitcher":{,"PLAYERID":"willist02","YEARID":"1960","STINT":"1","TEAMID":"LAN","LGID":"NL","W":"14","L":"10","G":"38","GS":"30","CG":"9","SHO":"2","SV":"1","IPOUTS":"622","H":"162","ER":"69","HR":"26","BB":"72","SO":"175","BAOPP":"0.21","ERA":"3.0","IBB":"1","WP":"7","HBP":"5","BK":"2","BFP":"858","GF":"6","R":"84","SH":"-1","SF":"-1","GIDP":"-1"}},{"pitcher":{,"PLAYERID":"willste01","YEARID":"1960","STINT":"1","TEAMID":"BOS","LGID":"AL","W":"1","L":"1","G":"15","GS":"0","CG":"0","SHO":"0","SV":"1","IPOUTS":"91","H":"38","ER":"25","HR":"4","BB":"16","SO":"28","BAOPP":"0.31","ERA":"7.42","IBB":"1","WP":"4","HBP":"3","BK":"0","BFP":"143","GF":"8","R":"26","SH":"-1","SF":"-1","GIDP":"-1"}},{"pitcher":{,"PLAYERID":"wilsoea01","YEARID":"1960","STINT":"1","TEAMID":"BOS","LGID":"AL","W":"3","L":"2","G":"13","GS":"9","CG":"2","SHO":"0","SV":"0","IPOUTS":"195","H":"61","ER":"34","HR":"4","BB":"48","SO":"40","BAOPP":"0.24","ERA":"4.71","IBB":"1","WP":"4","HBP":"0","BK":"2","BFP":"301","GF":"1","R":"36","SH":"-1","SF":"-1","GIDP":"-1"}},{"pitcher":{,"PLAYERID":"wittge01","YEARID":"1960","STINT":"1","TEAMID":"PIT","LGID":"NL","W":"1","L":"2","G":"10","GS":"6","CG":"0","SHO":"0","SV":"0","IPOUTS":"90","H":"33","ER":"14","HR":"3","BB":"12","SO":"15","BAOPP":"0.3","ERA":"4.2","IBB":"0","WP":"0","HBP":"0","BK":"0","BFP":"128","GF":"0","R":"18","SH":"-1","SF":"-1","GIDP":"-1"}},{"pitcher":{,"PLAYERID":"woodeha01","YEARID":"1960","STINT":"1","TEAMID":"WS1","LGID":"AL","W":"4","L":"5","G":"41","GS":"14","CG":"1","SHO":"0","SV":"4","IPOUTS":"345","H":"131","ER":"60","HR":"7","BB":"60","SO":"46","BAOPP":"0.28","ERA":"4.7","IBB":"3","WP":"4","HBP":"3","BK":"0","BFP":"527","GF":"14","R":"67","SH":"-1","SF":"-1","GIDP":"-1"}},{"pitcher":{,"PLAYERID":"worthal01","YEARID":"1960","STINT":"2","TEAMID":"CHA","LGID":"AL","W":"1","L":"1","G":"4","GS":"0","CG":"0","SHO":"0","SV":"0","IPOUTS":"16","H":"3","ER":"2","HR":"0","BB":"4","SO":"1","BAOPP":"0.17","ERA":"3.38","IBB":"0","WP":"0","HBP":"0","BK":"0","BFP":"24","GF":"3","R":"2","SH":"-1","SF":"-1","GIDP":"-1"}},{"pitcher":{,"PLAYERID":"worthal01","YEARID":"1960","STINT":"1","TEAMID":"BOS","LGID":"AL","W":"0","L":"1","G":"6","GS":"0","CG":"0","SHO":"0","SV":"0","IPOUTS":"35","H":"17","ER":"10","HR":"1","BB":"11","SO":"7","BAOPP":"0.34","ERA":"7.71","IBB":"3","WP":"3","HBP":"0","BK":"0","BFP":"62","GF":"2","R":"12","SH":"-1","SF":"-1","GIDP":"-1"}},{"pitcher":{,"PLAYERID":"wrighme01","YEARID":"1960","STINT":"1","TEAMID":"CHN","LGID":"NL","W":"0","L":"1","G":"9","GS":"0","CG":"0","SHO":"0","SV":"2","IPOUTS":"49","H":"17","ER":"9","HR":"1","BB":"3","SO":"8","BAOPP":"0.27","ERA":"4.96","IBB":"1","WP":"0","HBP":"0","BK":"0","BFP":"67","GF":"6","R":"9","SH":"-1","SF":"-1","GIDP":"-1"}},{"pitcher":{,"PLAYERID":"wynnea01","YEARID":"1960","STINT":"1","TEAMID":"CHA","LGID":"AL","W":"13","L":"12","G":"36","GS":"35","CG":"13","SHO":"4","SV":"1","IPOUTS":"712","H":"220","ER":"92","HR":"20","BB":"112","SO":"158","BAOPP":"0.24","ERA":"3.49","IBB":"2","WP":"1","HBP":"4","BK":"0","BFP":"1024","GF":"1","R":"105","SH":"-1","SF":"-1","GIDP":"-1"}}]