{"pitchers":[{"pitcher":{,"PLAYERID":"aberal01","YEARID":"1956","STINT":"1","TEAMID":"DET","LGID":"AL","W":"4","L":"4","G":"42","GS":"0","CG":"0","SHO":"0","SV":"7","IPOUTS":"189","H":"65","ER":"24","HR":"1","BB":"25","SO":"21","BAOPP":"0.27","ERA":"3.43","IBB":"6","WP":"2","HBP":"2","BK":"0","BFP":"281","GF":"28","R":"30","SH":"-1","SF":"-1","GIDP":"-1"}},{"pitcher":{,"PLAYERID":"abernte02","YEARID":"1956","STINT":"1","TEAMID":"WS1","LGID":"AL","W":"1","L":"3","G":"5","GS":"4","CG":"2","SHO":"0","SV":"0","IPOUTS":"91","H":"35","ER":"14","HR":"2","BB":"10","SO":"18","BAOPP":"0.29","ERA":"4.15","IBB":"0","WP":"0","HBP":"1","BK":"0","BFP":"132","GF":"0","R":"16","SH":"-1","SF":"-1","GIDP":"-1"}},{"pitcher":{,"PLAYERID":"ackerto01","YEARID":"1956","STINT":"1","TEAMID":"CIN","LGID":"NL","W":"4","L":"3","G":"29","GS":"7","CG":"1","SHO":"1","SV":"1","IPOUTS":"251","H":"60","ER":"22","HR":"7","BB":"29","SO":"54","BAOPP":"0.2","ERA":"2.37","IBB":"1","WP":"0","HBP":"2","BK":"0","BFP":"338","GF":"3","R":"23","SH":"-1","SF":"-1","GIDP":"-1"}},{"pitcher":{,"PLAYERID":"aguirha01","YEARID":"1956","STINT":"1","TEAMID":"CLE","LGID":"AL","W":"3","L":"5","G":"16","GS":"9","CG":"2","SHO":"1","SV":"1","IPOUTS":"196","H":"63","ER":"27","HR":"7","BB":"27","SO":"31","BAOPP":"0.25","ERA":"3.72","IBB":"1","WP":"3","HBP":"1","BK":"2","BFP":"282","GF":"3","R":"35","SH":"-1","SF":"-1","GIDP":"-1"}},{"pitcher":{,"PLAYERID":"antonjo02","YEARID":"1956","STINT":"1","TEAMID":"NY1","LGID":"NL","W":"20","L":"13","G":"41","GS":"36","CG":"15","SHO":"5","SV":"1","IPOUTS":"775","H":"225","ER":"82","HR":"20","BB":"75","SO":"145","BAOPP":"0.23","ERA":"2.86","IBB":"10","WP":"6","HBP":"3","BK":"0","BFP":"1061","GF":"5","R":"93","SH":"-1","SF":"-1","GIDP":"-1"}},{"pitcher":{,"PLAYERID":"arroylu01","YEARID":"1956","STINT":"1","TEAMID":"PIT","LGID":"NL","W":"3","L":"3","G":"18","GS":"2","CG":"1","SHO":"0","SV":"0","IPOUTS":"86","H":"36","ER":"15","HR":"5","BB":"12","SO":"17","BAOPP":"0.29","ERA":"4.71","IBB":"1","WP":"0","HBP":"0","BK":"0","BFP":"134","GF":"4","R":"17","SH":"-1","SF":"-1","GIDP":"-1"}},{"pitcher":{,"PLAYERID":"baumafr01","YEARID":"1956","STINT":"1","TEAMID":"BOS","LGID":"AL","W":"2","L":"1","G":"7","GS":"1","CG":"0","SHO":"0","SV":"0","IPOUTS":"74","H":"22","ER":"9","HR":"3","BB":"14","SO":"18","BAOPP":"0.23","ERA":"3.28","IBB":"0","WP":"2","HBP":"0","BK":"0","BFP":"108","GF":"3","R":"11","SH":"-1","SF":"-1","GIDP":"-1"}},{"pitcher":{,"PLAYERID":"beamoch01","YEARID":"1956","STINT":"1","TEAMID":"BAL","LGID":"AL","W":"2","L":"0","G":"2","GS":"1","CG":"1","SHO":"1","SV":"0","IPOUTS":"39","H":"9","ER":"2","HR":"0","BB":"8","SO":"14","BAOPP":"0.19","ERA":"1.38","IBB":"0","WP":"0","HBP":"0","BK":"0","BFP":"55","GF":"1","R":"2","SH":"-1","SF":"-1","GIDP":"-1"}},{"pitcher":{,"PLAYERID":"besanfr01","YEARID":"1956","STINT":"1","TEAMID":"BAL","LGID":"AL","W":"1","L":"0","G":"7","GS":"2","CG":"0","SHO":"0","SV":"0","IPOUTS":"53","H":"22","ER":"11","HR":"0","BB":"14","SO":"7","BAOPP":"0.31","ERA":"5.6","IBB":"0","WP":"1","HBP":"2","BK":"0","BFP":"93","GF":"1","R":"12","SH":"-1","SF":"-1","GIDP":"-1"}},{"pitcher":{,"PLAYERID":"bessedo01","YEARID":"1956","STINT":"1","TEAMID":"BRO","LGID":"NL","W":"4","L":"3","G":"38","GS":"0","CG":"0","SHO":"0","SV":"9","IPOUTS":"238","H":"63","ER":"22","HR":"5","BB":"31","SO":"52","BAOPP":"0.22","ERA":"2.5","IBB":"6","WP":"4","HBP":"0","BK":"0","BFP":"324","GF":"21","R":"23","SH":"-1","SF":"-1","GIDP":"-1"}},{"pitcher":{,"PLAYERID":"birreba01","YEARID":"1956","STINT":"1","TEAMID":"BAL","LGID":"AL","W":"0","L":"0","G":"4","GS":"0","CG":"0","SHO":"0","SV":"0","IPOUTS":"16","H":"9","ER":"4","HR":"0","BB":"1","SO":"1","BAOPP":"0.36","ERA":"6.75","IBB":"0","WP":"0","HBP":"0","BK":"0","BFP":"26","GF":"2","R":"5","SH":"-1","SF":"-1","GIDP":"-1"}},{"pitcher":{,"PLAYERID":"blackbu01","YEARID":"1956","STINT":"1","TEAMID":"DET","LGID":"AL","W":"1","L":"1","G":"5","GS":"1","CG":"0","SHO":"0","SV":"0","IPOUTS":"30","H":"10","ER":"4","HR":"2","BB":"5","SO":"7","BAOPP":"0.25","ERA":"3.6","IBB":"0","WP":"1","HBP":"0","BK":"0","BFP":"45","GF":"2","R":"4","SH":"-1","SF":"-1","GIDP":"-1"}},{"pitcher":{,"PLAYERID":"blackjo02","YEARID":"1956","STINT":"1","TEAMID":"CIN","LGID":"NL","W":"3","L":"2","G":"32","GS":"0","CG":"0","SHO":"0","SV":"2","IPOUTS":"185","H":"61","ER":"31","HR":"11","BB":"25","SO":"27","BAOPP":"0.25","ERA":"4.52","IBB":"3","WP":"0","HBP":"0","BK":"0","BFP":"264","GF":"11","R":"31","SH":"-1","SF":"-1","GIDP":"-1"}},{"pitcher":{,"PLAYERID":"blaylbo01","YEARID":"1956","STINT":"1","TEAMID":"SLN","LGID":"NL","W":"1","L":"6","G":"14","GS":"6","CG":"0","SHO":"0","SV":"0","IPOUTS":"123","H":"45","ER":"29","HR":"7","BB":"24","SO":"39","BAOPP":"0.27","ERA":"6.37","IBB":"1","WP":"0","HBP":"0","BK":"0","BFP":"189","GF":"3","R":"32","SH":"-1","SF":"-1","GIDP":"-1"}},{"pitcher":{,"PLAYERID":"bradfbi01","YEARID":"1956","STINT":"1","TEAMID":"KC1","LGID":"AL","W":"0","L":"0","G":"1","GS":"0","CG":"0","SHO":"0","SV":"0","IPOUTS":"6","H":"2","ER":"2","HR":"2","BB":"1","SO":"0","BAOPP":"0.25","ERA":"9.0","IBB":"0","WP":"0","HBP":"0","BK":"0","BFP":"9","GF":"1","R":"2","SH":"-1","SF":"-1","GIDP":"-1"}},{"pitcher":{,"PLAYERID":"bradyji01","YEARID":"1956","STINT":"1","TEAMID":"DET","LGID":"AL","W":"0","L":"0","G":"6","GS":"0","CG":"0","SHO":"0","SV":"0","IPOUTS":"19","H":"15","ER":"20","HR":"3","BB":"11","SO":"3","BAOPP":"0.48","ERA":"28.42","IBB":"1","WP":"0","HBP":"0","BK":"0","BFP":"43","GF":"3","R":"21","SH":"-1","SF":"-1","GIDP":"-1"}},{"pitcher":{,"PLAYERID":"brancra01","YEARID":"1956","STINT":"1","TEAMID":"BRO","LGID":"NL","W":"0","L":"0","G":"1","GS":"0","CG":"0","SHO":"0","SV":"0","IPOUTS":"6","H":"1","ER":"0","HR":"0","BB":"2","SO":"2","BAOPP":"0.14","ERA":"0.0","IBB":"0","WP":"0","HBP":"0","BK":"0","BFP":"9","GF":"1","R":"0","SH":"-1","SF":"-1","GIDP":"-1"}},{"pitcher":{,"PLAYERID":"breweto01","YEARID":"1956","STINT":"1","TEAMID":"BOS","LGID":"AL","W":"19","L":"9","G":"32","GS":"32","CG":"15","SHO":"4","SV":"0","IPOUTS":"733","H":"200","ER":"95","HR":"14","BB":"112","SO":"127","BAOPP":"0.22","ERA":"3.5","IBB":"6","WP":"5","HBP":"5","BK":"0","BFP":"1039","GF":"0","R":"103","SH":"-1","SF":"-1","GIDP":"-1"}},{"pitcher":{,"PLAYERID":"briggjo01","YEARID":"1956","STINT":"1","TEAMID":"CHN","LGID":"NL","W":"0","L":"0","G":"3","GS":"0","CG":"0","SHO":"0","SV":"0","IPOUTS":"16","H":"5","ER":"1","HR":"1","BB":"4","SO":"1","BAOPP":"0.23","ERA":"1.69","IBB":"1","WP":"0","HBP":"3","BK":"0","BFP":"28","GF":"1","R":"1","SH":"-1","SF":"-1","GIDP":"-1"}},{"pitcher":{,"PLAYERID":"brododi01","YEARID":"1956","STINT":"1","TEAMID":"WS1","LGID":"AL","W":"0","L":"3","G":"7","GS":"3","CG":"1","SHO":"0","SV":"0","IPOUTS":"53","H":"31","ER":"18","HR":"5","BB":"12","SO":"8","BAOPP":"0.39","ERA":"9.17","IBB":"0","WP":"0","HBP":"0","BK":"0","BFP":"94","GF":"2","R":"18","SH":"-1","SF":"-1","GIDP":"-1"}},{"pitcher":{,"PLAYERID":"brosnji01","YEARID":"1956","STINT":"1","TEAMID":"CHN","LGID":"NL","W":"5","L":"9","G":"30","GS":"10","CG":"1","SHO":"1","SV":"1","IPOUTS":"285","H":"95","ER":"40","HR":"9","BB":"45","SO":"51","BAOPP":"0.27","ERA":"3.79","IBB":"8","WP":"2","HBP":"0","BK":"0","BFP":"411","GF":"11","R":"44","SH":"-1","SF":"-1","GIDP":"-1"}},{"pitcher":{,"PLAYERID":"brownha01","YEARID":"1956","STINT":"1","TEAMID":"BAL","LGID":"AL","W":"9","L":"7","G":"35","GS":"14","CG":"4","SHO":"1","SV":"2","IPOUTS":"455","H":"142","ER":"68","HR":"18","BB":"37","SO":"57","BAOPP":"0.24","ERA":"4.04","IBB":"3","WP":"5","HBP":"1","BK":"1","BFP":"620","GF":"11","R":"72","SH":"-1","SF":"-1","GIDP":"-1"}},{"pitcher":{,"PLAYERID":"brunege01","YEARID":"1956","STINT":"1","TEAMID":"KC1","LGID":"AL","W":"0","L":"0","G":"6","GS":"1","CG":"0","SHO":"0","SV":"0","IPOUTS":"27","H":"10","ER":"7","HR":"1","BB":"11","SO":"5","BAOPP":"0.28","ERA":"7.0","IBB":"0","WP":"0","HBP":"0","BK":"0","BFP":"47","GF":"1","R":"8","SH":"-1","SF":"-1","GIDP":"-1"}},{"pitcher":{,"PLAYERID":"buhlbo01","YEARID":"1956","STINT":"1","TEAMID":"ML1","LGID":"NL","W":"18","L":"8","G":"38","GS":"33","CG":"13","SHO":"2","SV":"0","IPOUTS":"650","H":"190","ER":"80","HR":"18","BB":"105","SO":"86","BAOPP":"0.23","ERA":"3.32","IBB":"7","WP":"3","HBP":"2","BK":"1","BFP":"924","GF":"0","R":"96","SH":"-1","SF":"-1","GIDP":"-1"}},{"pitcher":{,"PLAYERID":"bunniji01","YEARID":"1956","STINT":"1","TEAMID":"DET","LGID":"AL","W":"5","L":"1","G":"15","GS":"3","CG":"0","SHO":"0","SV":"1","IPOUTS":"160","H":"55","ER":"22","HR":"6","BB":"28","SO":"34","BAOPP":"0.25","ERA":"3.71","IBB":"4","WP":"3","HBP":"0","BK":"0","BFP":"245","GF":"5","R":"24","SH":"-1","SF":"-1","GIDP":"-1"}},{"pitcher":{,"PLAYERID":"burdele01","YEARID":"1956","STINT":"1","TEAMID":"ML1","LGID":"NL","W":"19","L":"10","G":"39","GS":"35","CG":"16","SHO":"6","SV":"1","IPOUTS":"769","H":"234","ER":"77","HR":"22","BB":"52","SO":"110","BAOPP":"0.24","ERA":"2.7","IBB":"7","WP":"2","HBP":"3","BK":"0","BFP":"1035","GF":"2","R":"92","SH":"-1","SF":"-1","GIDP":"-1"}},{"pitcher":{,"PLAYERID":"burnewa01","YEARID":"1956","STINT":"1","TEAMID":"KC1","LGID":"AL","W":"6","L":"8","G":"18","GS":"14","CG":"4","SHO":"1","SV":"0","IPOUTS":"364","H":"115","ER":"39","HR":"13","BB":"39","SO":"54","BAOPP":"0.25","ERA":"2.89","IBB":"3","WP":"3","HBP":"2","BK":"1","BFP":"507","GF":"4","R":"48","SH":"-1","SF":"-1","GIDP":"-1"}},{"pitcher":{,"PLAYERID":"burtsmo01","YEARID":"1956","STINT":"1","TEAMID":"KC1","LGID":"AL","W":"3","L":"1","G":"21","GS":"0","CG":"0","SHO":"0","SV":"0","IPOUTS":"130","H":"41","ER":"19","HR":"6","BB":"30","SO":"18","BAOPP":"0.26","ERA":"3.95","IBB":"4","WP":"2","HBP":"3","BK":"0","BFP":"195","GF":"9","R":"22","SH":"-1","SF":"-1","GIDP":"-1"}},{"pitcher":{,"PLAYERID":"byerlbu01","YEARID":"1956","STINT":"1","TEAMID":"WS1","LGID":"AL","W":"2","L":"4","G":"25","GS":"0","CG":"0","SHO":"0","SV":"4","IPOUTS":"155","H":"45","ER":"17","HR":"6","BB":"14","SO":"19","BAOPP":"0.24","ERA":"2.96","IBB":"3","WP":"1","HBP":"2","BK":"0","BFP":"207","GF":"17","R":"19","SH":"-1","SF":"-1","GIDP":"-1"}},{"pitcher":{,"PLAYERID":"byrdha01","YEARID":"1956","STINT":"1","TEAMID":"CHA","LGID":"AL","W":"0","L":"1","G":"3","GS":"1","CG":"0","SHO":"0","SV":"0","IPOUTS":"13","H":"9","ER":"5","HR":"0","BB":"4","SO":"0","BAOPP":"0.47","ERA":"10.38","IBB":"0","WP":"0","HBP":"0","BK":"0","BFP":"26","GF":"0","R":"6","SH":"-1","SF":"-1","GIDP":"-1"}},{"pitcher":{,"PLAYERID":"byrneto01","YEARID":"1956","STINT":"1","TEAMID":"NYA","LGID":"AL","W":"7","L":"3","G":"37","GS":"8","CG":"1","SHO":"0","SV":"6","IPOUTS":"329","H":"108","ER":"41","HR":"9","BB":"72","SO":"52","BAOPP":"0.26","ERA":"3.36","IBB":"5","WP":"0","HBP":"2","BK":"0","BFP":"493","GF":"18","R":"50","SH":"-1","SF":"-1","GIDP":"-1"}},{"pitcher":{,"PLAYERID":"ceccaar01","YEARID":"1956","STINT":"1","TEAMID":"KC1","LGID":"AL","W":"0","L":"1","G":"3","GS":"2","CG":"0","SHO":"0","SV":"0","IPOUTS":"30","H":"13","ER":"8","HR":"3","BB":"4","SO":"2","BAOPP":"0.31","ERA":"7.2","IBB":"1","WP":"1","HBP":"1","BK":"0","BFP":"49","GF":"0","R":"13","SH":"-1","SF":"-1","GIDP":"-1"}},{"pitcher":{,"PLAYERID":"chakabo01","YEARID":"1956","STINT":"1","TEAMID":"WS1","LGID":"AL","W":"4","L":"4","G":"43","GS":"1","CG":"0","SHO":"0","SV":"4","IPOUTS":"288","H":"94","ER":"43","HR":"3","BB":"57","SO":"33","BAOPP":"0.26","ERA":"4.03","IBB":"7","WP":"2","HBP":"3","BK":"0","BFP":"423","GF":"23","R":"53","SH":"-1","SF":"-1","GIDP":"-1"}},{"pitcher":{,"PLAYERID":"clevete01","YEARID":"1956","STINT":"1","TEAMID":"WS1","LGID":"AL","W":"0","L":"0","G":"20","GS":"1","CG":"0","SHO":"0","SV":"0","IPOUTS":"95","H":"33","ER":"19","HR":"4","BB":"21","SO":"17","BAOPP":"0.26","ERA":"5.4","IBB":"0","WP":"1","HBP":"0","BK":"0","BFP":"149","GF":"7","R":"22","SH":"-1","SF":"-1","GIDP":"-1"}},{"pitcher":{,"PLAYERID":"coateji01","YEARID":"1956","STINT":"1","TEAMID":"NYA","LGID":"AL","W":"0","L":"0","G":"2","GS":"0","CG":"0","SHO":"0","SV":"0","IPOUTS":"6","H":"1","ER":"3","HR":"0","BB":"4","SO":"0","BAOPP":"0.16","ERA":"13.5","IBB":"0","WP":"1","HBP":"1","BK":"0","BFP":"12","GF":"0","R":"3","SH":"-1","SF":"-1","GIDP":"-1"}},{"pitcher":{,"PLAYERID":"colemri01","YEARID":"1956","STINT":"1","TEAMID":"NYA","LGID":"AL","W":"3","L":"5","G":"29","GS":"9","CG":"0","SHO":"0","SV":"2","IPOUTS":"265","H":"97","ER":"36","HR":"6","BB":"42","SO":"42","BAOPP":"0.28","ERA":"3.67","IBB":"1","WP":"1","HBP":"1","BK":"0","BFP":"392","GF":"9","R":"42","SH":"-1","SF":"-1","GIDP":"-1"}},{"pitcher":{,"PLAYERID":"colluja01","YEARID":"1956","STINT":"1","TEAMID":"SLN","LGID":"NL","W":"6","L":"2","G":"38","GS":"1","CG":"0","SHO":"0","SV":"7","IPOUTS":"180","H":"63","ER":"28","HR":"6","BB":"27","SO":"17","BAOPP":"0.28","ERA":"4.2","IBB":"6","WP":"2","HBP":"2","BK":"0","BFP":"260","GF":"20","R":"29","SH":"-1","SF":"-1","GIDP":"-1"}},{"pitcher":{,"PLAYERID":"conlege01","YEARID":"1956","STINT":"1","TEAMID":"ML1","LGID":"NL","W":"8","L":"9","G":"31","GS":"19","CG":"5","SHO":"1","SV":"3","IPOUTS":"475","H":"169","ER":"55","HR":"13","BB":"52","SO":"68","BAOPP":"0.27","ERA":"3.13","IBB":"10","WP":"3","HBP":"2","BK":"0","BFP":"681","GF":"9","R":"74","SH":"-1","SF":"-1","GIDP":"-1"}},{"pitcher":{,"PLAYERID":"constji01","YEARID":"1956","STINT":"1","TEAMID":"NY1","LGID":"NL","W":"0","L":"0","G":"3","GS":"0","CG":"0","SHO":"0","SV":"0","IPOUTS":"13","H":"9","ER":"7","HR":"0","BB":"7","SO":"1","BAOPP":"0.42","ERA":"14.54","IBB":"0","WP":"0","HBP":"1","BK":"0","BFP":"30","GF":"1","R":"7","SH":"-1","SF":"-1","GIDP":"-1"}},{"pitcher":{,"PLAYERID":"consusa01","YEARID":"1956","STINT":"2","TEAMID":"BAL","LGID":"AL","W":"1","L":"1","G":"4","GS":"1","CG":"0","SHO":"0","SV":"0","IPOUTS":"26","H":"10","ER":"4","HR":"2","BB":"2","SO":"1","BAOPP":"0.29","ERA":"4.15","IBB":"0","WP":"1","HBP":"0","BK":"0","BFP":"37","GF":"1","R":"4","SH":"-1","SF":"-1","GIDP":"-1"}},{"pitcher":{,"PLAYERID":"consusa01","YEARID":"1956","STINT":"1","TEAMID":"CHA","LGID":"AL","W":"1","L":"2","G":"28","GS":"1","CG":"0","SHO":"0","SV":"3","IPOUTS":"115","H":"45","ER":"22","HR":"0","BB":"11","SO":"7","BAOPP":"0.29","ERA":"5.17","IBB":"3","WP":"0","HBP":"1","BK":"0","BFP":"168","GF":"12","R":"25","SH":"-1","SF":"-1","GIDP":"-1"}},{"pitcher":{,"PLAYERID":"coxgl01","YEARID":"1956","STINT":"1","TEAMID":"KC1","LGID":"AL","W":"0","L":"2","G":"3","GS":"3","CG":"1","SHO":"0","SV":"0","IPOUTS":"70","H":"15","ER":"11","HR":"2","BB":"22","SO":"6","BAOPP":"0.2","ERA":"4.24","IBB":"0","WP":"2","HBP":"0","BK":"0","BFP":"101","GF":"0","R":"11","SH":"-1","SF":"-1","GIDP":"-1"}},{"pitcher":{,"PLAYERID":"craddwa01","YEARID":"1956","STINT":"1","TEAMID":"KC1","LGID":"AL","W":"0","L":"2","G":"2","GS":"2","CG":"0","SHO":"0","SV":"0","IPOUTS":"28","H":"9","ER":"7","HR":"1","BB":"10","SO":"8","BAOPP":"0.26","ERA":"6.75","IBB":"0","WP":"2","HBP":"0","BK":"0","BFP":"45","GF":"0","R":"7","SH":"-1","SF":"-1","GIDP":"-1"}},{"pitcher":{,"PLAYERID":"craigro01","YEARID":"1956","STINT":"1","TEAMID":"BRO","LGID":"NL","W":"12","L":"11","G":"35","GS":"32","CG":"8","SHO":"2","SV":"1","IPOUTS":"597","H":"169","ER":"82","HR":"25","BB":"87","SO":"109","BAOPP":"0.23","ERA":"3.71","IBB":"5","WP":"7","HBP":"4","BK":"1","BFP":"840","GF":"2","R":"90","SH":"-1","SF":"-1","GIDP":"-1"}},{"pitcher":{,"PLAYERID":"crimija01","YEARID":"1956","STINT":"1","TEAMID":"KC1","LGID":"AL","W":"4","L":"8","G":"54","GS":"7","CG":"0","SHO":"0","SV":"3","IPOUTS":"387","H":"129","ER":"79","HR":"19","BB":"49","SO":"59","BAOPP":"0.26","ERA":"5.51","IBB":"2","WP":"2","HBP":"5","BK":"0","BFP":"556","GF":"16","R":"87","SH":"-1","SF":"-1","GIDP":"-1"}},{"pitcher":{,"PLAYERID":"cronera01","YEARID":"1956","STINT":"1","TEAMID":"ML1","LGID":"NL","W":"11","L":"10","G":"35","GS":"21","CG":"6","SHO":"0","SV":"2","IPOUTS":"509","H":"173","ER":"73","HR":"19","BB":"44","SO":"73","BAOPP":"0.26","ERA":"3.87","IBB":"3","WP":"3","HBP":"1","BK":"1","BFP":"716","GF":"7","R":"92","SH":"-1","SF":"-1","GIDP":"-1"}},{"pitcher":{,"PLAYERID":"dahlkje01","YEARID":"1956","STINT":"1","TEAMID":"CHA","LGID":"AL","W":"0","L":"0","G":"5","GS":"0","CG":"0","SHO":"0","SV":"0","IPOUTS":"7","H":"5","ER":"5","HR":"0","BB":"6","SO":"1","BAOPP":"0.45","ERA":"19.29","IBB":"0","WP":"0","HBP":"0","BK":"0","BFP":"18","GF":"1","R":"5","SH":"-1","SF":"-1","GIDP":"-1"}},{"pitcher":{,"PLAYERID":"daleybu01","YEARID":"1956","STINT":"1","TEAMID":"CLE","LGID":"AL","W":"1","L":"0","G":"14","GS":"0","CG":"0","SHO":"0","SV":"0","IPOUTS":"61","H":"21","ER":"14","HR":"2","BB":"14","SO":"13","BAOPP":"0.27","ERA":"6.2","IBB":"1","WP":"1","HBP":"5","BK":"0","BFP":"101","GF":"6","R":"15","SH":"-1","SF":"-1","GIDP":"-1"}},{"pitcher":{,"PLAYERID":"darnebo01","YEARID":"1956","STINT":"1","TEAMID":"BRO","LGID":"NL","W":"0","L":"0","G":"1","GS":"0","CG":"0","SHO":"0","SV":"0","IPOUTS":"4","H":"1","ER":"0","HR":"0","BB":"0","SO":"0","BAOPP":"0.2","ERA":"0.0","IBB":"0","WP":"0","HBP":"0","BK":"0","BFP":"5","GF":"1","R":"0","SH":"-1","SF":"-1","GIDP":"-1"}},{"pitcher":{,"PLAYERID":"davisji01","YEARID":"1956","STINT":"1","TEAMID":"CHN","LGID":"NL","W":"5","L":"7","G":"46","GS":"11","CG":"2","SHO":"1","SV":"2","IPOUTS":"361","H":"116","ER":"49","HR":"11","BB":"59","SO":"66","BAOPP":"0.25","ERA":"3.66","IBB":"4","WP":"3","HBP":"6","BK":"0","BFP":"525","GF":"17","R":"56","SH":"-1","SF":"-1","GIDP":"-1"}},{"pitcher":{,"PLAYERID":"delocik01","YEARID":"1956","STINT":"1","TEAMID":"BOS","LGID":"AL","W":"13","L":"7","G":"48","GS":"8","CG":"1","SHO":"0","SV":"9","IPOUTS":"385","H":"122","ER":"60","HR":"12","BB":"80","SO":"105","BAOPP":"0.25","ERA":"4.21","IBB":"3","WP":"4","HBP":"5","BK":"0","BFP":"584","GF":"28","R":"65","SH":"-1","SF":"-1","GIDP":"-1"}},{"pitcher":{,"PLAYERID":"derriji01","YEARID":"1956","STINT":"1","TEAMID":"CHA","LGID":"AL","W":"0","L":"1","G":"1","GS":"1","CG":"0","SHO":"0","SV":"0","IPOUTS":"18","H":"9","ER":"5","HR":"2","BB":"6","SO":"3","BAOPP":"0.37","ERA":"7.5","IBB":"0","WP":"0","HBP":"0","BK":"1","BFP":"31","GF":"0","R":"6","SH":"-1","SF":"-1","GIDP":"-1"}},{"pitcher":{,"PLAYERID":"dicksmu01","YEARID":"1956","STINT":"2","TEAMID":"SLN","LGID":"NL","W":"13","L":"8","G":"28","GS":"27","CG":"12","SHO":"3","SV":"0","IPOUTS":"589","H":"175","ER":"67","HR":"20","BB":"57","SO":"109","BAOPP":"0.24","ERA":"3.07","IBB":"4","WP":"7","HBP":"1","BK":"0","BFP":"799","GF":"0","R":"75","SH":"-1","SF":"-1","GIDP":"-1"}},{"pitcher":{,"PLAYERID":"dicksmu01","YEARID":"1956","STINT":"1","TEAMID":"PHI","LGID":"NL","W":"0","L":"3","G":"3","GS":"3","CG":"0","SHO":"0","SV":"0","IPOUTS":"69","H":"20","ER":"13","HR":"1","BB":"12","SO":"1","BAOPP":"0.24","ERA":"5.09","IBB":"1","WP":"0","HBP":"0","BK":"0","BFP":"97","GF":"0","R":"15","SH":"-1","SF":"-1","GIDP":"-1"}},{"pitcher":{,"PLAYERID":"ditmaar01","YEARID":"1956","STINT":"1","TEAMID":"KC1","LGID":"AL","W":"12","L":"22","G":"44","GS":"34","CG":"14","SHO":"2","SV":"1","IPOUTS":"763","H":"254","ER":"125","HR":"30","BB":"108","SO":"126","BAOPP":"0.26","ERA":"4.42","IBB":"6","WP":"5","HBP":"7","BK":"0","BFP":"1101","GF":"6","R":"141","SH":"-1","SF":"-1","GIDP":"-1"}},{"pitcher":{,"PLAYERID":"dixonso01","YEARID":"1956","STINT":"1","TEAMID":"NYA","LGID":"AL","W":"0","L":"1","G":"3","GS":"0","CG":"0","SHO":"0","SV":"1","IPOUTS":"13","H":"5","ER":"1","HR":"0","BB":"5","SO":"1","BAOPP":"0.29","ERA":"2.08","IBB":"1","WP":"0","HBP":"0","BK":"0","BFP":"23","GF":"2","R":"3","SH":"-1","SF":"-1","GIDP":"-1"}},{"pitcher":{,"PLAYERID":"donosli01","YEARID":"1956","STINT":"1","TEAMID":"PIT","LGID":"NL","W":"0","L":"0","G":"3","GS":"0","CG":"0","SHO":"0","SV":"0","IPOUTS":"5","H":"2","ER":"0","HR":"0","BB":"1","SO":"1","BAOPP":"0.25","ERA":"0.0","IBB":"0","WP":"0","HBP":"0","BK":"0","BFP":"9","GF":"1","R":"0","SH":"-1","SF":"-1","GIDP":"-1"}},{"pitcher":{,"PLAYERID":"donovdi01","YEARID":"1956","STINT":"1","TEAMID":"CHA","LGID":"AL","W":"12","L":"10","G":"34","GS":"31","CG":"14","SHO":"3","SV":"0","IPOUTS":"704","H":"212","ER":"95","HR":"22","BB":"59","SO":"120","BAOPP":"0.24","ERA":"3.64","IBB":"6","WP":"5","HBP":"6","BK":"1","BFP":"966","GF":"2","R":"99","SH":"-1","SF":"-1","GIDP":"-1"}},{"pitcher":{,"PLAYERID":"dorisha01","YEARID":"1956","STINT":"2","TEAMID":"BOS","LGID":"AL","W":"0","L":"2","G":"15","GS":"0","CG":"0","SHO":"0","SV":"0","IPOUTS":"68","H":"23","ER":"9","HR":"1","BB":"10","SO":"11","BAOPP":"0.27","ERA":"3.57","IBB":"1","WP":"0","HBP":"0","BK":"0","BFP":"99","GF":"11","R":"10","SH":"-1","SF":"-1","GIDP":"-1"}},{"pitcher":{,"PLAYERID":"dorisha01","YEARID":"1956","STINT":"1","TEAMID":"BAL","LGID":"AL","W":"0","L":"0","G":"13","GS":"0","CG":"0","SHO":"0","SV":"0","IPOUTS":"59","H":"22","ER":"9","HR":"3","BB":"3","SO":"4","BAOPP":"0.29","ERA":"4.12","IBB":"0","WP":"0","HBP":"0","BK":"0","BFP":"82","GF":"4","R":"10","SH":"-1","SF":"-1","GIDP":"-1"}},{"pitcher":{,"PLAYERID":"drabomo01","YEARID":"1956","STINT":"1","TEAMID":"CHN","LGID":"NL","W":"2","L":"4","G":"9","GS":"7","CG":"3","SHO":"0","SV":"0","IPOUTS":"153","H":"37","ER":"14","HR":"1","BB":"39","SO":"36","BAOPP":"0.2","ERA":"2.47","IBB":"3","WP":"0","HBP":"2","BK":"0","BFP":"225","GF":"2","R":"19","SH":"-1","SF":"-1","GIDP":"-1"}},{"pitcher":{,"PLAYERID":"drysddo01","YEARID":"1956","STINT":"1","TEAMID":"BRO","LGID":"NL","W":"5","L":"5","G":"25","GS":"12","CG":"2","SHO":"0","SV":"0","IPOUTS":"297","H":"95","ER":"29","HR":"9","BB":"31","SO":"55","BAOPP":"0.25","ERA":"2.64","IBB":"3","WP":"3","HBP":"3","BK":"0","BFP":"413","GF":"6","R":"35","SH":"-1","SF":"-1","GIDP":"-1"}},{"pitcher":{,"PLAYERID":"duserca01","YEARID":"1956","STINT":"1","TEAMID":"KC1","LGID":"AL","W":"1","L":"1","G":"2","GS":"2","CG":"0","SHO":"0","SV":"0","IPOUTS":"18","H":"14","ER":"6","HR":"0","BB":"2","SO":"5","BAOPP":"0.45","ERA":"9.0","IBB":"0","WP":"0","HBP":"0","BK":"0","BFP":"33","GF":"0","R":"6","SH":"-1","SF":"-1","GIDP":"-1"}},{"pitcher":{,"PLAYERID":"erskica01","YEARID":"1956","STINT":"1","TEAMID":"BRO","LGID":"NL","W":"13","L":"11","G":"31","GS":"28","CG":"8","SHO":"1","SV":"0","IPOUTS":"559","H":"189","ER":"88","HR":"25","BB":"57","SO":"95","BAOPP":"0.26","ERA":"4.25","IBB":"5","WP":"6","HBP":"1","BK":"0","BFP":"790","GF":"2","R":"92","SH":"-1","SF":"-1","GIDP":"-1"}},{"pitcher":{,"PLAYERID":"facero01","YEARID":"1956","STINT":"1","TEAMID":"PIT","LGID":"NL","W":"12","L":"13","G":"68","GS":"3","CG":"0","SHO":"0","SV":"6","IPOUTS":"406","H":"131","ER":"53","HR":"16","BB":"42","SO":"96","BAOPP":"0.25","ERA":"3.52","IBB":"15","WP":"1","HBP":"1","BK":"0","BFP":"569","GF":"34","R":"57","SH":"-1","SF":"-1","GIDP":"-1"}},{"pitcher":{,"PLAYERID":"farretu01","YEARID":"1956","STINT":"1","TEAMID":"PHI","LGID":"NL","W":"0","L":"1","G":"1","GS":"1","CG":"0","SHO":"0","SV":"0","IPOUTS":"13","H":"6","ER":"6","HR":"0","BB":"3","SO":"0","BAOPP":"0.35","ERA":"12.46","IBB":"0","WP":"0","HBP":"1","BK":"0","BFP":"21","GF":"0","R":"6","SH":"-1","SF":"-1","GIDP":"-1"}},{"pitcher":{,"PLAYERID":"fellebo01","YEARID":"1956","STINT":"1","TEAMID":"CLE","LGID":"AL","W":"0","L":"4","G":"19","GS":"4","CG":"2","SHO":"0","SV":"1","IPOUTS":"174","H":"63","ER":"32","HR":"7","BB":"23","SO":"18","BAOPP":"0.28","ERA":"4.97","IBB":"4","WP":"0","HBP":"0","BK":"1","BFP":"253","GF":"5","R":"34","SH":"-1","SF":"-1","GIDP":"-1"}},{"pitcher":{,"PLAYERID":"ferrado01","YEARID":"1956","STINT":"1","TEAMID":"BAL","LGID":"AL","W":"4","L":"10","G":"36","GS":"14","CG":"3","SHO":"1","SV":"2","IPOUTS":"306","H":"86","ER":"57","HR":"8","BB":"64","SO":"81","BAOPP":"0.22","ERA":"5.03","IBB":"0","WP":"5","HBP":"3","BK":"0","BFP":"450","GF":"9","R":"60","SH":"-1","SF":"-1","GIDP":"-1"}},{"pitcher":{,"PLAYERID":"fischbi01","YEARID":"1956","STINT":"1","TEAMID":"CHA","LGID":"AL","W":"0","L":"0","G":"3","GS":"0","CG":"0","SHO":"0","SV":"0","IPOUTS":"5","H":"6","ER":"4","HR":"0","BB":"1","SO":"2","BAOPP":"0.54","ERA":"21.6","IBB":"0","WP":"0","HBP":"0","BK":"0","BFP":"12","GF":"1","R":"4","SH":"-1","SF":"-1","GIDP":"-1"}},{"pitcher":{,"PLAYERID":"flowebe01","YEARID":"1956","STINT":"2","TEAMID":"PHI","LGID":"NL","W":"0","L":"2","G":"32","GS":"0","CG":"0","SHO":"0","SV":"0","IPOUTS":"123","H":"54","ER":"26","HR":"9","BB":"10","SO":"22","BAOPP":"0.33","ERA":"5.71","IBB":"1","WP":"2","HBP":"1","BK":"0","BFP":"182","GF":"17","R":"29","SH":"-1","SF":"-1","GIDP":"-1"}},{"pitcher":{,"PLAYERID":"flowebe01","YEARID":"1956","STINT":"1","TEAMID":"SLN","LGID":"NL","W":"1","L":"1","G":"3","GS":"3","CG":"0","SHO":"0","SV":"0","IPOUTS":"35","H":"15","ER":"9","HR":"1","BB":"5","SO":"5","BAOPP":"0.34","ERA":"6.94","IBB":"1","WP":"0","HBP":"0","BK":"0","BFP":"53","GF":"0","R":"9","SH":"-1","SF":"-1","GIDP":"-1"}},{"pitcher":{,"PLAYERID":"fordwh01","YEARID":"1956","STINT":"1","TEAMID":"NYA","LGID":"AL","W":"19","L":"6","G":"31","GS":"30","CG":"18","SHO":"2","SV":"1","IPOUTS":"677","H":"187","ER":"62","HR":"13","BB":"84","SO":"141","BAOPP":"0.22","ERA":"2.47","IBB":"3","WP":"6","HBP":"4","BK":"0","BFP":"920","GF":"1","R":"70","SH":"-1","SF":"-1","GIDP":"-1"}},{"pitcher":{,"PLAYERID":"fornimi01","YEARID":"1956","STINT":"2","TEAMID":"BAL","LGID":"AL","W":"4","L":"7","G":"30","GS":"11","CG":"1","SHO":"1","SV":"1","IPOUTS":"333","H":"109","ER":"49","HR":"7","BB":"25","SO":"53","BAOPP":"0.26","ERA":"3.97","IBB":"2","WP":"3","HBP":"0","BK":"1","BFP":"444","GF":"9","R":"59","SH":"-1","SF":"-1","GIDP":"-1"}},{"pitcher":{,"PLAYERID":"fornimi01","YEARID":"1956","STINT":"1","TEAMID":"CHA","LGID":"AL","W":"0","L":"1","G":"6","GS":"0","CG":"0","SHO":"0","SV":"0","IPOUTS":"47","H":"22","ER":"8","HR":"1","BB":"6","SO":"6","BAOPP":"0.3","ERA":"4.6","IBB":"1","WP":"0","HBP":"0","BK":"0","BFP":"79","GF":"0","R":"9","SH":"-1","SF":"-1","GIDP":"-1"}},{"pitcher":{,"PLAYERID":"fowlear01","YEARID":"1956","STINT":"1","TEAMID":"CIN","LGID":"NL","W":"11","L":"11","G":"45","GS":"23","CG":"8","SHO":"0","SV":"1","IPOUTS":"533","H":"191","ER":"80","HR":"15","BB":"35","SO":"86","BAOPP":"0.27","ERA":"4.05","IBB":"3","WP":"2","HBP":"0","BK":"0","BFP":"738","GF":"9","R":"92","SH":"-1","SF":"-1","GIDP":"-1"}},{"pitcher":{,"PLAYERID":"foytapa01","YEARID":"1956","STINT":"1","TEAMID":"DET","LGID":"AL","W":"15","L":"13","G":"43","GS":"33","CG":"16","SHO":"1","SV":"1","IPOUTS":"768","H":"211","ER":"102","HR":"24","BB":"142","SO":"184","BAOPP":"0.22","ERA":"3.59","IBB":"4","WP":"8","HBP":"2","BK":"3","BFP":"1098","GF":"5","R":"114","SH":"-1","SF":"-1","GIDP":"-1"}},{"pitcher":{,"PLAYERID":"freemhe01","YEARID":"1956","STINT":"1","TEAMID":"CIN","LGID":"NL","W":"14","L":"5","G":"64","GS":"0","CG":"0","SHO":"0","SV":"18","IPOUTS":"326","H":"112","ER":"41","HR":"2","BB":"34","SO":"50","BAOPP":"0.27","ERA":"3.4","IBB":"11","WP":"3","HBP":"1","BK":"1","BFP":"458","GF":"47","R":"44","SH":"-1","SF":"-1","GIDP":"-1"}},{"pitcher":{,"PLAYERID":"frienbo01","YEARID":"1956","STINT":"1","TEAMID":"PIT","LGID":"NL","W":"17","L":"17","G":"49","GS":"42","CG":"19","SHO":"4","SV":"3","IPOUTS":"943","H":"310","ER":"121","HR":"25","BB":"85","SO":"166","BAOPP":"0.25","ERA":"3.46","IBB":"18","WP":"5","HBP":"2","BK":"0","BFP":"1315","GF":"7","R":"137","SH":"-1","SF":"-1","GIDP":"-1"}},{"pitcher":{,"PLAYERID":"garbebo01","YEARID":"1956","STINT":"1","TEAMID":"PIT","LGID":"NL","W":"0","L":"0","G":"2","GS":"0","CG":"0","SHO":"0","SV":"0","IPOUTS":"12","H":"3","ER":"1","HR":"1","BB":"3","SO":"3","BAOPP":"0.2","ERA":"2.25","IBB":"1","WP":"0","HBP":"0","BK":"0","BFP":"18","GF":"1","R":"1","SH":"-1","SF":"-1","GIDP":"-1"}},{"pitcher":{,"PLAYERID":"garcimi01","YEARID":"1956","STINT":"1","TEAMID":"CLE","LGID":"AL","W":"11","L":"12","G":"35","GS":"30","CG":"8","SHO":"4","SV":"0","IPOUTS":"593","H":"213","ER":"83","HR":"18","BB":"74","SO":"119","BAOPP":"0.27","ERA":"3.78","IBB":"5","WP":"3","HBP":"5","BK":"0","BFP":"874","GF":"1","R":"93","SH":"-1","SF":"-1","GIDP":"-1"}},{"pitcher":{,"PLAYERID":"garvene01","YEARID":"1956","STINT":"1","TEAMID":"DET","LGID":"AL","W":"0","L":"2","G":"6","GS":"3","CG":"1","SHO":"0","SV":"0","IPOUTS":"53","H":"15","ER":"8","HR":"2","BB":"13","SO":"6","BAOPP":"0.23","ERA":"4.08","IBB":"0","WP":"0","HBP":"1","BK":"0","BFP":"80","GF":"1","R":"10","SH":"-1","SF":"-1","GIDP":"-1"}},{"pitcher":{,"PLAYERID":"gomezru01","YEARID":"1956","STINT":"1","TEAMID":"NY1","LGID":"NL","W":"7","L":"17","G":"40","GS":"31","CG":"4","SHO":"2","SV":"0","IPOUTS":"589","H":"191","ER":"100","HR":"19","BB":"77","SO":"76","BAOPP":"0.25","ERA":"4.58","IBB":"8","WP":"1","HBP":"9","BK":"0","BFP":"841","GF":"4","R":"108","SH":"-1","SF":"-1","GIDP":"-1"}},{"pitcher":{,"PLAYERID":"gormato02","YEARID":"1956","STINT":"1","TEAMID":"KC1","LGID":"AL","W":"9","L":"10","G":"52","GS":"13","CG":"1","SHO":"0","SV":"3","IPOUTS":"514","H":"168","ER":"73","HR":"23","BB":"68","SO":"56","BAOPP":"0.25","ERA":"3.83","IBB":"7","WP":"2","HBP":"2","BK":"1","BFP":"733","GF":"23","R":"83","SH":"-1","SF":"-1","GIDP":"-1"}},{"pitcher":{,"PLAYERID":"griggha01","YEARID":"1956","STINT":"1","TEAMID":"WS1","LGID":"AL","W":"1","L":"6","G":"34","GS":"12","CG":"1","SHO":"0","SV":"1","IPOUTS":"296","H":"120","ER":"66","HR":"14","BB":"76","SO":"48","BAOPP":"0.3","ERA":"6.02","IBB":"2","WP":"6","HBP":"1","BK":"0","BFP":"481","GF":"6","R":"82","SH":"-1","SF":"-1","GIDP":"-1"}},{"pitcher":{,"PLAYERID":"grimbo01","YEARID":"1956","STINT":"1","TEAMID":"NYA","LGID":"AL","W":"6","L":"1","G":"26","GS":"6","CG":"1","SHO":"0","SV":"5","IPOUTS":"224","H":"64","ER":"23","HR":"3","BB":"31","SO":"48","BAOPP":"0.23","ERA":"2.77","IBB":"0","WP":"1","HBP":"2","BK":"0","BFP":"309","GF":"11","R":"27","SH":"-1","SF":"-1","GIDP":"-1"}},{"pitcher":{,"PLAYERID":"grissma01","YEARID":"1956","STINT":"1","TEAMID":"NY1","LGID":"NL","W":"1","L":"1","G":"43","GS":"2","CG":"0","SHO":"0","SV":"7","IPOUTS":"242","H":"71","ER":"14","HR":"3","BB":"16","SO":"49","BAOPP":"0.24","ERA":"1.56","IBB":"3","WP":"2","HBP":"1","BK":"0","BFP":"323","GF":"20","R":"15","SH":"-1","SF":"-1","GIDP":"-1"}},{"pitcher":{,"PLAYERID":"grobco01","YEARID":"1956","STINT":"1","TEAMID":"WS1","LGID":"AL","W":"4","L":"5","G":"37","GS":"1","CG":"0","SHO":"0","SV":"1","IPOUTS":"238","H":"121","ER":"69","HR":"14","BB":"26","SO":"27","BAOPP":"0.35","ERA":"7.83","IBB":"1","WP":"3","HBP":"1","BK":"1","BFP":"380","GF":"15","R":"79","SH":"-1","SF":"-1","GIDP":"-1"}},{"pitcher":{,"PLAYERID":"gromest01","YEARID":"1956","STINT":"1","TEAMID":"DET","LGID":"AL","W":"8","L":"6","G":"40","GS":"13","CG":"4","SHO":"0","SV":"4","IPOUTS":"423","H":"142","ER":"67","HR":"25","BB":"47","SO":"64","BAOPP":"0.26","ERA":"4.28","IBB":"7","WP":"0","HBP":"9","BK":"0","BFP":"611","GF":"12","R":"74","SH":"-1","SF":"-1","GIDP":"-1"}},{"pitcher":{,"PLAYERID":"grossdo01","YEARID":"1956","STINT":"1","TEAMID":"CIN","LGID":"NL","W":"3","L":"0","G":"19","GS":"7","CG":"2","SHO":"0","SV":"0","IPOUTS":"208","H":"69","ER":"15","HR":"4","BB":"20","SO":"47","BAOPP":"0.25","ERA":"1.95","IBB":"2","WP":"1","HBP":"1","BK":"0","BFP":"295","GF":"4","R":"25","SH":"-1","SF":"-1","GIDP":"-1"}},{"pitcher":{,"PLAYERID":"hackewa02","YEARID":"1956","STINT":"1","TEAMID":"CHN","LGID":"NL","W":"3","L":"13","G":"34","GS":"24","CG":"4","SHO":"0","SV":"0","IPOUTS":"504","H":"190","ER":"87","HR":"28","BB":"44","SO":"65","BAOPP":"0.28","ERA":"4.66","IBB":"11","WP":"1","HBP":"1","BK":"0","BFP":"726","GF":"4","R":"103","SH":"-1","SF":"-1","GIDP":"-1"}},{"pitcher":{,"PLAYERID":"haddiha01","YEARID":"1956","STINT":"2","TEAMID":"PHI","LGID":"NL","W":"12","L":"8","G":"31","GS":"26","CG":"11","SHO":"2","SV":"2","IPOUTS":"620","H":"196","ER":"80","HR":"23","BB":"55","SO":"154","BAOPP":"0.24","ERA":"3.48","IBB":"9","WP":"3","HBP":"6","BK":"0","BFP":"870","GF":"4","R":"98","SH":"-1","SF":"-1","GIDP":"-1"}},{"pitcher":{,"PLAYERID":"haddiha01","YEARID":"1956","STINT":"1","TEAMID":"SLN","LGID":"NL","W":"1","L":"0","G":"4","GS":"4","CG":"1","SHO":"1","SV":"0","IPOUTS":"71","H":"28","ER":"14","HR":"3","BB":"10","SO":"16","BAOPP":"0.29","ERA":"5.32","IBB":"0","WP":"1","HBP":"0","BK":"0","BFP":"106","GF":"0","R":"15","SH":"-1","SF":"-1","GIDP":"-1"}},{"pitcher":{,"PLAYERID":"halldi01","YEARID":"1956","STINT":"1","TEAMID":"PIT","LGID":"NL","W":"0","L":"7","G":"19","GS":"9","CG":"1","SHO":"0","SV":"1","IPOUTS":"187","H":"64","ER":"33","HR":"8","BB":"21","SO":"27","BAOPP":"0.27","ERA":"4.76","IBB":"3","WP":"0","HBP":"0","BK":"0","BFP":"267","GF":"5","R":"36","SH":"-1","SF":"-1","GIDP":"-1"}},{"pitcher":{,"PLAYERID":"hamnegr01","YEARID":"1956","STINT":"1","TEAMID":"PHI","LGID":"NL","W":"0","L":"1","G":"3","GS":"1","CG":"0","SHO":"0","SV":"0","IPOUTS":"25","H":"10","ER":"4","HR":"0","BB":"2","SO":"4","BAOPP":"0.29","ERA":"4.32","IBB":"0","WP":"0","HBP":"0","BK":"0","BFP":"36","GF":"2","R":"4","SH":"-1","SF":"-1","GIDP":"-1"}},{"pitcher":{,"PLAYERID":"harribi02","YEARID":"1956","STINT":"1","TEAMID":"KC1","LGID":"AL","W":"2","L":"2","G":"23","GS":"1","CG":"0","SHO":"0","SV":"1","IPOUTS":"113","H":"40","ER":"27","HR":"3","BB":"26","SO":"14","BAOPP":"0.27","ERA":"6.45","IBB":"1","WP":"3","HBP":"0","BK":"1","BFP":"173","GF":"8","R":"27","SH":"-1","SF":"-1","GIDP":"-1"}},{"pitcher":{,"PLAYERID":"harribo02","YEARID":"1956","STINT":"1","TEAMID":"BAL","LGID":"AL","W":"0","L":"0","G":"1","GS":"1","CG":"0","SHO":"0","SV":"0","IPOUTS":"5","H":"3","ER":"3","HR":"0","BB":"5","SO":"0","BAOPP":"0.37","ERA":"16.2","IBB":"0","WP":"0","HBP":"0","BK":"0","BFP":"13","GF":"0","R":"3","SH":"-1","SF":"-1","GIDP":"-1"}},{"pitcher":{,"PLAYERID":"harshja01","YEARID":"1956","STINT":"1","TEAMID":"CHA","LGID":"AL","W":"15","L":"11","G":"34","GS":"30","CG":"15","SHO":"4","SV":"0","IPOUTS":"680","H":"183","ER":"78","HR":"14","BB":"102","SO":"143","BAOPP":"0.22","ERA":"3.1","IBB":"4","WP":"7","HBP":"3","BK":"0","BFP":"950","GF":"3","R":"85","SH":"-1","SF":"-1","GIDP":"-1"}},{"pitcher":{,"PLAYERID":"hearnji01","YEARID":"1956","STINT":"1","TEAMID":"NY1","LGID":"NL","W":"5","L":"11","G":"30","GS":"19","CG":"2","SHO":"0","SV":"1","IPOUTS":"388","H":"124","ER":"57","HR":"17","BB":"44","SO":"66","BAOPP":"0.25","ERA":"3.97","IBB":"4","WP":"0","HBP":"3","BK":"0","BFP":"553","GF":"4","R":"74","SH":"-1","SF":"-1","GIDP":"-1"}},{"pitcher":{,"PLAYERID":"heldme01","YEARID":"1956","STINT":"1","TEAMID":"BAL","LGID":"AL","W":"0","L":"0","G":"4","GS":"0","CG":"0","SHO":"0","SV":"0","IPOUTS":"21","H":"7","ER":"4","HR":"1","BB":"3","SO":"4","BAOPP":"0.31","ERA":"5.14","IBB":"1","WP":"0","HBP":"0","BK":"0","BFP":"29","GF":"2","R":"4","SH":"-1","SF":"-1","GIDP":"-1"}},{"pitcher":{,"PLAYERID":"hernaev01","YEARID":"1956","STINT":"1","TEAMID":"WS1","LGID":"AL","W":"1","L":"1","G":"4","GS":"4","CG":"1","SHO":"0","SV":"0","IPOUTS":"68","H":"24","ER":"12","HR":"2","BB":"8","SO":"9","BAOPP":"0.27","ERA":"4.76","IBB":"0","WP":"1","HBP":"0","BK":"0","BFP":"97","GF":"0","R":"12","SH":"-1","SF":"-1","GIDP":"-1"}},{"pitcher":{,"PLAYERID":"herritr01","YEARID":"1956","STINT":"1","TEAMID":"KC1","LGID":"AL","W":"1","L":"13","G":"31","GS":"16","CG":"1","SHO":"0","SV":"0","IPOUTS":"309","H":"135","ER":"76","HR":"16","BB":"64","SO":"59","BAOPP":"0.32","ERA":"6.64","IBB":"6","WP":"2","HBP":"6","BK":"0","BFP":"501","GF":"7","R":"83","SH":"-1","SF":"-1","GIDP":"-1"}},{"pitcher":{,"PLAYERID":"hillmda01","YEARID":"1956","STINT":"1","TEAMID":"CHN","LGID":"NL","W":"0","L":"2","G":"2","GS":"2","CG":"0","SHO":"0","SV":"0","IPOUTS":"37","H":"11","ER":"3","HR":"0","BB":"5","SO":"6","BAOPP":"0.21","ERA":"2.19","IBB":"0","WP":"0","HBP":"0","BK":"0","BFP":"56","GF":"0","R":"7","SH":"-1","SF":"-1","GIDP":"-1"}},{"pitcher":{,"PLAYERID":"hoeftbi01","YEARID":"1956","STINT":"1","TEAMID":"DET","LGID":"AL","W":"20","L":"14","G":"38","GS":"34","CG":"18","SHO":"4","SV":"0","IPOUTS":"744","H":"276","ER":"112","HR":"22","BB":"104","SO":"172","BAOPP":"0.28","ERA":"4.06","IBB":"12","WP":"7","HBP":"5","BK":"0","BFP":"1094","GF":"2","R":"127","SH":"-1","SF":"-1","GIDP":"-1"}},{"pitcher":{,"PLAYERID":"hostge01","YEARID":"1956","STINT":"1","TEAMID":"DET","LGID":"AL","W":"0","L":"0","G":"1","GS":"1","CG":"0","SHO":"0","SV":"0","IPOUTS":"14","H":"9","ER":"4","HR":"2","BB":"2","SO":"5","BAOPP":"0.4","ERA":"7.71","IBB":"0","WP":"0","HBP":"0","BK":"1","BFP":"24","GF":"0","R":"4","SH":"-1","SF":"-1","GIDP":"-1"}},{"pitcher":{,"PLAYERID":"houttar01","YEARID":"1956","STINT":"1","TEAMID":"CLE","LGID":"AL","W":"2","L":"2","G":"22","GS":"4","CG":"0","SHO":"0","SV":"1","IPOUTS":"140","H":"60","ER":"34","HR":"5","BB":"31","SO":"19","BAOPP":"0.31","ERA":"6.56","IBB":"2","WP":"1","HBP":"4","BK":"0","BFP":"234","GF":"5","R":"39","SH":"-1","SF":"-1","GIDP":"-1"}},{"pitcher":{,"PLAYERID":"howeldi01","YEARID":"1956","STINT":"1","TEAMID":"CHA","LGID":"AL","W":"5","L":"6","G":"34","GS":"1","CG":"0","SHO":"0","SV":"4","IPOUTS":"193","H":"79","ER":"33","HR":"3","BB":"36","SO":"28","BAOPP":"0.3","ERA":"4.62","IBB":"10","WP":"4","HBP":"2","BK":"0","BFP":"298","GF":"18","R":"39","SH":"-1","SF":"-1","GIDP":"-1"}},{"pitcher":{,"PLAYERID":"hugheji02","YEARID":"1956","STINT":"2","TEAMID":"CHN","LGID":"NL","W":"1","L":"3","G":"25","GS":"1","CG":"0","SHO":"0","SV":"0","IPOUTS":"136","H":"43","ER":"26","HR":"4","BB":"30","SO":"20","BAOPP":"0.25","ERA":"5.16","IBB":"5","WP":"1","HBP":"4","BK":"1","BFP":"206","GF":"8","R":"35","SH":"-1","SF":"-1","GIDP":"-1"}},{"pitcher":{,"PLAYERID":"hugheji02","YEARID":"1956","STINT":"1","TEAMID":"BRO","LGID":"NL","W":"0","L":"0","G":"5","GS":"0","CG":"0","SHO":"0","SV":"0","IPOUTS":"36","H":"10","ER":"7","HR":"3","BB":"4","SO":"8","BAOPP":"0.23","ERA":"5.25","IBB":"1","WP":"0","HBP":"0","BK":"0","BFP":"48","GF":"2","R":"7","SH":"-1","SF":"-1","GIDP":"-1"}},{"pitcher":{,"PLAYERID":"hurdto01","YEARID":"1956","STINT":"1","TEAMID":"BOS","LGID":"AL","W":"3","L":"4","G":"40","GS":"0","CG":"0","SHO":"0","SV":"5","IPOUTS":"228","H":"84","ER":"45","HR":"5","BB":"47","SO":"34","BAOPP":"0.28","ERA":"5.33","IBB":"2","WP":"5","HBP":"3","BK":"0","BFP":"352","GF":"18","R":"52","SH":"-1","SF":"-1","GIDP":"-1"}},{"pitcher":{,"PLAYERID":"jacksla01","YEARID":"1956","STINT":"1","TEAMID":"SLN","LGID":"NL","W":"2","L":"2","G":"51","GS":"1","CG":"0","SHO":"0","SV":"9","IPOUTS":"256","H":"75","ER":"39","HR":"5","BB":"45","SO":"50","BAOPP":"0.24","ERA":"4.11","IBB":"8","WP":"4","HBP":"1","BK":"1","BFP":"366","GF":"26","R":"44","SH":"-1","SF":"-1","GIDP":"-1"}},{"pitcher":{,"PLAYERID":"jansela01","YEARID":"1956","STINT":"1","TEAMID":"CIN","LGID":"NL","W":"2","L":"3","G":"8","GS":"7","CG":"2","SHO":"0","SV":"1","IPOUTS":"104","H":"39","ER":"20","HR":"5","BB":"9","SO":"16","BAOPP":"0.28","ERA":"5.19","IBB":"1","WP":"0","HBP":"1","BK":"0","BFP":"151","GF":"1","R":"20","SH":"-1","SF":"-1","GIDP":"-1"}},{"pitcher":{,"PLAYERID":"jeffcha01","YEARID":"1956","STINT":"1","TEAMID":"CIN","LGID":"NL","W":"8","L":"2","G":"38","GS":"16","CG":"2","SHO":"0","SV":"2","IPOUTS":"513","H":"189","ER":"73","HR":"12","BB":"55","SO":"55","BAOPP":"0.28","ERA":"3.84","IBB":"4","WP":"7","HBP":"5","BK":"0","BFP":"744","GF":"7","R":"79","SH":"-1","SF":"-1","GIDP":"-1"}},{"pitcher":{,"PLAYERID":"johnsco01","YEARID":"1956","STINT":"2","TEAMID":"BAL","LGID":"AL","W":"9","L":"10","G":"26","GS":"25","CG":"9","SHO":"2","SV":"0","IPOUTS":"551","H":"165","ER":"70","HR":"12","BB":"62","SO":"130","BAOPP":"0.23","ERA":"3.43","IBB":"3","WP":"3","HBP":"1","BK":"1","BFP":"766","GF":"0","R":"79","SH":"-1","SF":"-1","GIDP":"-1"}},{"pitcher":{,"PLAYERID":"johnsco01","YEARID":"1956","STINT":"1","TEAMID":"CHA","LGID":"AL","W":"0","L":"1","G":"5","GS":"2","CG":"0","SHO":"0","SV":"0","IPOUTS":"37","H":"11","ER":"5","HR":"1","BB":"7","SO":"6","BAOPP":"0.23","ERA":"3.65","IBB":"0","WP":"1","HBP":"0","BK":"0","BFP":"56","GF":"2","R":"5","SH":"-1","SF":"-1","GIDP":"-1"}},{"pitcher":{,"PLAYERID":"johnser02","YEARID":"1956","STINT":"1","TEAMID":"ML1","LGID":"NL","W":"4","L":"3","G":"36","GS":"0","CG":"0","SHO":"0","SV":"6","IPOUTS":"153","H":"54","ER":"21","HR":"9","BB":"21","SO":"26","BAOPP":"0.27","ERA":"3.71","IBB":"2","WP":"1","HBP":"1","BK":"0","BFP":"224","GF":"23","R":"21","SH":"-1","SF":"-1","GIDP":"-1"}},{"pitcher":{,"PLAYERID":"jollyda01","YEARID":"1956","STINT":"1","TEAMID":"ML1","LGID":"NL","W":"2","L":"3","G":"29","GS":"0","CG":"0","SHO":"0","SV":"7","IPOUTS":"137","H":"39","ER":"19","HR":"7","BB":"35","SO":"20","BAOPP":"0.22","ERA":"3.74","IBB":"4","WP":"2","HBP":"0","BK":"0","BFP":"209","GF":"18","R":"21","SH":"-1","SF":"-1","GIDP":"-1"}},{"pitcher":{,"PLAYERID":"jonesgo01","YEARID":"1956","STINT":"1","TEAMID":"SLN","LGID":"NL","W":"0","L":"2","G":"5","GS":"1","CG":"0","SHO":"0","SV":"0","IPOUTS":"34","H":"14","ER":"7","HR":"2","BB":"5","SO":"6","BAOPP":"0.31","ERA":"5.56","IBB":"0","WP":"0","HBP":"0","BK":"0","BFP":"53","GF":"0","R":"9","SH":"-1","SF":"-1","GIDP":"-1"}},{"pitcher":{,"PLAYERID":"jonessa02","YEARID":"1956","STINT":"1","TEAMID":"CHN","LGID":"NL","W":"9","L":"14","G":"33","GS":"28","CG":"8","SHO":"2","SV":"0","IPOUTS":"566","H":"155","ER":"82","HR":"21","BB":"115","SO":"176","BAOPP":"0.22","ERA":"3.91","IBB":"6","WP":"2","HBP":"8","BK":"0","BFP":"832","GF":"3","R":"93","SH":"-1","SF":"-1","GIDP":"-1"}},{"pitcher":{,"PLAYERID":"kaisedo01","YEARID":"1956","STINT":"1","TEAMID":"CHN","LGID":"NL","W":"4","L":"9","G":"27","GS":"22","CG":"5","SHO":"1","SV":"0","IPOUTS":"451","H":"144","ER":"60","HR":"15","BB":"52","SO":"74","BAOPP":"0.24","ERA":"3.59","IBB":"8","WP":"3","HBP":"1","BK":"0","BFP":"640","GF":"2","R":"69","SH":"-1","SF":"-1","GIDP":"-1"}},{"pitcher":{,"PLAYERID":"keegabo01","YEARID":"1956","STINT":"1","TEAMID":"CHA","LGID":"AL","W":"5","L":"7","G":"20","GS":"16","CG":"4","SHO":"0","SV":"0","IPOUTS":"316","H":"119","ER":"46","HR":"15","BB":"35","SO":"32","BAOPP":"0.28","ERA":"3.93","IBB":"2","WP":"1","HBP":"2","BK":"0","BFP":"463","GF":"1","R":"56","SH":"-1","SF":"-1","GIDP":"-1"}},{"pitcher":{,"PLAYERID":"kellnal01","YEARID":"1956","STINT":"1","TEAMID":"KC1","LGID":"AL","W":"7","L":"4","G":"20","GS":"17","CG":"5","SHO":"0","SV":"0","IPOUTS":"275","H":"103","ER":"44","HR":"15","BB":"33","SO":"44","BAOPP":"0.28","ERA":"4.32","IBB":"3","WP":"1","HBP":"2","BK":"0","BFP":"399","GF":"3","R":"49","SH":"-1","SF":"-1","GIDP":"-1"}},{"pitcher":{,"PLAYERID":"kennebi02","YEARID":"1956","STINT":"1","TEAMID":"CIN","LGID":"NL","W":"0","L":"0","G":"1","GS":"0","CG":"0","SHO":"0","SV":"0","IPOUTS":"6","H":"6","ER":"4","HR":"1","BB":"0","SO":"0","BAOPP":"0.66","ERA":"18.0","IBB":"0","WP":"0","HBP":"0","BK":"0","BFP":"11","GF":"1","R":"4","SH":"-1","SF":"-1","GIDP":"-1"}},{"pitcher":{,"PLAYERID":"kielyle01","YEARID":"1956","STINT":"1","TEAMID":"BOS","LGID":"AL","W":"2","L":"2","G":"23","GS":"0","CG":"0","SHO":"0","SV":"3","IPOUTS":"94","H":"47","ER":"18","HR":"1","BB":"14","SO":"9","BAOPP":"0.36","ERA":"5.17","IBB":"5","WP":"0","HBP":"2","BK":"0","BFP":"155","GF":"16","R":"25","SH":"-1","SF":"-1","GIDP":"-1"}},{"pitcher":{,"PLAYERID":"kindeel01","YEARID":"1956","STINT":"2","TEAMID":"CHA","LGID":"AL","W":"3","L":"1","G":"29","GS":"0","CG":"0","SHO":"0","SV":"3","IPOUTS":"89","H":"33","ER":"9","HR":"2","BB":"8","SO":"19","BAOPP":"0.27","ERA":"2.73","IBB":"0","WP":"0","HBP":"0","BK":"0","BFP":"130","GF":"19","R":"10","SH":"-1","SF":"-1","GIDP":"-1"}},{"pitcher":{,"PLAYERID":"kindeel01","YEARID":"1956","STINT":"1","TEAMID":"SLN","LGID":"NL","W":"2","L":"0","G":"22","GS":"0","CG":"0","SHO":"0","SV":"6","IPOUTS":"77","H":"23","ER":"10","HR":"3","BB":"9","SO":"4","BAOPP":"0.24","ERA":"3.51","IBB":"3","WP":"0","HBP":"0","BK":"0","BFP":"108","GF":"17","R":"11","SH":"-1","SF":"-1","GIDP":"-1"}},{"pitcher":{,"PLAYERID":"kingne01","YEARID":"1956","STINT":"1","TEAMID":"PIT","LGID":"NL","W":"4","L":"1","G":"38","GS":"0","CG":"0","SHO":"0","SV":"5","IPOUTS":"180","H":"54","ER":"21","HR":"8","BB":"19","SO":"25","BAOPP":"0.24","ERA":"3.15","IBB":"5","WP":"2","HBP":"1","BK":"1","BFP":"246","GF":"21","R":"24","SH":"-1","SF":"-1","GIDP":"-1"}},{"pitcher":{,"PLAYERID":"klinero01","YEARID":"1956","STINT":"1","TEAMID":"PIT","LGID":"NL","W":"14","L":"18","G":"44","GS":"39","CG":"9","SHO":"2","SV":"2","IPOUTS":"792","H":"263","ER":"99","HR":"26","BB":"81","SO":"125","BAOPP":"0.26","ERA":"3.38","IBB":"8","WP":"10","HBP":"5","BK":"0","BFP":"1102","GF":"2","R":"110","SH":"-1","SF":"-1","GIDP":"-1"}},{"pitcher":{,"PLAYERID":"klippjo01","YEARID":"1956","STINT":"1","TEAMID":"CIN","LGID":"NL","W":"12","L":"11","G":"37","GS":"29","CG":"11","SHO":"0","SV":"1","IPOUTS":"633","H":"219","ER":"96","HR":"26","BB":"82","SO":"86","BAOPP":"0.27","ERA":"4.09","IBB":"13","WP":"0","HBP":"10","BK":"1","BFP":"916","GF":"3","R":"103","SH":"-1","SF":"-1","GIDP":"-1"}},{"pitcher":{,"PLAYERID":"konstji01","YEARID":"1956","STINT":"2","TEAMID":"SLN","LGID":"NL","W":"1","L":"1","G":"27","GS":"0","CG":"0","SHO":"0","SV":"5","IPOUTS":"118","H":"46","ER":"20","HR":"4","BB":"6","SO":"7","BAOPP":"0.3","ERA":"4.58","IBB":"1","WP":"0","HBP":"0","BK":"0","BFP":"167","GF":"16","R":"20","SH":"-1","SF":"-1","GIDP":"-1"}},{"pitcher":{,"PLAYERID":"konstji01","YEARID":"1956","STINT":"1","TEAMID":"NYA","LGID":"AL","W":"0","L":"0","G":"8","GS":"0","CG":"0","SHO":"0","SV":"2","IPOUTS":"33","H":"15","ER":"6","HR":"3","BB":"6","SO":"6","BAOPP":"0.31","ERA":"4.91","IBB":"0","WP":"0","HBP":"0","BK":"0","BFP":"53","GF":"5","R":"6","SH":"-1","SF":"-1","GIDP":"-1"}},{"pitcher":{,"PLAYERID":"koufasa01","YEARID":"1956","STINT":"1","TEAMID":"BRO","LGID":"NL","W":"2","L":"4","G":"16","GS":"10","CG":"0","SHO":"0","SV":"0","IPOUTS":"176","H":"66","ER":"32","HR":"10","BB":"29","SO":"30","BAOPP":"0.28","ERA":"4.91","IBB":"0","WP":"1","HBP":"0","BK":"2","BFP":"261","GF":"1","R":"37","SH":"-1","SF":"-1","GIDP":"-1"}},{"pitcher":{,"PLAYERID":"kretllo01","YEARID":"1956","STINT":"1","TEAMID":"KC1","LGID":"AL","W":"4","L":"9","G":"25","GS":"20","CG":"3","SHO":"0","SV":"0","IPOUTS":"356","H":"121","ER":"70","HR":"17","BB":"74","SO":"61","BAOPP":"0.26","ERA":"5.31","IBB":"4","WP":"3","HBP":"0","BK":"0","BFP":"542","GF":"3","R":"75","SH":"-1","SF":"-1","GIDP":"-1"}},{"pitcher":{,"PLAYERID":"kucksjo01","YEARID":"1956","STINT":"1","TEAMID":"NYA","LGID":"AL","W":"18","L":"9","G":"34","GS":"31","CG":"12","SHO":"3","SV":"0","IPOUTS":"673","H":"223","ER":"96","HR":"19","BB":"72","SO":"67","BAOPP":"0.26","ERA":"3.85","IBB":"0","WP":"3","HBP":"10","BK":"1","BFP":"947","GF":"1","R":"113","SH":"-1","SF":"-1","GIDP":"-1"}},{"pitcher":{,"PLAYERID":"labincl01","YEARID":"1956","STINT":"1","TEAMID":"BRO","LGID":"NL","W":"10","L":"6","G":"62","GS":"3","CG":"1","SHO":"0","SV":"19","IPOUTS":"347","H":"111","ER":"43","HR":"11","BB":"39","SO":"75","BAOPP":"0.25","ERA":"3.35","IBB":"8","WP":"5","HBP":"3","BK":"0","BFP":"492","GF":"47","R":"48","SH":"-1","SF":"-1","GIDP":"-1"}},{"pitcher":{,"PLAYERID":"lapalpa01","YEARID":"1956","STINT":"3","TEAMID":"CHA","LGID":"AL","W":"3","L":"1","G":"29","GS":"0","CG":"0","SHO":"0","SV":"2","IPOUTS":"137","H":"31","ER":"12","HR":"2","BB":"27","SO":"23","BAOPP":"0.19","ERA":"2.36","IBB":"2","WP":"2","HBP":"0","BK":"0","BFP":"193","GF":"14","R":"14","SH":"-1","SF":"-1","GIDP":"-1"}},{"pitcher":{,"PLAYERID":"lapalpa01","YEARID":"1956","STINT":"2","TEAMID":"CIN","LGID":"NL","W":"2","L":"4","G":"11","GS":"2","CG":"0","SHO":"0","SV":"0","IPOUTS":"81","H":"26","ER":"14","HR":"7","BB":"4","SO":"4","BAOPP":"0.25","ERA":"4.67","IBB":"0","WP":"0","HBP":"0","BK":"0","BFP":"110","GF":"3","R":"14","SH":"-1","SF":"-1","GIDP":"-1"}},{"pitcher":{,"PLAYERID":"lapalpa01","YEARID":"1956","STINT":"1","TEAMID":"SLN","LGID":"NL","W":"0","L":"0","G":"1","GS":"0","CG":"0","SHO":"0","SV":"0","IPOUTS":"2","H":"4","ER":"6","HR":"0","BB":"2","SO":"0","BAOPP":"0.66","ERA":"81.0","IBB":"0","WP":"2","HBP":"0","BK":"0","BFP":"8","GF":"0","R":"6","SH":"-1","SF":"-1","GIDP":"-1"}},{"pitcher":{,"PLAYERID":"larsedo01","YEARID":"1956","STINT":"1","TEAMID":"NYA","LGID":"AL","W":"11","L":"5","G":"38","GS":"20","CG":"6","SHO":"1","SV":"1","IPOUTS":"539","H":"133","ER":"65","HR":"19","BB":"96","SO":"107","BAOPP":"0.2","ERA":"3.26","IBB":"0","WP":"3","HBP":"7","BK":"0","BFP":"759","GF":"9","R":"72","SH":"-1","SF":"-1","GIDP":"-1"}},{"pitcher":{,"PLAYERID":"laryfr01","YEARID":"1956","STINT":"1","TEAMID":"DET","LGID":"AL","W":"21","L":"13","G":"41","GS":"38","CG":"20","SHO":"3","SV":"1","IPOUTS":"882","H":"289","ER":"103","HR":"20","BB":"116","SO":"165","BAOPP":"0.25","ERA":"3.15","IBB":"4","WP":"3","HBP":"12","BK":"1","BFP":"1269","GF":"2","R":"116","SH":"-1","SF":"-1","GIDP":"-1"}},{"pitcher":{,"PLAYERID":"lasorto01","YEARID":"1956","STINT":"1","TEAMID":"KC1","LGID":"AL","W":"0","L":"4","G":"18","GS":"5","CG":"0","SHO":"0","SV":"1","IPOUTS":"136","H":"40","ER":"31","HR":"6","BB":"45","SO":"28","BAOPP":"0.24","ERA":"6.15","IBB":"3","WP":"7","HBP":"3","BK":"0","BFP":"220","GF":"7","R":"38","SH":"-1","SF":"-1","GIDP":"-1"}},{"pitcher":{,"PLAYERID":"lawrebr01","YEARID":"1956","STINT":"1","TEAMID":"CIN","LGID":"NL","W":"19","L":"10","G":"49","GS":"30","CG":"11","SHO":"1","SV":"0","IPOUTS":"656","H":"210","ER":"97","HR":"26","BB":"71","SO":"96","BAOPP":"0.25","ERA":"3.99","IBB":"4","WP":"0","HBP":"2","BK":"0","BFP":"913","GF":"12","R":"109","SH":"-1","SF":"-1","GIDP":"-1"}},{"pitcher":{,"PLAYERID":"lawve01","YEARID":"1956","STINT":"1","TEAMID":"PIT","LGID":"NL","W":"8","L":"16","G":"39","GS":"32","CG":"6","SHO":"0","SV":"2","IPOUTS":"587","H":"218","ER":"94","HR":"24","BB":"49","SO":"60","BAOPP":"0.28","ERA":"4.32","IBB":"10","WP":"8","HBP":"6","BK":"0","BFP":"851","GF":"6","R":"110","SH":"-1","SF":"-1","GIDP":"-1"}},{"pitcher":{,"PLAYERID":"lehmake01","YEARID":"1956","STINT":"1","TEAMID":"BRO","LGID":"NL","W":"2","L":"3","G":"25","GS":"4","CG":"0","SHO":"0","SV":"0","IPOUTS":"148","H":"65","ER":"31","HR":"11","BB":"23","SO":"29","BAOPP":"0.32","ERA":"5.66","IBB":"2","WP":"1","HBP":"0","BK":"0","BFP":"231","GF":"5","R":"35","SH":"-1","SF":"-1","GIDP":"-1"}},{"pitcher":{,"PLAYERID":"lemonbo01","YEARID":"1956","STINT":"1","TEAMID":"CLE","LGID":"AL","W":"20","L":"14","G":"39","GS":"35","CG":"21","SHO":"2","SV":"3","IPOUTS":"766","H":"230","ER":"86","HR":"23","BB":"89","SO":"94","BAOPP":"0.23","ERA":"3.03","IBB":"2","WP":"4","HBP":"6","BK":"0","BFP":"1074","GF":"3","R":"103","SH":"-1","SF":"-1","GIDP":"-1"}},{"pitcher":{,"PLAYERID":"liddldo01","YEARID":"1956","STINT":"1","TEAMID":"NY1","LGID":"NL","W":"1","L":"2","G":"11","GS":"5","CG":"1","SHO":"0","SV":"1","IPOUTS":"124","H":"45","ER":"18","HR":"5","BB":"14","SO":"21","BAOPP":"0.27","ERA":"3.92","IBB":"3","WP":"1","HBP":"1","BK":"0","BFP":"184","GF":"2","R":"22","SH":"-1","SF":"-1","GIDP":"-1"}},{"pitcher":{,"PLAYERID":"liddldo01","YEARID":"1956","STINT":"2","TEAMID":"SLN","LGID":"NL","W":"1","L":"2","G":"14","GS":"2","CG":"0","SHO":"0","SV":"0","IPOUTS":"74","H":"36","ER":"23","HR":"8","BB":"18","SO":"14","BAOPP":"0.35","ERA":"8.39","IBB":"5","WP":"3","HBP":"0","BK":"0","BFP":"122","GF":"6","R":"25","SH":"-1","SF":"-1","GIDP":"-1"}},{"pitcher":{,"PLAYERID":"lipetan01","YEARID":"1956","STINT":"1","TEAMID":"PHI","LGID":"NL","W":"0","L":"0","G":"6","GS":"0","CG":"0","SHO":"0","SV":"0","IPOUTS":"33","H":"7","ER":"4","HR":"2","BB":"3","SO":"8","BAOPP":"0.17","ERA":"3.27","IBB":"0","WP":"0","HBP":"1","BK":"0","BFP":"45","GF":"3","R":"5","SH":"-1","SF":"-1","GIDP":"-1"}},{"pitcher":{,"PLAYERID":"littldi01","YEARID":"1956","STINT":"3","TEAMID":"NY1","LGID":"NL","W":"4","L":"4","G":"31","GS":"7","CG":"0","SHO":"0","SV":"2","IPOUTS":"291","H":"78","ER":"44","HR":"16","BB":"39","SO":"65","BAOPP":"0.23","ERA":"4.08","IBB":"5","WP":"1","HBP":"0","BK":"0","BFP":"396","GF":"8","R":"45","SH":"-1","SF":"-1","GIDP":"-1"}},{"pitcher":{,"PLAYERID":"littldi01","YEARID":"1956","STINT":"1","TEAMID":"PIT","LGID":"NL","W":"0","L":"0","G":"6","GS":"2","CG":"0","SHO":"0","SV":"0","IPOUTS":"38","H":"14","ER":"6","HR":"2","BB":"6","SO":"10","BAOPP":"0.28","ERA":"4.26","IBB":"0","WP":"2","HBP":"0","BK":"0","BFP":"55","GF":"0","R":"8","SH":"-1","SF":"-1","GIDP":"-1"}},{"pitcher":{,"PLAYERID":"littldi01","YEARID":"1956","STINT":"2","TEAMID":"SLN","LGID":"NL","W":"0","L":"2","G":"3","GS":"2","CG":"0","SHO":"0","SV":"0","IPOUTS":"29","H":"9","ER":"8","HR":"2","BB":"4","SO":"5","BAOPP":"0.23","ERA":"7.45","IBB":"1","WP":"0","HBP":"0","BK":"0","BFP":"43","GF":"0","R":"9","SH":"-1","SF":"-1","GIDP":"-1"}},{"pitcher":{,"PLAYERID":"loesbi01","YEARID":"1956","STINT":"2","TEAMID":"BAL","LGID":"AL","W":"2","L":"7","G":"21","GS":"6","CG":"1","SHO":"0","SV":"3","IPOUTS":"170","H":"65","ER":"30","HR":"4","BB":"23","SO":"22","BAOPP":"0.29","ERA":"4.76","IBB":"1","WP":"3","HBP":"2","BK":"0","BFP":"256","GF":"11","R":"33","SH":"-1","SF":"-1","GIDP":"-1"}},{"pitcher":{,"PLAYERID":"loesbi01","YEARID":"1956","STINT":"1","TEAMID":"BRO","LGID":"NL","W":"0","L":"1","G":"1","GS":"1","CG":"0","SHO":"0","SV":"0","IPOUTS":"4","H":"5","ER":"6","HR":"1","BB":"1","SO":"2","BAOPP":"0.55","ERA":"40.5","IBB":"0","WP":"0","HBP":"0","BK":"0","BFP":"10","GF":"0","R":"6","SH":"-1","SF":"-1","GIDP":"-1"}},{"pitcher":{,"PLAYERID":"lowntu01","YEARID":"1956","STINT":"1","TEAMID":"CHN","LGID":"NL","W":"9","L":"8","G":"61","GS":"0","CG":"0","SHO":"0","SV":"13","IPOUTS":"332","H":"95","ER":"44","HR":"10","BB":"78","SO":"74","BAOPP":"0.24","ERA":"3.58","IBB":"12","WP":"1","HBP":"1","BK":"0","BFP":"489","GF":"47","R":"49","SH":"-1","SF":"-1","GIDP":"-1"}},{"pitcher":{,"PLAYERID":"maasdu01","YEARID":"1956","STINT":"1","TEAMID":"DET","LGID":"AL","W":"0","L":"7","G":"26","GS":"7","CG":"0","SHO":"0","SV":"0","IPOUTS":"190","H":"81","ER":"46","HR":"9","BB":"32","SO":"34","BAOPP":"0.31","ERA":"6.54","IBB":"3","WP":"1","HBP":"6","BK":"0","BFP":"308","GF":"10","R":"51","SH":"-1","SF":"-1","GIDP":"-1"}},{"pitcher":{,"PLAYERID":"maglisa01","YEARID":"1956","STINT":"2","TEAMID":"BRO","LGID":"NL","W":"13","L":"5","G":"28","GS":"26","CG":"9","SHO":"3","SV":"0","IPOUTS":"573","H":"154","ER":"61","HR":"21","BB":"52","SO":"108","BAOPP":"0.22","ERA":"2.87","IBB":"1","WP":"1","HBP":"5","BK":"0","BFP":"758","GF":"0","R":"65","SH":"-1","SF":"-1","GIDP":"-1"}},{"pitcher":{,"PLAYERID":"maglisa01","YEARID":"1956","STINT":"1","TEAMID":"CLE","LGID":"AL","W":"0","L":"0","G":"2","GS":"0","CG":"0","SHO":"0","SV":"0","IPOUTS":"15","H":"6","ER":"2","HR":"1","BB":"2","SO":"2","BAOPP":"0.3","ERA":"3.6","IBB":"0","WP":"1","HBP":"0","BK":"0","BFP":"22","GF":"0","R":"2","SH":"-1","SF":"-1","GIDP":"-1"}},{"pitcher":{,"PLAYERID":"margojo01","YEARID":"1956","STINT":"1","TEAMID":"NY1","LGID":"NL","W":"6","L":"6","G":"23","GS":"13","CG":"2","SHO":"0","SV":"0","IPOUTS":"275","H":"88","ER":"40","HR":"12","BB":"49","SO":"49","BAOPP":"0.25","ERA":"3.93","IBB":"3","WP":"2","HBP":"0","BK":"0","BFP":"405","GF":"4","R":"45","SH":"-1","SF":"-1","GIDP":"-1"}},{"pitcher":{,"PLAYERID":"marlodi01","YEARID":"1956","STINT":"1","TEAMID":"DET","LGID":"AL","W":"1","L":"1","G":"7","GS":"1","CG":"0","SHO":"0","SV":"0","IPOUTS":"33","H":"12","ER":"7","HR":"1","BB":"9","SO":"4","BAOPP":"0.27","ERA":"5.73","IBB":"0","WP":"0","HBP":"0","BK":"0","BFP":"53","GF":"1","R":"8","SH":"-1","SF":"-1","GIDP":"-1"}},{"pitcher":{,"PLAYERID":"marlodi01","YEARID":"1956","STINT":"2","TEAMID":"CHA","LGID":"AL","W":"0","L":"0","G":"1","GS":"0","CG":"0","SHO":"0","SV":"0","IPOUTS":"3","H":"2","ER":"1","HR":"1","BB":"1","SO":"0","BAOPP":"0.5","ERA":"9.0","IBB":"0","WP":"0","HBP":"0","BK":"0","BFP":"5","GF":"0","R":"1","SH":"-1","SF":"-1","GIDP":"-1"}},{"pitcher":{,"PLAYERID":"martimo01","YEARID":"1956","STINT":"1","TEAMID":"CHA","LGID":"AL","W":"1","L":"0","G":"10","GS":"0","CG":"0","SHO":"0","SV":"0","IPOUTS":"55","H":"21","ER":"10","HR":"1","BB":"7","SO":"9","BAOPP":"0.29","ERA":"4.91","IBB":"0","WP":"1","HBP":"0","BK":"0","BFP":"80","GF":"3","R":"10","SH":"-1","SF":"-1","GIDP":"-1"}},{"pitcher":{,"PLAYERID":"martimo01","YEARID":"1956","STINT":"2","TEAMID":"BAL","LGID":"AL","W":"1","L":"1","G":"9","GS":"0","CG":"0","SHO":"0","SV":"0","IPOUTS":"15","H":"10","ER":"6","HR":"1","BB":"2","SO":"3","BAOPP":"0.4","ERA":"10.8","IBB":"0","WP":"0","HBP":"1","BK":"0","BFP":"29","GF":"2","R":"6","SH":"-1","SF":"-1","GIDP":"-1"}},{"pitcher":{,"PLAYERID":"mastewa02","YEARID":"1956","STINT":"1","TEAMID":"DET","LGID":"AL","W":"1","L":"1","G":"35","GS":"0","CG":"0","SHO":"0","SV":"0","IPOUTS":"149","H":"54","ER":"23","HR":"2","BB":"32","SO":"28","BAOPP":"0.28","ERA":"4.17","IBB":"1","WP":"0","HBP":"1","BK":"0","BFP":"231","GF":"18","R":"28","SH":"-1","SF":"-1","GIDP":"-1"}},{"pitcher":{,"PLAYERID":"mccalwi01","YEARID":"1956","STINT":"1","TEAMID":"NY1","LGID":"NL","W":"3","L":"4","G":"46","GS":"4","CG":"0","SHO":"0","SV":"7","IPOUTS":"232","H":"74","ER":"31","HR":"7","BB":"20","SO":"41","BAOPP":"0.25","ERA":"3.61","IBB":"5","WP":"1","HBP":"1","BK":"0","BFP":"321","GF":"20","R":"36","SH":"-1","SF":"-1","GIDP":"-1"}},{"pitcher":{,"PLAYERID":"mccormi03","YEARID":"1956","STINT":"1","TEAMID":"NY1","LGID":"NL","W":"0","L":"1","G":"3","GS":"2","CG":"0","SHO":"0","SV":"0","IPOUTS":"20","H":"7","ER":"7","HR":"1","BB":"10","SO":"4","BAOPP":"0.26","ERA":"9.45","IBB":"0","WP":"0","HBP":"0","BK":"1","BFP":"36","GF":"1","R":"7","SH":"-1","SF":"-1","GIDP":"-1"}},{"pitcher":{,"PLAYERID":"mcdanli01","YEARID":"1956","STINT":"1","TEAMID":"SLN","LGID":"NL","W":"7","L":"6","G":"39","GS":"7","CG":"1","SHO":"0","SV":"0","IPOUTS":"349","H":"121","ER":"44","HR":"7","BB":"42","SO":"59","BAOPP":"0.27","ERA":"3.4","IBB":"7","WP":"8","HBP":"0","BK":"0","BFP":"499","GF":"10","R":"60","SH":"-1","SF":"-1","GIDP":"-1"}},{"pitcher":{,"PLAYERID":"mcdermi03","YEARID":"1956","STINT":"1","TEAMID":"NYA","LGID":"AL","W":"2","L":"6","G":"23","GS":"9","CG":"1","SHO":"0","SV":"0","IPOUTS":"261","H":"85","ER":"41","HR":"10","BB":"47","SO":"38","BAOPP":"0.26","ERA":"4.24","IBB":"2","WP":"2","HBP":"0","BK":"0","BFP":"384","GF":"11","R":"46","SH":"-1","SF":"-1","GIDP":"-1"}},{"pitcher":{,"PLAYERID":"mcdonji04","YEARID":"1956","STINT":"1","TEAMID":"CHA","LGID":"AL","W":"0","L":"2","G":"8","GS":"3","CG":"0","SHO":"0","SV":"0","IPOUTS":"56","H":"29","ER":"18","HR":"2","BB":"7","SO":"10","BAOPP":"0.37","ERA":"8.68","IBB":"0","WP":"1","HBP":"1","BK":"0","BFP":"88","GF":"0","R":"18","SH":"-1","SF":"-1","GIDP":"-1"}},{"pitcher":{,"PLAYERID":"mclisca01","YEARID":"1956","STINT":"1","TEAMID":"CLE","LGID":"AL","W":"2","L":"4","G":"37","GS":"2","CG":"0","SHO":"0","SV":"1","IPOUTS":"185","H":"67","ER":"34","HR":"5","BB":"32","SO":"27","BAOPP":"0.28","ERA":"4.96","IBB":"5","WP":"1","HBP":"0","BK":"0","BFP":"276","GF":"17","R":"36","SH":"-1","SF":"-1","GIDP":"-1"}},{"pitcher":{,"PLAYERID":"mcmahja02","YEARID":"1956","STINT":"2","TEAMID":"KC1","LGID":"AL","W":"0","L":"5","G":"23","GS":"9","CG":"0","SHO":"0","SV":"0","IPOUTS":"185","H":"69","ER":"33","HR":"7","BB":"31","SO":"13","BAOPP":"0.29","ERA":"4.82","IBB":"0","WP":"1","HBP":"2","BK":"0","BFP":"279","GF":"8","R":"40","SH":"-1","SF":"-1","GIDP":"-1"}},{"pitcher":{,"PLAYERID":"mcmahja02","YEARID":"1956","STINT":"1","TEAMID":"PIT","LGID":"NL","W":"0","L":"0","G":"11","GS":"0","CG":"0","SHO":"0","SV":"0","IPOUTS":"40","H":"18","ER":"9","HR":"1","BB":"9","SO":"9","BAOPP":"0.34","ERA":"6.08","IBB":"0","WP":"1","HBP":"0","BK":"0","BFP":"64","GF":"3","R":"9","SH":"-1","SF":"-1","GIDP":"-1"}},{"pitcher":{,"PLAYERID":"meyerja01","YEARID":"1956","STINT":"1","TEAMID":"PHI","LGID":"NL","W":"7","L":"11","G":"41","GS":"7","CG":"2","SHO":"0","SV":"2","IPOUTS":"288","H":"86","ER":"47","HR":"8","BB":"51","SO":"66","BAOPP":"0.24","ERA":"4.41","IBB":"11","WP":"2","HBP":"4","BK":"0","BFP":"418","GF":"19","R":"49","SH":"-1","SF":"-1","GIDP":"-1"}},{"pitcher":{,"PLAYERID":"meyerru01","YEARID":"1956","STINT":"2","TEAMID":"CIN","LGID":"NL","W":"0","L":"0","G":"1","GS":"0","CG":"0","SHO":"0","SV":"0","IPOUTS":"3","H":"1","ER":"0","HR":"0","BB":"0","SO":"1","BAOPP":"0.25","ERA":"0.0","IBB":"0","WP":"0","HBP":"0","BK":"0","BFP":"4","GF":"1","R":"0","SH":"-1","SF":"-1","GIDP":"-1"}},{"pitcher":{,"PLAYERID":"meyerru01","YEARID":"1956","STINT":"1","TEAMID":"CHN","LGID":"NL","W":"1","L":"6","G":"20","GS":"9","CG":"0","SHO":"0","SV":"0","IPOUTS":"171","H":"71","ER":"40","HR":"11","BB":"26","SO":"28","BAOPP":"0.31","ERA":"6.32","IBB":"4","WP":"0","HBP":"2","BK":"0","BFP":"264","GF":"6","R":"41","SH":"-1","SF":"-1","GIDP":"-1"}},{"pitcher":{,"PLAYERID":"millebo02","YEARID":"1956","STINT":"1","TEAMID":"PHI","LGID":"NL","W":"3","L":"6","G":"49","GS":"6","CG":"3","SHO":"1","SV":"5","IPOUTS":"367","H":"115","ER":"44","HR":"14","BB":"34","SO":"53","BAOPP":"0.24","ERA":"3.24","IBB":"11","WP":"3","HBP":"3","BK":"1","BFP":"514","GF":"14","R":"55","SH":"-1","SF":"-1","GIDP":"-1"}},{"pitcher":{,"PLAYERID":"millebo03","YEARID":"1956","STINT":"1","TEAMID":"DET","LGID":"AL","W":"0","L":"2","G":"11","GS":"3","CG":"0","SHO":"0","SV":"0","IPOUTS":"95","H":"37","ER":"20","HR":"5","BB":"22","SO":"16","BAOPP":"0.3","ERA":"5.68","IBB":"2","WP":"1","HBP":"0","BK":"0","BFP":"146","GF":"1","R":"23","SH":"-1","SF":"-1","GIDP":"-1"}},{"pitcher":{,"PLAYERID":"millest01","YEARID":"1956","STINT":"2","TEAMID":"PHI","LGID":"NL","W":"5","L":"8","G":"24","GS":"15","CG":"2","SHO":"0","SV":"0","IPOUTS":"320","H":"109","ER":"53","HR":"16","BB":"51","SO":"55","BAOPP":"0.26","ERA":"4.47","IBB":"12","WP":"3","HBP":"4","BK":"0","BFP":"478","GF":"4","R":"65","SH":"-1","SF":"-1","GIDP":"-1"}},{"pitcher":{,"PLAYERID":"millest01","YEARID":"1956","STINT":"1","TEAMID":"SLN","LGID":"NL","W":"0","L":"1","G":"3","GS":"0","CG":"0","SHO":"0","SV":"1","IPOUTS":"22","H":"12","ER":"4","HR":"3","BB":"5","SO":"5","BAOPP":"0.38","ERA":"4.91","IBB":"0","WP":"0","HBP":"0","BK":"0","BFP":"37","GF":"2","R":"6","SH":"-1","SF":"-1","GIDP":"-1"}},{"pitcher":{,"PLAYERID":"minarru01","YEARID":"1956","STINT":"1","TEAMID":"BOS","LGID":"AL","W":"1","L":"0","G":"3","GS":"1","CG":"0","SHO":"0","SV":"0","IPOUTS":"29","H":"9","ER":"3","HR":"2","BB":"8","SO":"5","BAOPP":"0.25","ERA":"2.79","IBB":"0","WP":"0","HBP":"1","BK":"0","BFP":"45","GF":"2","R":"4","SH":"-1","SF":"-1","GIDP":"-1"}},{"pitcher":{,"PLAYERID":"minnepa01","YEARID":"1956","STINT":"1","TEAMID":"CHN","LGID":"NL","W":"2","L":"5","G":"10","GS":"9","CG":"1","SHO":"0","SV":"0","IPOUTS":"141","H":"60","ER":"36","HR":"9","BB":"19","SO":"14","BAOPP":"0.32","ERA":"6.89","IBB":"2","WP":"1","HBP":"2","BK":"0","BFP":"213","GF":"0","R":"38","SH":"-1","SF":"-1","GIDP":"-1"}},{"pitcher":{,"PLAYERID":"mizelvi01","YEARID":"1956","STINT":"1","TEAMID":"SLN","LGID":"NL","W":"14","L":"14","G":"33","GS":"33","CG":"11","SHO":"3","SV":"0","IPOUTS":"626","H":"172","ER":"84","HR":"20","BB":"92","SO":"153","BAOPP":"0.22","ERA":"3.62","IBB":"5","WP":"4","HBP":"7","BK":"0","BFP":"881","GF":"0","R":"93","SH":"-1","SF":"-1","GIDP":"-1"}},{"pitcher":{,"PLAYERID":"moellro01","YEARID":"1956","STINT":"1","TEAMID":"BAL","LGID":"AL","W":"0","L":"1","G":"4","GS":"1","CG":"0","SHO":"0","SV":"0","IPOUTS":"26","H":"10","ER":"4","HR":"0","BB":"3","SO":"2","BAOPP":"0.28","ERA":"4.15","IBB":"0","WP":"1","HBP":"0","BK":"0","BFP":"39","GF":"3","R":"5","SH":"-1","SF":"-1","GIDP":"-1"}},{"pitcher":{,"PLAYERID":"monzara01","YEARID":"1956","STINT":"1","TEAMID":"NY1","LGID":"NL","W":"1","L":"0","G":"4","GS":"1","CG":"1","SHO":"0","SV":"0","IPOUTS":"39","H":"8","ER":"6","HR":"4","BB":"7","SO":"11","BAOPP":"0.17","ERA":"4.15","IBB":"0","WP":"0","HBP":"0","BK":"0","BFP":"54","GF":"0","R":"7","SH":"-1","SF":"-1","GIDP":"-1"}},{"pitcher":{,"PLAYERID":"moorera02","YEARID":"1956","STINT":"1","TEAMID":"BAL","LGID":"AL","W":"12","L":"7","G":"32","GS":"27","CG":"9","SHO":"1","SV":"0","IPOUTS":"555","H":"161","ER":"86","HR":"12","BB":"99","SO":"105","BAOPP":"0.23","ERA":"4.18","IBB":"1","WP":"2","HBP":"1","BK":"0","BFP":"792","GF":"2","R":"90","SH":"-1","SF":"-1","GIDP":"-1"}},{"pitcher":{,"PLAYERID":"morgato01","YEARID":"1956","STINT":"1","TEAMID":"NYA","LGID":"AL","W":"6","L":"7","G":"41","GS":"0","CG":"0","SHO":"0","SV":"11","IPOUTS":"214","H":"74","ER":"33","HR":"2","BB":"27","SO":"20","BAOPP":"0.28","ERA":"4.16","IBB":"4","WP":"0","HBP":"3","BK":"0","BFP":"304","GF":"23","R":"41","SH":"-1","SF":"-1","GIDP":"-1"}},{"pitcher":{,"PLAYERID":"mossido01","YEARID":"1956","STINT":"1","TEAMID":"CLE","LGID":"AL","W":"6","L":"5","G":"48","GS":"3","CG":"0","SHO":"0","SV":"11","IPOUTS":"263","H":"79","ER":"35","HR":"6","BB":"33","SO":"59","BAOPP":"0.24","ERA":"3.59","IBB":"5","WP":"1","HBP":"1","BK":"0","BFP":"372","GF":"24","R":"38","SH":"-1","SF":"-1","GIDP":"-1"}},{"pitcher":{,"PLAYERID":"mungere01","YEARID":"1956","STINT":"1","TEAMID":"PIT","LGID":"NL","W":"3","L":"4","G":"35","GS":"13","CG":"0","SHO":"0","SV":"2","IPOUTS":"321","H":"126","ER":"48","HR":"8","BB":"41","SO":"45","BAOPP":"0.29","ERA":"4.04","IBB":"6","WP":"3","HBP":"0","BK":"0","BFP":"475","GF":"6","R":"56","SH":"-1","SF":"-1","GIDP":"-1"}},{"pitcher":{,"PLAYERID":"murffre01","YEARID":"1956","STINT":"1","TEAMID":"ML1","LGID":"NL","W":"0","L":"0","G":"14","GS":"1","CG":"0","SHO":"0","SV":"1","IPOUTS":"73","H":"25","ER":"12","HR":"3","BB":"7","SO":"18","BAOPP":"0.27","ERA":"4.44","IBB":"0","WP":"0","HBP":"0","BK":"0","BFP":"103","GF":"4","R":"14","SH":"-1","SF":"-1","GIDP":"-1"}},{"pitcher":{,"PLAYERID":"naranch01","YEARID":"1956","STINT":"1","TEAMID":"PIT","LGID":"NL","W":"1","L":"2","G":"17","GS":"3","CG":"0","SHO":"0","SV":"0","IPOUTS":"103","H":"37","ER":"17","HR":"7","BB":"17","SO":"26","BAOPP":"0.28","ERA":"4.46","IBB":"1","WP":"1","HBP":"1","BK":"0","BFP":"155","GF":"7","R":"22","SH":"-1","SF":"-1","GIDP":"-1"}},{"pitcher":{,"PLAYERID":"narlera01","YEARID":"1956","STINT":"1","TEAMID":"CLE","LGID":"AL","W":"3","L":"2","G":"32","GS":"0","CG":"0","SHO":"0","SV":"4","IPOUTS":"178","H":"36","ER":"10","HR":"5","BB":"19","SO":"42","BAOPP":"0.17","ERA":"1.52","IBB":"0","WP":"0","HBP":"1","BK":"0","BFP":"234","GF":"21","R":"11","SH":"-1","SF":"-1","GIDP":"-1"}},{"pitcher":{,"PLAYERID":"negraro01","YEARID":"1956","STINT":"1","TEAMID":"PHI","LGID":"NL","W":"2","L":"3","G":"39","GS":"4","CG":"0","SHO":"0","SV":"3","IPOUTS":"200","H":"72","ER":"31","HR":"6","BB":"24","SO":"44","BAOPP":"0.28","ERA":"4.19","IBB":"9","WP":"1","HBP":"1","BK":"1","BFP":"290","GF":"15","R":"36","SH":"-1","SF":"-1","GIDP":"-1"}},{"pitcher":{,"PLAYERID":"newcodo01","YEARID":"1956","STINT":"1","TEAMID":"BRO","LGID":"NL","W":"27","L":"7","G":"38","GS":"36","CG":"18","SHO":"5","SV":"0","IPOUTS":"804","H":"219","ER":"91","HR":"33","BB":"46","SO":"139","BAOPP":"0.22","ERA":"3.06","IBB":"8","WP":"4","HBP":"3","BK":"0","BFP":"1052","GF":"2","R":"101","SH":"-1","SF":"-1","GIDP":"-1"}},{"pitcher":{,"PLAYERID":"nichoch02","YEARID":"1956","STINT":"1","TEAMID":"ML1","LGID":"NL","W":"0","L":"1","G":"2","GS":"0","CG":"0","SHO":"0","SV":"0","IPOUTS":"12","H":"9","ER":"3","HR":"1","BB":"3","SO":"2","BAOPP":"0.56","ERA":"6.75","IBB":"1","WP":"0","HBP":"0","BK":"0","BFP":"20","GF":"0","R":"3","SH":"-1","SF":"-1","GIDP":"-1"}},{"pitcher":{,"PLAYERID":"nixonwi01","YEARID":"1956","STINT":"1","TEAMID":"BOS","LGID":"AL","W":"9","L":"8","G":"23","GS":"22","CG":"9","SHO":"1","SV":"0","IPOUTS":"436","H":"142","ER":"68","HR":"9","BB":"57","SO":"74","BAOPP":"0.25","ERA":"4.21","IBB":"2","WP":"6","HBP":"8","BK":"0","BFP":"631","GF":"0","R":"79","SH":"-1","SF":"-1","GIDP":"-1"}},{"pitcher":{,"PLAYERID":"nuxhajo01","YEARID":"1956","STINT":"1","TEAMID":"CIN","LGID":"NL","W":"13","L":"11","G":"44","GS":"32","CG":"10","SHO":"2","SV":"3","IPOUTS":"602","H":"196","ER":"83","HR":"18","BB":"87","SO":"120","BAOPP":"0.25","ERA":"3.72","IBB":"6","WP":"3","HBP":"6","BK":"0","BFP":"865","GF":"6","R":"96","SH":"-1","SF":"-1","GIDP":"-1"}},{"pitcher":{,"PLAYERID":"obrieed01","YEARID":"1956","STINT":"1","TEAMID":"PIT","LGID":"NL","W":"0","L":"0","G":"1","GS":"0","CG":"0","SHO":"0","SV":"0","IPOUTS":"6","H":"1","ER":"0","HR":"0","BB":"0","SO":"0","BAOPP":"0.16","ERA":"0.0","IBB":"0","WP":"0","HBP":"1","BK":"0","BFP":"7","GF":"1","R":"0","SH":"-1","SF":"-1","GIDP":"-1"}},{"pitcher":{,"PLAYERID":"obriejo03","YEARID":"1956","STINT":"1","TEAMID":"PIT","LGID":"NL","W":"1","L":"0","G":"8","GS":"0","CG":"0","SHO":"0","SV":"0","IPOUTS":"57","H":"8","ER":"6","HR":"2","BB":"9","SO":"9","BAOPP":"0.13","ERA":"2.84","IBB":"0","WP":"1","HBP":"2","BK":"0","BFP":"73","GF":"4","R":"6","SH":"-1","SF":"-1","GIDP":"-1"}},{"pitcher":{,"PLAYERID":"odellbi01","YEARID":"1956","STINT":"1","TEAMID":"BAL","LGID":"AL","W":"0","L":"0","G":"4","GS":"1","CG":"0","SHO":"0","SV":"0","IPOUTS":"24","H":"6","ER":"1","HR":"0","BB":"6","SO":"6","BAOPP":"0.22","ERA":"1.13","IBB":"1","WP":"0","HBP":"0","BK":"0","BFP":"34","GF":"2","R":"1","SH":"-1","SF":"-1","GIDP":"-1"}},{"pitcher":{,"PLAYERID":"owensji01","YEARID":"1956","STINT":"1","TEAMID":"PHI","LGID":"NL","W":"0","L":"4","G":"10","GS":"5","CG":"0","SHO":"0","SV":"0","IPOUTS":"89","H":"35","ER":"24","HR":"3","BB":"22","SO":"22","BAOPP":"0.31","ERA":"7.28","IBB":"1","WP":"0","HBP":"2","BK":"0","BFP":"141","GF":"1","R":"26","SH":"-1","SF":"-1","GIDP":"-1"}},{"pitcher":{,"PLAYERID":"paineph01","YEARID":"1956","STINT":"1","TEAMID":"ML1","LGID":"NL","W":"0","L":"0","G":"1","GS":"0","CG":"0","SHO":"0","SV":"0","IPOUTS":"0","H":"3","ER":"0","HR":"0","BB":"0","SO":"0","BAOPP":"1.0","ERA":"-1.0","IBB":"0","WP":"0","HBP":"0","BK":"0","BFP":"3","GF":"0","R":"2","SH":"-1","SF":"-1","GIDP":"-1"}},{"pitcher":{,"PLAYERID":"palicer01","YEARID":"1956","STINT":"1","TEAMID":"BAL","LGID":"AL","W":"4","L":"11","G":"29","GS":"14","CG":"2","SHO":"0","SV":"0","IPOUTS":"349","H":"117","ER":"58","HR":"10","BB":"50","SO":"62","BAOPP":"0.26","ERA":"4.49","IBB":"3","WP":"4","HBP":"1","BK":"0","BFP":"512","GF":"5","R":"64","SH":"-1","SF":"-1","GIDP":"-1"}},{"pitcher":{,"PLAYERID":"parneme01","YEARID":"1956","STINT":"1","TEAMID":"BOS","LGID":"AL","W":"7","L":"6","G":"21","GS":"20","CG":"6","SHO":"1","SV":"0","IPOUTS":"394","H":"129","ER":"55","HR":"13","BB":"59","SO":"41","BAOPP":"0.25","ERA":"3.77","IBB":"2","WP":"2","HBP":"0","BK":"0","BFP":"567","GF":"0","R":"71","SH":"-1","SF":"-1","GIDP":"-1"}},{"pitcher":{,"PLAYERID":"pascuca02","YEARID":"1956","STINT":"1","TEAMID":"WS1","LGID":"AL","W":"6","L":"18","G":"39","GS":"27","CG":"6","SHO":"0","SV":"2","IPOUTS":"566","H":"194","ER":"123","HR":"33","BB":"89","SO":"162","BAOPP":"0.26","ERA":"5.87","IBB":"4","WP":"7","HBP":"6","BK":"0","BFP":"848","GF":"9","R":"131","SH":"-1","SF":"-1","GIDP":"-1"}},{"pitcher":{,"PLAYERID":"peppela01","YEARID":"1956","STINT":"1","TEAMID":"PIT","LGID":"NL","W":"1","L":"1","G":"11","GS":"7","CG":"0","SHO":"0","SV":"0","IPOUTS":"90","H":"30","ER":"10","HR":"1","BB":"25","SO":"12","BAOPP":"0.25","ERA":"3.0","IBB":"1","WP":"0","HBP":"0","BK":"0","BFP":"143","GF":"2","R":"17","SH":"-1","SF":"-1","GIDP":"-1"}},{"pitcher":{,"PLAYERID":"phillta01","YEARID":"1956","STINT":"1","TEAMID":"ML1","LGID":"NL","W":"5","L":"3","G":"23","GS":"6","CG":"3","SHO":"0","SV":"2","IPOUTS":"263","H":"69","ER":"22","HR":"6","BB":"33","SO":"36","BAOPP":"0.22","ERA":"2.26","IBB":"8","WP":"0","HBP":"7","BK":"0","BFP":"357","GF":"6","R":"25","SH":"-1","SF":"-1","GIDP":"-1"}},{"pitcher":{,"PLAYERID":"piercbi02","YEARID":"1956","STINT":"1","TEAMID":"CHA","LGID":"AL","W":"20","L":"9","G":"35","GS":"33","CG":"21","SHO":"1","SV":"1","IPOUTS":"829","H":"261","ER":"102","HR":"24","BB":"100","SO":"192","BAOPP":"0.24","ERA":"3.32","IBB":"7","WP":"6","HBP":"3","BK":"1","BFP":"1166","GF":"2","R":"108","SH":"-1","SF":"-1","GIDP":"-1"}},{"pitcher":{,"PLAYERID":"piktuge01","YEARID":"1956","STINT":"1","TEAMID":"CHN","LGID":"NL","W":"0","L":"0","G":"2","GS":"0","CG":"0","SHO":"0","SV":"0","IPOUTS":"15","H":"6","ER":"4","HR":"1","BB":"2","SO":"3","BAOPP":"0.33","ERA":"7.2","IBB":"0","WP":"0","HBP":"0","BK":"0","BFP":"21","GF":"1","R":"4","SH":"-1","SF":"-1","GIDP":"-1"}},{"pitcher":{,"PLAYERID":"pilledu01","YEARID":"1956","STINT":"1","TEAMID":"PHI","LGID":"NL","W":"0","L":"0","G":"20","GS":"0","CG":"0","SHO":"0","SV":"0","IPOUTS":"70","H":"32","ER":"17","HR":"2","BB":"12","SO":"10","BAOPP":"0.33","ERA":"6.56","IBB":"4","WP":"0","HBP":"0","BK":"0","BFP":"114","GF":"6","R":"21","SH":"-1","SF":"-1","GIDP":"-1"}},{"pitcher":{,"PLAYERID":"poholto01","YEARID":"1956","STINT":"1","TEAMID":"SLN","LGID":"NL","W":"9","L":"14","G":"33","GS":"29","CG":"7","SHO":"2","SV":"0","IPOUTS":"609","H":"210","ER":"81","HR":"27","BB":"44","SO":"95","BAOPP":"0.26","ERA":"3.59","IBB":"7","WP":"6","HBP":"5","BK":"0","BFP":"847","GF":"1","R":"100","SH":"-1","SF":"-1","GIDP":"-1"}},{"pitcher":{,"PLAYERID":"polleho01","YEARID":"1956","STINT":"2","TEAMID":"PIT","LGID":"NL","W":"0","L":"4","G":"19","GS":"0","CG":"0","SHO":"0","SV":"3","IPOUTS":"70","H":"18","ER":"8","HR":"3","BB":"8","SO":"10","BAOPP":"0.21","ERA":"3.09","IBB":"1","WP":"1","HBP":"0","BK":"0","BFP":"96","GF":"8","R":"10","SH":"-1","SF":"-1","GIDP":"-1"}},{"pitcher":{,"PLAYERID":"polleho01","YEARID":"1956","STINT":"1","TEAMID":"CHA","LGID":"AL","W":"3","L":"1","G":"11","GS":"4","CG":"0","SHO":"0","SV":"0","IPOUTS":"79","H":"27","ER":"12","HR":"2","BB":"11","SO":"14","BAOPP":"0.25","ERA":"4.1","IBB":"0","WP":"1","HBP":"0","BK":"0","BFP":"119","GF":"1","R":"15","SH":"-1","SF":"-1","GIDP":"-1"}},{"pitcher":{,"PLAYERID":"portebo01","YEARID":"1956","STINT":"1","TEAMID":"BOS","LGID":"AL","W":"3","L":"12","G":"25","GS":"18","CG":"4","SHO":"1","SV":"0","IPOUTS":"378","H":"127","ER":"72","HR":"21","BB":"64","SO":"53","BAOPP":"0.26","ERA":"5.14","IBB":"4","WP":"2","HBP":"1","BK":"0","BFP":"557","GF":"3","R":"82","SH":"-1","SF":"-1","GIDP":"-1"}},{"pitcher":{,"PLAYERID":"portoar01","YEARID":"1956","STINT":"1","TEAMID":"KC1","LGID":"AL","W":"0","L":"1","G":"3","GS":"1","CG":"0","SHO":"0","SV":"0","IPOUTS":"24","H":"9","ER":"9","HR":"2","BB":"7","SO":"2","BAOPP":"0.3","ERA":"10.13","IBB":"0","WP":"0","HBP":"0","BK":"0","BFP":"38","GF":"1","R":"9","SH":"-1","SF":"-1","GIDP":"-1"}},{"pitcher":{,"PLAYERID":"purkebo01","YEARID":"1956","STINT":"1","TEAMID":"PIT","LGID":"NL","W":"0","L":"0","G":"2","GS":"0","CG":"0","SHO":"0","SV":"0","IPOUTS":"12","H":"2","ER":"1","HR":"1","BB":"0","SO":"1","BAOPP":"0.14","ERA":"2.25","IBB":"0","WP":"0","HBP":"0","BK":"0","BFP":"14","GF":"1","R":"1","SH":"-1","SF":"-1","GIDP":"-1"}},{"pitcher":{,"PLAYERID":"ramospe01","YEARID":"1956","STINT":"1","TEAMID":"WS1","LGID":"AL","W":"12","L":"10","G":"37","GS":"18","CG":"4","SHO":"0","SV":"0","IPOUTS":"456","H":"178","ER":"89","HR":"23","BB":"76","SO":"54","BAOPP":"0.29","ERA":"5.27","IBB":"0","WP":"2","HBP":"3","BK":"2","BFP":"691","GF":"10","R":"95","SH":"-1","SF":"-1","GIDP":"-1"}},{"pitcher":{,"PLAYERID":"ridzist01","YEARID":"1956","STINT":"1","TEAMID":"NY1","LGID":"NL","W":"6","L":"2","G":"41","GS":"5","CG":"1","SHO":"1","SV":"0","IPOUTS":"277","H":"80","ER":"39","HR":"7","BB":"65","SO":"53","BAOPP":"0.24","ERA":"3.8","IBB":"5","WP":"0","HBP":"5","BK":"0","BFP":"414","GF":"12","R":"42","SH":"-1","SF":"-1","GIDP":"-1"}},{"pitcher":{,"PLAYERID":"roberro01","YEARID":"1956","STINT":"1","TEAMID":"PHI","LGID":"NL","W":"19","L":"18","G":"43","GS":"37","CG":"22","SHO":"1","SV":"3","IPOUTS":"892","H":"328","ER":"147","HR":"46","BB":"40","SO":"157","BAOPP":"0.28","ERA":"4.45","IBB":"3","WP":"2","HBP":"2","BK":"0","BFP":"1228","GF":"6","R":"155","SH":"-1","SF":"-1","GIDP":"-1"}},{"pitcher":{,"PLAYERID":"robinhu01","YEARID":"1956","STINT":"1","TEAMID":"ML1","LGID":"NL","W":"0","L":"0","G":"1","GS":"0","CG":"0","SHO":"0","SV":"0","IPOUTS":"6","H":"1","ER":"0","HR":"0","BB":"2","SO":"0","BAOPP":"0.16","ERA":"0.0","IBB":"0","WP":"0","HBP":"0","BK":"0","BFP":"9","GF":"0","R":"0","SH":"-1","SF":"-1","GIDP":"-1"}},{"pitcher":{,"PLAYERID":"roebued01","YEARID":"1956","STINT":"1","TEAMID":"BRO","LGID":"NL","W":"5","L":"4","G":"43","GS":"0","CG":"0","SHO":"0","SV":"1","IPOUTS":"268","H":"83","ER":"39","HR":"15","BB":"29","SO":"60","BAOPP":"0.25","ERA":"3.93","IBB":"2","WP":"10","HBP":"2","BK":"0","BFP":"371","GF":"16","R":"49","SH":"-1","SF":"-1","GIDP":"-1"}},{"pitcher":{,"PLAYERID":"rogovsa01","YEARID":"1956","STINT":"1","TEAMID":"PHI","LGID":"NL","W":"7","L":"6","G":"22","GS":"18","CG":"3","SHO":"0","SV":"0","IPOUTS":"320","H":"122","ER":"59","HR":"22","BB":"27","SO":"48","BAOPP":"0.28","ERA":"4.98","IBB":"3","WP":"2","HBP":"0","BK":"0","BFP":"464","GF":"1","R":"65","SH":"-1","SF":"-1","GIDP":"-1"}},{"pitcher":{,"PLAYERID":"rossbo01","YEARID":"1956","STINT":"1","TEAMID":"PHI","LGID":"NL","W":"0","L":"0","G":"3","GS":"0","CG":"0","SHO":"0","SV":"0","IPOUTS":"10","H":"4","ER":"3","HR":"1","BB":"2","SO":"4","BAOPP":"0.33","ERA":"8.1","IBB":"0","WP":"1","HBP":"0","BK":"0","BFP":"16","GF":"1","R":"3","SH":"-1","SF":"-1","GIDP":"-1"}},{"pitcher":{,"PLAYERID":"rushbo01","YEARID":"1956","STINT":"1","TEAMID":"CHN","LGID":"NL","W":"13","L":"10","G":"32","GS":"32","CG":"13","SHO":"1","SV":"0","IPOUTS":"719","H":"210","ER":"85","HR":"30","BB":"59","SO":"104","BAOPP":"0.23","ERA":"3.19","IBB":"8","WP":"6","HBP":"2","BK":"0","BFP":"977","GF":"0","R":"101","SH":"-1","SF":"-1","GIDP":"-1"}},{"pitcher":{,"PLAYERID":"sanfoja02","YEARID":"1956","STINT":"1","TEAMID":"PHI","LGID":"NL","W":"1","L":"0","G":"3","GS":"1","CG":"0","SHO":"0","SV":"0","IPOUTS":"39","H":"7","ER":"2","HR":"0","BB":"13","SO":"6","BAOPP":"0.18","ERA":"1.38","IBB":"0","WP":"0","HBP":"1","BK":"0","BFP":"54","GF":"1","R":"2","SH":"-1","SF":"-1","GIDP":"-1"}},{"pitcher":{,"PLAYERID":"santijo01","YEARID":"1956","STINT":"1","TEAMID":"KC1","LGID":"AL","W":"1","L":"2","G":"9","GS":"5","CG":"0","SHO":"0","SV":"0","IPOUTS":"65","H":"36","ER":"20","HR":"8","BB":"17","SO":"9","BAOPP":"0.38","ERA":"8.31","IBB":"0","WP":"1","HBP":"5","BK":"0","BFP":"117","GF":"1","R":"26","SH":"-1","SF":"-1","GIDP":"-1"}},{"pitcher":{,"PLAYERID":"scantpa01","YEARID":"1956","STINT":"1","TEAMID":"CIN","LGID":"NL","W":"0","L":"1","G":"6","GS":"2","CG":"0","SHO":"0","SV":"0","IPOUTS":"57","H":"24","ER":"14","HR":"5","BB":"5","SO":"10","BAOPP":"0.29","ERA":"6.63","IBB":"0","WP":"2","HBP":"0","BK":"0","BFP":"87","GF":"0","R":"14","SH":"-1","SF":"-1","GIDP":"-1"}},{"pitcher":{,"PLAYERID":"schmijo01","YEARID":"1956","STINT":"1","TEAMID":"BOS","LGID":"AL","W":"0","L":"0","G":"2","GS":"0","CG":"0","SHO":"0","SV":"0","IPOUTS":"13","H":"5","ER":"0","HR":"0","BB":"4","SO":"0","BAOPP":"0.27","ERA":"0.0","IBB":"0","WP":"0","HBP":"0","BK":"1","BFP":"22","GF":"1","R":"2","SH":"-1","SF":"-1","GIDP":"-1"}},{"pitcher":{,"PLAYERID":"schmijo01","YEARID":"1956","STINT":"2","TEAMID":"BAL","LGID":"AL","W":"0","L":"3","G":"18","GS":"3","CG":"0","SHO":"0","SV":"0","IPOUTS":"115","H":"49","ER":"17","HR":"3","BB":"14","SO":"15","BAOPP":"0.31","ERA":"3.99","IBB":"1","WP":"0","HBP":"1","BK":"0","BFP":"175","GF":"8","R":"23","SH":"-1","SF":"-1","GIDP":"-1"}},{"pitcher":{,"PLAYERID":"schmiwi01","YEARID":"1956","STINT":"1","TEAMID":"SLN","LGID":"NL","W":"6","L":"8","G":"33","GS":"21","CG":"2","SHO":"0","SV":"1","IPOUTS":"443","H":"131","ER":"63","HR":"18","BB":"78","SO":"52","BAOPP":"0.24","ERA":"3.84","IBB":"7","WP":"6","HBP":"1","BK":"0","BFP":"629","GF":"6","R":"69","SH":"-1","SF":"-1","GIDP":"-1"}},{"pitcher":{,"PLAYERID":"scorehe01","YEARID":"1956","STINT":"1","TEAMID":"CLE","LGID":"AL","W":"20","L":"9","G":"35","GS":"33","CG":"16","SHO":"5","SV":"0","IPOUTS":"748","H":"162","ER":"70","HR":"18","BB":"129","SO":"263","BAOPP":"0.18","ERA":"2.53","IBB":"2","WP":"11","HBP":"2","BK":"0","BFP":"1022","GF":"1","R":"82","SH":"-1","SF":"-1","GIDP":"-1"}},{"pitcher":{,"PLAYERID":"shantbo01","YEARID":"1956","STINT":"1","TEAMID":"KC1","LGID":"AL","W":"2","L":"7","G":"45","GS":"2","CG":"1","SHO":"0","SV":"9","IPOUTS":"304","H":"95","ER":"49","HR":"12","BB":"37","SO":"67","BAOPP":"0.24","ERA":"4.35","IBB":"4","WP":"1","HBP":"3","BK":"0","BFP":"425","GF":"26","R":"51","SH":"-1","SF":"-1","GIDP":"-1"}},{"pitcher":{,"PLAYERID":"simmocu01","YEARID":"1956","STINT":"1","TEAMID":"PHI","LGID":"NL","W":"15","L":"10","G":"33","GS":"27","CG":"14","SHO":"0","SV":"0","IPOUTS":"594","H":"186","ER":"74","HR":"17","BB":"65","SO":"88","BAOPP":"0.24","ERA":"3.36","IBB":"7","WP":"1","HBP":"3","BK":"0","BFP":"834","GF":"3","R":"95","SH":"-1","SF":"-1","GIDP":"-1"}},{"pitcher":{,"PLAYERID":"sisleda01","YEARID":"1956","STINT":"1","TEAMID":"BOS","LGID":"AL","W":"9","L":"8","G":"39","GS":"14","CG":"3","SHO":"0","SV":"3","IPOUTS":"427","H":"120","ER":"73","HR":"13","BB":"72","SO":"93","BAOPP":"0.22","ERA":"4.62","IBB":"2","WP":"1","HBP":"7","BK":"0","BFP":"619","GF":"15","R":"81","SH":"-1","SF":"-1","GIDP":"-1"}},{"pitcher":{,"PLAYERID":"sleatlo01","YEARID":"1956","STINT":"1","TEAMID":"ML1","LGID":"NL","W":"2","L":"2","G":"25","GS":"1","CG":"0","SHO":"0","SV":"2","IPOUTS":"137","H":"42","ER":"16","HR":"6","BB":"27","SO":"32","BAOPP":"0.24","ERA":"3.15","IBB":"9","WP":"0","HBP":"0","BK":"0","BFP":"209","GF":"11","R":"22","SH":"-1","SF":"-1","GIDP":"-1"}},{"pitcher":{,"PLAYERID":"smithfr06","YEARID":"1956","STINT":"1","TEAMID":"CIN","LGID":"NL","W":"0","L":"0","G":"2","GS":"0","CG":"0","SHO":"0","SV":"0","IPOUTS":"9","H":"3","ER":"4","HR":"2","BB":"2","SO":"1","BAOPP":"0.3","ERA":"12.0","IBB":"0","WP":"0","HBP":"0","BK":"0","BFP":"13","GF":"0","R":"4","SH":"-1","SF":"-1","GIDP":"-1"}},{"pitcher":{,"PLAYERID":"spahnwa01","YEARID":"1956","STINT":"1","TEAMID":"ML1","LGID":"NL","W":"20","L":"11","G":"39","GS":"35","CG":"20","SHO":"3","SV":"3","IPOUTS":"844","H":"249","ER":"87","HR":"25","BB":"52","SO":"128","BAOPP":"0.23","ERA":"2.78","IBB":"12","WP":"7","HBP":"3","BK":"0","BFP":"1113","GF":"3","R":"92","SH":"-1","SF":"-1","GIDP":"-1"}},{"pitcher":{,"PLAYERID":"spicebo01","YEARID":"1956","STINT":"1","TEAMID":"KC1","LGID":"AL","W":"0","L":"0","G":"2","GS":"0","CG":"0","SHO":"0","SV":"0","IPOUTS":"7","H":"6","ER":"5","HR":"1","BB":"1","SO":"0","BAOPP":"0.54","ERA":"19.29","IBB":"0","WP":"0","HBP":"1","BK":"0","BFP":"13","GF":"0","R":"5","SH":"-1","SF":"-1","GIDP":"-1"}},{"pitcher":{,"PLAYERID":"stalege01","YEARID":"1956","STINT":"2","TEAMID":"CHA","LGID":"AL","W":"8","L":"3","G":"26","GS":"10","CG":"5","SHO":"0","SV":"0","IPOUTS":"305","H":"98","ER":"33","HR":"11","BB":"20","SO":"25","BAOPP":"0.25","ERA":"2.92","IBB":"3","WP":"1","HBP":"6","BK":"0","BFP":"420","GF":"6","R":"37","SH":"-1","SF":"-1","GIDP":"-1"}},{"pitcher":{,"PLAYERID":"stalege01","YEARID":"1956","STINT":"1","TEAMID":"NYA","LGID":"AL","W":"0","L":"0","G":"1","GS":"0","CG":"0","SHO":"0","SV":"0","IPOUTS":"1","H":"4","ER":"4","HR":"0","BB":"0","SO":"1","BAOPP":"0.8","ERA":"108.0","IBB":"0","WP":"0","HBP":"0","BK":"0","BFP":"5","GF":"0","R":"4","SH":"-1","SF":"-1","GIDP":"-1"}},{"pitcher":{,"PLAYERID":"stewabu02","YEARID":"1956","STINT":"1","TEAMID":"WS1","LGID":"AL","W":"5","L":"7","G":"33","GS":"9","CG":"1","SHO":"0","SV":"2","IPOUTS":"315","H":"111","ER":"65","HR":"15","BB":"82","SO":"36","BAOPP":"0.27","ERA":"5.57","IBB":"4","WP":"2","HBP":"5","BK":"1","BFP":"501","GF":"9","R":"77","SH":"-1","SF":"-1","GIDP":"-1"}},{"pitcher":{,"PLAYERID":"stobbch01","YEARID":"1956","STINT":"1","TEAMID":"WS1","LGID":"AL","W":"15","L":"15","G":"37","GS":"33","CG":"15","SHO":"1","SV":"1","IPOUTS":"720","H":"264","ER":"96","HR":"29","BB":"54","SO":"97","BAOPP":"0.27","ERA":"3.6","IBB":"4","WP":"5","HBP":"1","BK":"0","BFP":"1026","GF":"2","R":"115","SH":"-1","SF":"-1","GIDP":"-1"}},{"pitcher":{,"PLAYERID":"stonede01","YEARID":"1956","STINT":"1","TEAMID":"WS1","LGID":"AL","W":"5","L":"7","G":"41","GS":"21","CG":"2","SHO":"0","SV":"3","IPOUTS":"396","H":"148","ER":"92","HR":"10","BB":"93","SO":"86","BAOPP":"0.28","ERA":"6.27","IBB":"0","WP":"5","HBP":"7","BK":"1","BFP":"636","GF":"10","R":"107","SH":"-1","SF":"-1","GIDP":"-1"}},{"pitcher":{,"PLAYERID":"sturdto01","YEARID":"1956","STINT":"1","TEAMID":"NYA","LGID":"AL","W":"16","L":"8","G":"32","GS":"17","CG":"6","SHO":"2","SV":"5","IPOUTS":"475","H":"134","ER":"58","HR":"15","BB":"52","SO":"110","BAOPP":"0.22","ERA":"3.3","IBB":"4","WP":"2","HBP":"4","BK":"0","BFP":"656","GF":"11","R":"63","SH":"-1","SF":"-1","GIDP":"-1"}},{"pitcher":{,"PLAYERID":"sullifr01","YEARID":"1956","STINT":"1","TEAMID":"BOS","LGID":"AL","W":"14","L":"7","G":"34","GS":"33","CG":"12","SHO":"1","SV":"0","IPOUTS":"726","H":"253","ER":"92","HR":"22","BB":"82","SO":"116","BAOPP":"0.26","ERA":"3.42","IBB":"6","WP":"4","HBP":"8","BK":"1","BFP":"1048","GF":"1","R":"112","SH":"-1","SF":"-1","GIDP":"-1"}},{"pitcher":{,"PLAYERID":"sundigo01","YEARID":"1956","STINT":"1","TEAMID":"BAL","LGID":"AL","W":"0","L":"0","G":"1","GS":"0","CG":"0","SHO":"0","SV":"0","IPOUTS":"0","H":"0","ER":"1","HR":"0","BB":"2","SO":"0","BAOPP":"0.0","ERA":"-1.0","IBB":"0","WP":"0","HBP":"0","BK":"0","BFP":"2","GF":"0","R":"1","SH":"-1","SF":"-1","GIDP":"-1"}},{"pitcher":{,"PLAYERID":"surkoma01","YEARID":"1956","STINT":"1","TEAMID":"PIT","LGID":"NL","W":"0","L":"0","G":"1","GS":"0","CG":"0","SHO":"0","SV":"0","IPOUTS":"6","H":"2","ER":"1","HR":"0","BB":"3","SO":"1","BAOPP":"0.33","ERA":"4.5","IBB":"0","WP":"0","HBP":"0","BK":"0","BFP":"11","GF":"0","R":"1","SH":"-1","SF":"-1","GIDP":"-1"}},{"pitcher":{,"PLAYERID":"surkoma01","YEARID":"1956","STINT":"3","TEAMID":"NY1","LGID":"NL","W":"2","L":"2","G":"8","GS":"4","CG":"1","SHO":"0","SV":"1","IPOUTS":"96","H":"24","ER":"17","HR":"5","BB":"9","SO":"18","BAOPP":"0.2","ERA":"4.78","IBB":"1","WP":"1","HBP":"0","BK":"0","BFP":"129","GF":"2","R":"17","SH":"-1","SF":"-1","GIDP":"-1"}},{"pitcher":{,"PLAYERID":"surkoma01","YEARID":"1956","STINT":"2","TEAMID":"SLN","LGID":"NL","W":"0","L":"0","G":"5","GS":"0","CG":"0","SHO":"0","SV":"0","IPOUTS":"17","H":"10","ER":"6","HR":"3","BB":"2","SO":"5","BAOPP":"0.41","ERA":"9.53","IBB":"0","WP":"0","HBP":"0","BK":"0","BFP":"27","GF":"2","R":"6","SH":"-1","SF":"-1","GIDP":"-1"}},{"pitcher":{,"PLAYERID":"suscege02","YEARID":"1956","STINT":"1","TEAMID":"BOS","LGID":"AL","W":"2","L":"4","G":"21","GS":"6","CG":"0","SHO":"0","SV":"0","IPOUTS":"209","H":"71","ER":"48","HR":"14","BB":"44","SO":"26","BAOPP":"0.26","ERA":"6.2","IBB":"1","WP":"0","HBP":"4","BK":"0","BFP":"324","GF":"7","R":"54","SH":"-1","SF":"-1","GIDP":"-1"}},{"pitcher":{,"PLAYERID":"swansre01","YEARID":"1956","STINT":"1","TEAMID":"PIT","LGID":"NL","W":"0","L":"0","G":"9","GS":"0","CG":"0","SHO":"0","SV":"0","IPOUTS":"35","H":"21","ER":"13","HR":"1","BB":"8","SO":"5","BAOPP":"0.43","ERA":"10.03","IBB":"1","WP":"1","HBP":"0","BK":"0","BFP":"63","GF":"1","R":"13","SH":"-1","SF":"-1","GIDP":"-1"}},{"pitcher":{,"PLAYERID":"templch01","YEARID":"1956","STINT":"1","TEAMID":"BRO","LGID":"NL","W":"0","L":"1","G":"6","GS":"2","CG":"0","SHO":"0","SV":"0","IPOUTS":"49","H":"20","ER":"12","HR":"2","BB":"10","SO":"8","BAOPP":"0.29","ERA":"6.61","IBB":"0","WP":"0","HBP":"0","BK":"0","BFP":"80","GF":"2","R":"13","SH":"-1","SF":"-1","GIDP":"-1"}},{"pitcher":{,"PLAYERID":"terryra01","YEARID":"1956","STINT":"1","TEAMID":"NYA","LGID":"AL","W":"1","L":"2","G":"3","GS":"3","CG":"0","SHO":"0","SV":"0","IPOUTS":"40","H":"17","ER":"14","HR":"2","BB":"11","SO":"8","BAOPP":"0.34","ERA":"9.45","IBB":"0","WP":"0","HBP":"0","BK":"0","BFP":"62","GF":"0","R":"15","SH":"-1","SF":"-1","GIDP":"-1"}},{"pitcher":{,"PLAYERID":"tremebi01","YEARID":"1956","STINT":"1","TEAMID":"CHN","LGID":"NL","W":"0","L":"0","G":"1","GS":"0","CG":"0","SHO":"0","SV":"0","IPOUTS":"3","H":"3","ER":"1","HR":"0","BB":"0","SO":"0","BAOPP":"0.6","ERA":"9.0","IBB":"0","WP":"0","HBP":"0","BK":"0","BFP":"5","GF":"0","R":"1","SH":"-1","SF":"-1","GIDP":"-1"}},{"pitcher":{,"PLAYERID":"trowbbo01","YEARID":"1956","STINT":"1","TEAMID":"ML1","LGID":"NL","W":"3","L":"2","G":"19","GS":"4","CG":"1","SHO":"0","SV":"0","IPOUTS":"152","H":"38","ER":"15","HR":"4","BB":"34","SO":"40","BAOPP":"0.21","ERA":"2.66","IBB":"2","WP":"3","HBP":"2","BK":"0","BFP":"220","GF":"8","R":"15","SH":"-1","SF":"-1","GIDP":"-1"}},{"pitcher":{,"PLAYERID":"truckvi01","YEARID":"1956","STINT":"1","TEAMID":"DET","LGID":"AL","W":"6","L":"5","G":"22","GS":"16","CG":"3","SHO":"1","SV":"1","IPOUTS":"360","H":"104","ER":"51","HR":"15","BB":"63","SO":"43","BAOPP":"0.23","ERA":"3.83","IBB":"5","WP":"3","HBP":"6","BK":"0","BFP":"515","GF":"3","R":"56","SH":"-1","SF":"-1","GIDP":"-1"}},{"pitcher":{,"PLAYERID":"turlebo01","YEARID":"1956","STINT":"1","TEAMID":"NYA","LGID":"AL","W":"8","L":"4","G":"27","GS":"21","CG":"5","SHO":"1","SV":"1","IPOUTS":"396","H":"138","ER":"74","HR":"13","BB":"103","SO":"91","BAOPP":"0.27","ERA":"5.05","IBB":"0","WP":"3","HBP":"4","BK":"1","BFP":"621","GF":"3","R":"76","SH":"-1","SF":"-1","GIDP":"-1"}},{"pitcher":{,"PLAYERID":"valenvi01","YEARID":"1956","STINT":"1","TEAMID":"CHN","LGID":"NL","W":"6","L":"4","G":"42","GS":"2","CG":"0","SHO":"0","SV":"1","IPOUTS":"286","H":"84","ER":"40","HR":"10","BB":"36","SO":"26","BAOPP":"0.24","ERA":"3.78","IBB":"7","WP":"4","HBP":"1","BK":"0","BFP":"397","GF":"18","R":"47","SH":"-1","SF":"-1","GIDP":"-1"}},{"pitcher":{,"PLAYERID":"waterfr02","YEARID":"1956","STINT":"1","TEAMID":"PIT","LGID":"NL","W":"2","L":"2","G":"23","GS":"5","CG":"1","SHO":"0","SV":"0","IPOUTS":"153","H":"48","ER":"16","HR":"3","BB":"30","SO":"14","BAOPP":"0.25","ERA":"2.82","IBB":"1","WP":"1","HBP":"1","BK":"0","BFP":"224","GF":"6","R":"18","SH":"-1","SF":"-1","GIDP":"-1"}},{"pitcher":{,"PLAYERID":"wehmehe01","YEARID":"1956","STINT":"2","TEAMID":"SLN","LGID":"NL","W":"12","L":"9","G":"34","GS":"19","CG":"7","SHO":"2","SV":"1","IPOUTS":"512","H":"150","ER":"70","HR":"16","BB":"71","SO":"68","BAOPP":"0.24","ERA":"3.69","IBB":"8","WP":"2","HBP":"1","BK":"0","BFP":"715","GF":"6","R":"80","SH":"-1","SF":"-1","GIDP":"-1"}},{"pitcher":{,"PLAYERID":"wehmehe01","YEARID":"1956","STINT":"1","TEAMID":"PHI","LGID":"NL","W":"0","L":"2","G":"3","GS":"3","CG":"0","SHO":"0","SV":"0","IPOUTS":"60","H":"18","ER":"9","HR":"2","BB":"11","SO":"8","BAOPP":"0.24","ERA":"4.05","IBB":"0","WP":"0","HBP":"0","BK":"0","BFP":"88","GF":"0","R":"9","SH":"-1","SF":"-1","GIDP":"-1"}},{"pitcher":{,"PLAYERID":"werlege01","YEARID":"1956","STINT":"1","TEAMID":"BAL","LGID":"AL","W":"0","L":"0","G":"1","GS":"0","CG":"0","SHO":"0","SV":"0","IPOUTS":"3","H":"1","ER":"1","HR":"0","BB":"2","SO":"0","BAOPP":"0.25","ERA":"9.0","IBB":"0","WP":"0","HBP":"0","BK":"0","BFP":"6","GF":"1","R":"1","SH":"-1","SF":"-1","GIDP":"-1"}},{"pitcher":{,"PLAYERID":"wieslbo01","YEARID":"1956","STINT":"1","TEAMID":"WS1","LGID":"AL","W":"3","L":"12","G":"37","GS":"21","CG":"3","SHO":"0","SV":"0","IPOUTS":"369","H":"141","ER":"88","HR":"11","BB":"112","SO":"49","BAOPP":"0.3","ERA":"6.44","IBB":"1","WP":"4","HBP":"3","BK":"1","BFP":"598","GF":"9","R":"98","SH":"-1","SF":"-1","GIDP":"-1"}},{"pitcher":{,"PLAYERID":"wightbi01","YEARID":"1956","STINT":"1","TEAMID":"BAL","LGID":"AL","W":"9","L":"12","G":"35","GS":"26","CG":"7","SHO":"1","SV":"0","IPOUTS":"524","H":"198","ER":"78","HR":"7","BB":"72","SO":"84","BAOPP":"0.28","ERA":"4.02","IBB":"3","WP":"5","HBP":"6","BK":"0","BFP":"778","GF":"2","R":"92","SH":"-1","SF":"-1","GIDP":"-1"}},{"pitcher":{,"PLAYERID":"wilheho01","YEARID":"1956","STINT":"1","TEAMID":"NY1","LGID":"NL","W":"4","L":"9","G":"64","GS":"0","CG":"0","SHO":"0","SV":"8","IPOUTS":"268","H":"97","ER":"38","HR":"7","BB":"43","SO":"71","BAOPP":"0.28","ERA":"3.83","IBB":"10","WP":"6","HBP":"2","BK":"0","BFP":"403","GF":"38","R":"45","SH":"-1","SF":"-1","GIDP":"-1"}},{"pitcher":{,"PLAYERID":"wilsoji02","YEARID":"1956","STINT":"2","TEAMID":"CHA","LGID":"AL","W":"9","L":"12","G":"28","GS":"21","CG":"6","SHO":"3","SV":"0","IPOUTS":"479","H":"149","ER":"72","HR":"15","BB":"70","SO":"82","BAOPP":"0.24","ERA":"4.06","IBB":"5","WP":"3","HBP":"2","BK":"2","BFP":"680","GF":"4","R":"82","SH":"-1","SF":"-1","GIDP":"-1"}},{"pitcher":{,"PLAYERID":"wilsoji02","YEARID":"1956","STINT":"1","TEAMID":"BAL","LGID":"AL","W":"4","L":"2","G":"7","GS":"7","CG":"1","SHO":"0","SV":"0","IPOUTS":"145","H":"49","ER":"27","HR":"5","BB":"16","SO":"31","BAOPP":"0.26","ERA":"5.03","IBB":"1","WP":"1","HBP":"2","BK":"0","BFP":"205","GF":"0","R":"27","SH":"-1","SF":"-1","GIDP":"-1"}},{"pitcher":{,"PLAYERID":"wojeype01","YEARID":"1956","STINT":"1","TEAMID":"DET","LGID":"AL","W":"0","L":"0","G":"2","GS":"0","CG":"0","SHO":"0","SV":"0","IPOUTS":"12","H":"2","ER":"1","HR":"0","BB":"1","SO":"1","BAOPP":"0.16","ERA":"2.25","IBB":"0","WP":"0","HBP":"0","BK":"0","BFP":"14","GF":"0","R":"1","SH":"-1","SF":"-1","GIDP":"-1"}},{"pitcher":{,"PLAYERID":"woodeha01","YEARID":"1956","STINT":"1","TEAMID":"DET","LGID":"AL","W":"0","L":"2","G":"2","GS":"2","CG":"0","SHO":"0","SV":"0","IPOUTS":"16","H":"12","ER":"8","HR":"1","BB":"3","SO":"1","BAOPP":"0.44","ERA":"13.5","IBB":"0","WP":"0","HBP":"0","BK":"0","BFP":"30","GF":"0","R":"8","SH":"-1","SF":"-1","GIDP":"-1"}},{"pitcher":{,"PLAYERID":"worthal01","YEARID":"1956","STINT":"1","TEAMID":"NY1","LGID":"NL","W":"7","L":"14","G":"28","GS":"24","CG":"4","SHO":"0","SV":"0","IPOUTS":"497","H":"158","ER":"73","HR":"20","BB":"74","SO":"95","BAOPP":"0.25","ERA":"3.97","IBB":"6","WP":"3","HBP":"4","BK":"0","BFP":"713","GF":"2","R":"82","SH":"-1","SF":"-1","GIDP":"-1"}},{"pitcher":{,"PLAYERID":"wrighro01","YEARID":"1956","STINT":"1","TEAMID":"NY1","LGID":"NL","W":"0","L":"1","G":"1","GS":"1","CG":"0","SHO":"0","SV":"0","IPOUTS":"8","H":"8","ER":"5","HR":"1","BB":"2","SO":"0","BAOPP":"0.53","ERA":"16.88","IBB":"0","WP":"0","HBP":"0","BK":"0","BFP":"17","GF":"0","R":"5","SH":"-1","SF":"-1","GIDP":"-1"}},{"pitcher":{,"PLAYERID":"wynnea01","YEARID":"1956","STINT":"1","TEAMID":"CLE","LGID":"AL","W":"20","L":"9","G":"38","GS":"35","CG":"18","SHO":"4","SV":"2","IPOUTS":"833","H":"233","ER":"84","HR":"19","BB":"91","SO":"158","BAOPP":"0.22","ERA":"2.72","IBB":"7","WP":"5","HBP":"5","BK":"0","BFP":"1144","GF":"2","R":"93","SH":"-1","SF":"-1","GIDP":"-1"}},{"pitcher":{,"PLAYERID":"zuverge01","YEARID":"1956","STINT":"1","TEAMID":"BAL","LGID":"AL","W":"7","L":"6","G":"62","GS":"0","CG":"0","SHO":"0","SV":"16","IPOUTS":"292","H":"112","ER":"45","HR":"6","BB":"34","SO":"33","BAOPP":"0.29","ERA":"4.16","IBB":"9","WP":"1","HBP":"3","BK":"1","BFP":"432","GF":"40","R":"52","SH":"-1","SF":"-1","GIDP":"-1"}}]